请输入汉诺塔的层数(1-16)
请输入起始柱(A-C)
请输入目标柱(A-C)
移动步骤为:
    1:  1# C-->B
    2:  2# C-->A
    3:  1# B-->A
    4:  3# C-->B
    5:  1# A-->C
    6:  2# A-->B
    7:  1# C-->B
    8:  4# C-->A
    9:  1# B-->A
   10:  2# B-->C
   11:  1# A-->C
   12:  3# B-->A
   13:  1# C-->B
   14:  2# C-->A
   15:  1# B-->A
   16:  5# C-->B
   17:  1# A-->C
   18:  2# A-->B
   19:  1# C-->B
   20:  3# A-->C
   21:  1# B-->A
   22:  2# B-->C
   23:  1# A-->C
   24:  4# A-->B
   25:  1# C-->B
   26:  2# C-->A
   27:  1# B-->A
   28:  3# C-->B
   29:  1# A-->C
   30:  2# A-->B
   31:  1# C-->B
   32:  6# C-->A
   33:  1# B-->A
   34:  2# B-->C
   35:  1# A-->C
   36:  3# B-->A
   37:  1# C-->B
   38:  2# C-->A
   39:  1# B-->A
   40:  4# B-->C
   41:  1# A-->C
   42:  2# A-->B
   43:  1# C-->B
   44:  3# A-->C
   45:  1# B-->A
   46:  2# B-->C
   47:  1# A-->C
   48:  5# B-->A
   49:  1# C-->B
   50:  2# C-->A
   51:  1# B-->A
   52:  3# C-->B
   53:  1# A-->C
   54:  2# A-->B
   55:  1# C-->B
   56:  4# C-->A
   57:  1# B-->A
   58:  2# B-->C
   59:  1# A-->C
   60:  3# B-->A
   61:  1# C-->B
   62:  2# C-->A
   63:  1# B-->A
   64:  7# C-->B
   65:  1# A-->C
   66:  2# A-->B
   67:  1# C-->B
   68:  3# A-->C
   69:  1# B-->A
   70:  2# B-->C
   71:  1# A-->C
   72:  4# A-->B
   73:  1# C-->B
   74:  2# C-->A
   75:  1# B-->A
   76:  3# C-->B
   77:  1# A-->C
   78:  2# A-->B
   79:  1# C-->B
   80:  5# A-->C
   81:  1# B-->A
   82:  2# B-->C
   83:  1# A-->C
   84:  3# B-->A
   85:  1# C-->B
   86:  2# C-->A
   87:  1# B-->A
   88:  4# B-->C
   89:  1# A-->C
   90:  2# A-->B
   91:  1# C-->B
   92:  3# A-->C
   93:  1# B-->A
   94:  2# B-->C
   95:  1# A-->C
   96:  6# A-->B
   97:  1# C-->B
   98:  2# C-->A
   99:  1# B-->A
  100:  3# C-->B
  101:  1# A-->C
  102:  2# A-->B
  103:  1# C-->B
  104:  4# C-->A
  105:  1# B-->A
  106:  2# B-->C
  107:  1# A-->C
  108:  3# B-->A
  109:  1# C-->B
  110:  2# C-->A
  111:  1# B-->A
  112:  5# C-->B
  113:  1# A-->C
  114:  2# A-->B
  115:  1# C-->B
  116:  3# A-->C
  117:  1# B-->A
  118:  2# B-->C
  119:  1# A-->C
  120:  4# A-->B
  121:  1# C-->B
  122:  2# C-->A
  123:  1# B-->A
  124:  3# C-->B
  125:  1# A-->C
  126:  2# A-->B
  127:  1# C-->B
  128:  8# C-->A
  129:  1# B-->A
  130:  2# B-->C
  131:  1# A-->C
  132:  3# B-->A
  133:  1# C-->B
  134:  2# C-->A
  135:  1# B-->A
  136:  4# B-->C
  137:  1# A-->C
  138:  2# A-->B
  139:  1# C-->B
  140:  3# A-->C
  141:  1# B-->A
  142:  2# B-->C
  143:  1# A-->C
  144:  5# B-->A
  145:  1# C-->B
  146:  2# C-->A
  147:  1# B-->A
  148:  3# C-->B
  149:  1# A-->C
  150:  2# A-->B
  151:  1# C-->B
  152:  4# C-->A
  153:  1# B-->A
  154:  2# B-->C
  155:  1# A-->C
  156:  3# B-->A
  157:  1# C-->B
  158:  2# C-->A
  159:  1# B-->A
  160:  6# B-->C
  161:  1# A-->C
  162:  2# A-->B
  163:  1# C-->B
  164:  3# A-->C
  165:  1# B-->A
  166:  2# B-->C
  167:  1# A-->C
  168:  4# A-->B
  169:  1# C-->B
  170:  2# C-->A
  171:  1# B-->A
  172:  3# C-->B
  173:  1# A-->C
  174:  2# A-->B
  175:  1# C-->B
  176:  5# A-->C
  177:  1# B-->A
  178:  2# B-->C
  179:  1# A-->C
  180:  3# B-->A
  181:  1# C-->B
  182:  2# C-->A
  183:  1# B-->A
  184:  4# B-->C
  185:  1# A-->C
  186:  2# A-->B
  187:  1# C-->B
  188:  3# A-->C
  189:  1# B-->A
  190:  2# B-->C
  191:  1# A-->C
  192:  7# B-->A
  193:  1# C-->B
  194:  2# C-->A
  195:  1# B-->A
  196:  3# C-->B
  197:  1# A-->C
  198:  2# A-->B
  199:  1# C-->B
  200:  4# C-->A
  201:  1# B-->A
  202:  2# B-->C
  203:  1# A-->C
  204:  3# B-->A
  205:  1# C-->B
  206:  2# C-->A
  207:  1# B-->A
  208:  5# C-->B
  209:  1# A-->C
  210:  2# A-->B
  211:  1# C-->B
  212:  3# A-->C
  213:  1# B-->A
  214:  2# B-->C
  215:  1# A-->C
  216:  4# A-->B
  217:  1# C-->B
  218:  2# C-->A
  219:  1# B-->A
  220:  3# C-->B
  221:  1# A-->C
  222:  2# A-->B
  223:  1# C-->B
  224:  6# C-->A
  225:  1# B-->A
  226:  2# B-->C
  227:  1# A-->C
  228:  3# B-->A
  229:  1# C-->B
  230:  2# C-->A
  231:  1# B-->A
  232:  4# B-->C
  233:  1# A-->C
  234:  2# A-->B
  235:  1# C-->B
  236:  3# A-->C
  237:  1# B-->A
  238:  2# B-->C
  239:  1# A-->C
  240:  5# B-->A
  241:  1# C-->B
  242:  2# C-->A
  243:  1# B-->A
  244:  3# C-->B
  245:  1# A-->C
  246:  2# A-->B
  247:  1# C-->B
  248:  4# C-->A
  249:  1# B-->A
  250:  2# B-->C
  251:  1# A-->C
  252:  3# B-->A
  253:  1# C-->B
  254:  2# C-->A
  255:  1# B-->A
  256:  9# C-->B
  257:  1# A-->C
  258:  2# A-->B
  259:  1# C-->B
  260:  3# A-->C
  261:  1# B-->A
  262:  2# B-->C
  263:  1# A-->C
  264:  4# A-->B
  265:  1# C-->B
  266:  2# C-->A
  267:  1# B-->A
  268:  3# C-->B
  269:  1# A-->C
  270:  2# A-->B
  271:  1# C-->B
  272:  5# A-->C
  273:  1# B-->A
  274:  2# B-->C
  275:  1# A-->C
  276:  3# B-->A
  277:  1# C-->B
  278:  2# C-->A
  279:  1# B-->A
  280:  4# B-->C
  281:  1# A-->C
  282:  2# A-->B
  283:  1# C-->B
  284:  3# A-->C
  285:  1# B-->A
  286:  2# B-->C
  287:  1# A-->C
  288:  6# A-->B
  289:  1# C-->B
  290:  2# C-->A
  291:  1# B-->A
  292:  3# C-->B
  293:  1# A-->C
  294:  2# A-->B
  295:  1# C-->B
  296:  4# C-->A
  297:  1# B-->A
  298:  2# B-->C
  299:  1# A-->C
  300:  3# B-->A
  301:  1# C-->B
  302:  2# C-->A
  303:  1# B-->A
  304:  5# C-->B
  305:  1# A-->C
  306:  2# A-->B
  307:  1# C-->B
  308:  3# A-->C
  309:  1# B-->A
  310:  2# B-->C
  311:  1# A-->C
  312:  4# A-->B
  313:  1# C-->B
  314:  2# C-->A
  315:  1# B-->A
  316:  3# C-->B
  317:  1# A-->C
  318:  2# A-->B
  319:  1# C-->B
  320:  7# A-->C
  321:  1# B-->A
  322:  2# B-->C
  323:  1# A-->C
  324:  3# B-->A
  325:  1# C-->B
  326:  2# C-->A
  327:  1# B-->A
  328:  4# B-->C
  329:  1# A-->C
  330:  2# A-->B
  331:  1# C-->B
  332:  3# A-->C
  333:  1# B-->A
  334:  2# B-->C
  335:  1# A-->C
  336:  5# B-->A
  337:  1# C-->B
  338:  2# C-->A
  339:  1# B-->A
  340:  3# C-->B
  341:  1# A-->C
  342:  2# A-->B
  343:  1# C-->B
  344:  4# C-->A
  345:  1# B-->A
  346:  2# B-->C
  347:  1# A-->C
  348:  3# B-->A
  349:  1# C-->B
  350:  2# C-->A
  351:  1# B-->A
  352:  6# B-->C
  353:  1# A-->C
  354:  2# A-->B
  355:  1# C-->B
  356:  3# A-->C
  357:  1# B-->A
  358:  2# B-->C
  359:  1# A-->C
  360:  4# A-->B
  361:  1# C-->B
  362:  2# C-->A
  363:  1# B-->A
  364:  3# C-->B
  365:  1# A-->C
  366:  2# A-->B
  367:  1# C-->B
  368:  5# A-->C
  369:  1# B-->A
  370:  2# B-->C
  371:  1# A-->C
  372:  3# B-->A
  373:  1# C-->B
  374:  2# C-->A
  375:  1# B-->A
  376:  4# B-->C
  377:  1# A-->C
  378:  2# A-->B
  379:  1# C-->B
  380:  3# A-->C
  381:  1# B-->A
  382:  2# B-->C
  383:  1# A-->C
  384:  8# A-->B
  385:  1# C-->B
  386:  2# C-->A
  387:  1# B-->A
  388:  3# C-->B
  389:  1# A-->C
  390:  2# A-->B
  391:  1# C-->B
  392:  4# C-->A
  393:  1# B-->A
  394:  2# B-->C
  395:  1# A-->C
  396:  3# B-->A
  397:  1# C-->B
  398:  2# C-->A
  399:  1# B-->A
  400:  5# C-->B
  401:  1# A-->C
  402:  2# A-->B
  403:  1# C-->B
  404:  3# A-->C
  405:  1# B-->A
  406:  2# B-->C
  407:  1# A-->C
  408:  4# A-->B
  409:  1# C-->B
  410:  2# C-->A
  411:  1# B-->A
  412:  3# C-->B
  413:  1# A-->C
  414:  2# A-->B
  415:  1# C-->B
  416:  6# C-->A
  417:  1# B-->A
  418:  2# B-->C
  419:  1# A-->C
  420:  3# B-->A
  421:  1# C-->B
  422:  2# C-->A
  423:  1# B-->A
  424:  4# B-->C
  425:  1# A-->C
  426:  2# A-->B
  427:  1# C-->B
  428:  3# A-->C
  429:  1# B-->A
  430:  2# B-->C
  431:  1# A-->C
  432:  5# B-->A
  433:  1# C-->B
  434:  2# C-->A
  435:  1# B-->A
  436:  3# C-->B
  437:  1# A-->C
  438:  2# A-->B
  439:  1# C-->B
  440:  4# C-->A
  441:  1# B-->A
  442:  2# B-->C
  443:  1# A-->C
  444:  3# B-->A
  445:  1# C-->B
  446:  2# C-->A
  447:  1# B-->A
  448:  7# C-->B
  449:  1# A-->C
  450:  2# A-->B
  451:  1# C-->B
  452:  3# A-->C
  453:  1# B-->A
  454:  2# B-->C
  455:  1# A-->C
  456:  4# A-->B
  457:  1# C-->B
  458:  2# C-->A
  459:  1# B-->A
  460:  3# C-->B
  461:  1# A-->C
  462:  2# A-->B
  463:  1# C-->B
  464:  5# A-->C
  465:  1# B-->A
  466:  2# B-->C
  467:  1# A-->C
  468:  3# B-->A
  469:  1# C-->B
  470:  2# C-->A
  471:  1# B-->A
  472:  4# B-->C
  473:  1# A-->C
  474:  2# A-->B
  475:  1# C-->B
  476:  3# A-->C
  477:  1# B-->A
  478:  2# B-->C
  479:  1# A-->C
  480:  6# A-->B
  481:  1# C-->B
  482:  2# C-->A
  483:  1# B-->A
  484:  3# C-->B
  485:  1# A-->C
  486:  2# A-->B
  487:  1# C-->B
  488:  4# C-->A
  489:  1# B-->A
  490:  2# B-->C
  491:  1# A-->C
  492:  3# B-->A
  493:  1# C-->B
  494:  2# C-->A
  495:  1# B-->A
  496:  5# C-->B
  497:  1# A-->C
  498:  2# A-->B
  499:  1# C-->B
  500:  3# A-->C
  501:  1# B-->A
  502:  2# B-->C
  503:  1# A-->C
  504:  4# A-->B
  505:  1# C-->B
  506:  2# C-->A
  507:  1# B-->A
  508:  3# C-->B
  509:  1# A-->C
  510:  2# A-->B
  511:  1# C-->B
  512: 10# C-->A
  513:  1# B-->A
  514:  2# B-->C
  515:  1# A-->C
  516:  3# B-->A
  517:  1# C-->B
  518:  2# C-->A
  519:  1# B-->A
  520:  4# B-->C
  521:  1# A-->C
  522:  2# A-->B
  523:  1# C-->B
  524:  3# A-->C
  525:  1# B-->A
  526:  2# B-->C
  527:  1# A-->C
  528:  5# B-->A
  529:  1# C-->B
  530:  2# C-->A
  531:  1# B-->A
  532:  3# C-->B
  533:  1# A-->C
  534:  2# A-->B
  535:  1# C-->B
  536:  4# C-->A
  537:  1# B-->A
  538:  2# B-->C
  539:  1# A-->C
  540:  3# B-->A
  541:  1# C-->B
  542:  2# C-->A
  543:  1# B-->A
  544:  6# B-->C
  545:  1# A-->C
  546:  2# A-->B
  547:  1# C-->B
  548:  3# A-->C
  549:  1# B-->A
  550:  2# B-->C
  551:  1# A-->C
  552:  4# A-->B
  553:  1# C-->B
  554:  2# C-->A
  555:  1# B-->A
  556:  3# C-->B
  557:  1# A-->C
  558:  2# A-->B
  559:  1# C-->B
  560:  5# A-->C
  561:  1# B-->A
  562:  2# B-->C
  563:  1# A-->C
  564:  3# B-->A
  565:  1# C-->B
  566:  2# C-->A
  567:  1# B-->A
  568:  4# B-->C
  569:  1# A-->C
  570:  2# A-->B
  571:  1# C-->B
  572:  3# A-->C
  573:  1# B-->A
  574:  2# B-->C
  575:  1# A-->C
  576:  7# B-->A
  577:  1# C-->B
  578:  2# C-->A
  579:  1# B-->A
  580:  3# C-->B
  581:  1# A-->C
  582:  2# A-->B
  583:  1# C-->B
  584:  4# C-->A
  585:  1# B-->A
  586:  2# B-->C
  587:  1# A-->C
  588:  3# B-->A
  589:  1# C-->B
  590:  2# C-->A
  591:  1# B-->A
  592:  5# C-->B
  593:  1# A-->C
  594:  2# A-->B
  595:  1# C-->B
  596:  3# A-->C
  597:  1# B-->A
  598:  2# B-->C
  599:  1# A-->C
  600:  4# A-->B
  601:  1# C-->B
  602:  2# C-->A
  603:  1# B-->A
  604:  3# C-->B
  605:  1# A-->C
  606:  2# A-->B
  607:  1# C-->B
  608:  6# C-->A
  609:  1# B-->A
  610:  2# B-->C
  611:  1# A-->C
  612:  3# B-->A
  613:  1# C-->B
  614:  2# C-->A
  615:  1# B-->A
  616:  4# B-->C
  617:  1# A-->C
  618:  2# A-->B
  619:  1# C-->B
  620:  3# A-->C
  621:  1# B-->A
  622:  2# B-->C
  623:  1# A-->C
  624:  5# B-->A
  625:  1# C-->B
  626:  2# C-->A
  627:  1# B-->A
  628:  3# C-->B
  629:  1# A-->C
  630:  2# A-->B
  631:  1# C-->B
  632:  4# C-->A
  633:  1# B-->A
  634:  2# B-->C
  635:  1# A-->C
  636:  3# B-->A
  637:  1# C-->B
  638:  2# C-->A
  639:  1# B-->A
  640:  8# B-->C
  641:  1# A-->C
  642:  2# A-->B
  643:  1# C-->B
  644:  3# A-->C
  645:  1# B-->A
  646:  2# B-->C
  647:  1# A-->C
  648:  4# A-->B
  649:  1# C-->B
  650:  2# C-->A
  651:  1# B-->A
  652:  3# C-->B
  653:  1# A-->C
  654:  2# A-->B
  655:  1# C-->B
  656:  5# A-->C
  657:  1# B-->A
  658:  2# B-->C
  659:  1# A-->C
  660:  3# B-->A
  661:  1# C-->B
  662:  2# C-->A
  663:  1# B-->A
  664:  4# B-->C
  665:  1# A-->C
  666:  2# A-->B
  667:  1# C-->B
  668:  3# A-->C
  669:  1# B-->A
  670:  2# B-->C
  671:  1# A-->C
  672:  6# A-->B
  673:  1# C-->B
  674:  2# C-->A
  675:  1# B-->A
  676:  3# C-->B
  677:  1# A-->C
  678:  2# A-->B
  679:  1# C-->B
  680:  4# C-->A
  681:  1# B-->A
  682:  2# B-->C
  683:  1# A-->C
  684:  3# B-->A
  685:  1# C-->B
  686:  2# C-->A
  687:  1# B-->A
  688:  5# C-->B
  689:  1# A-->C
  690:  2# A-->B
  691:  1# C-->B
  692:  3# A-->C
  693:  1# B-->A
  694:  2# B-->C
  695:  1# A-->C
  696:  4# A-->B
  697:  1# C-->B
  698:  2# C-->A
  699:  1# B-->A
  700:  3# C-->B
  701:  1# A-->C
  702:  2# A-->B
  703:  1# C-->B
  704:  7# A-->C
  705:  1# B-->A
  706:  2# B-->C
  707:  1# A-->C
  708:  3# B-->A
  709:  1# C-->B
  710:  2# C-->A
  711:  1# B-->A
  712:  4# B-->C
  713:  1# A-->C
  714:  2# A-->B
  715:  1# C-->B
  716:  3# A-->C
  717:  1# B-->A
  718:  2# B-->C
  719:  1# A-->C
  720:  5# B-->A
  721:  1# C-->B
  722:  2# C-->A
  723:  1# B-->A
  724:  3# C-->B
  725:  1# A-->C
  726:  2# A-->B
  727:  1# C-->B
  728:  4# C-->A
  729:  1# B-->A
  730:  2# B-->C
  731:  1# A-->C
  732:  3# B-->A
  733:  1# C-->B
  734:  2# C-->A
  735:  1# B-->A
  736:  6# B-->C
  737:  1# A-->C
  738:  2# A-->B
  739:  1# C-->B
  740:  3# A-->C
  741:  1# B-->A
  742:  2# B-->C
  743:  1# A-->C
  744:  4# A-->B
  745:  1# C-->B
  746:  2# C-->A
  747:  1# B-->A
  748:  3# C-->B
  749:  1# A-->C
  750:  2# A-->B
  751:  1# C-->B
  752:  5# A-->C
  753:  1# B-->A
  754:  2# B-->C
  755:  1# A-->C
  756:  3# B-->A
  757:  1# C-->B
  758:  2# C-->A
  759:  1# B-->A
  760:  4# B-->C
  761:  1# A-->C
  762:  2# A-->B
  763:  1# C-->B
  764:  3# A-->C
  765:  1# B-->A
  766:  2# B-->C
  767:  1# A-->C
  768:  9# B-->A
  769:  1# C-->B
  770:  2# C-->A
  771:  1# B-->A
  772:  3# C-->B
  773:  1# A-->C
  774:  2# A-->B
  775:  1# C-->B
  776:  4# C-->A
  777:  1# B-->A
  778:  2# B-->C
  779:  1# A-->C
  780:  3# B-->A
  781:  1# C-->B
  782:  2# C-->A
  783:  1# B-->A
  784:  5# C-->B
  785:  1# A-->C
  786:  2# A-->B
  787:  1# C-->B
  788:  3# A-->C
  789:  1# B-->A
  790:  2# B-->C
  791:  1# A-->C
  792:  4# A-->B
  793:  1# C-->B
  794:  2# C-->A
  795:  1# B-->A
  796:  3# C-->B
  797:  1# A-->C
  798:  2# A-->B
  799:  1# C-->B
  800:  6# C-->A
  801:  1# B-->A
  802:  2# B-->C
  803:  1# A-->C
  804:  3# B-->A
  805:  1# C-->B
  806:  2# C-->A
  807:  1# B-->A
  808:  4# B-->C
  809:  1# A-->C
  810:  2# A-->B
  811:  1# C-->B
  812:  3# A-->C
  813:  1# B-->A
  814:  2# B-->C
  815:  1# A-->C
  816:  5# B-->A
  817:  1# C-->B
  818:  2# C-->A
  819:  1# B-->A
  820:  3# C-->B
  821:  1# A-->C
  822:  2# A-->B
  823:  1# C-->B
  824:  4# C-->A
  825:  1# B-->A
  826:  2# B-->C
  827:  1# A-->C
  828:  3# B-->A
  829:  1# C-->B
  830:  2# C-->A
  831:  1# B-->A
  832:  7# C-->B
  833:  1# A-->C
  834:  2# A-->B
  835:  1# C-->B
  836:  3# A-->C
  837:  1# B-->A
  838:  2# B-->C
  839:  1# A-->C
  840:  4# A-->B
  841:  1# C-->B
  842:  2# C-->A
  843:  1# B-->A
  844:  3# C-->B
  845:  1# A-->C
  846:  2# A-->B
  847:  1# C-->B
  848:  5# A-->C
  849:  1# B-->A
  850:  2# B-->C
  851:  1# A-->C
  852:  3# B-->A
  853:  1# C-->B
  854:  2# C-->A
  855:  1# B-->A
  856:  4# B-->C
  857:  1# A-->C
  858:  2# A-->B
  859:  1# C-->B
  860:  3# A-->C
  861:  1# B-->A
  862:  2# B-->C
  863:  1# A-->C
  864:  6# A-->B
  865:  1# C-->B
  866:  2# C-->A
  867:  1# B-->A
  868:  3# C-->B
  869:  1# A-->C
  870:  2# A-->B
  871:  1# C-->B
  872:  4# C-->A
  873:  1# B-->A
  874:  2# B-->C
  875:  1# A-->C
  876:  3# B-->A
  877:  1# C-->B
  878:  2# C-->A
  879:  1# B-->A
  880:  5# C-->B
  881:  1# A-->C
  882:  2# A-->B
  883:  1# C-->B
  884:  3# A-->C
  885:  1# B-->A
  886:  2# B-->C
  887:  1# A-->C
  888:  4# A-->B
  889:  1# C-->B
  890:  2# C-->A
  891:  1# B-->A
  892:  3# C-->B
  893:  1# A-->C
  894:  2# A-->B
  895:  1# C-->B
  896:  8# C-->A
  897:  1# B-->A
  898:  2# B-->C
  899:  1# A-->C
  900:  3# B-->A
  901:  1# C-->B
  902:  2# C-->A
  903:  1# B-->A
  904:  4# B-->C
  905:  1# A-->C
  906:  2# A-->B
  907:  1# C-->B
  908:  3# A-->C
  909:  1# B-->A
  910:  2# B-->C
  911:  1# A-->C
  912:  5# B-->A
  913:  1# C-->B
  914:  2# C-->A
  915:  1# B-->A
  916:  3# C-->B
  917:  1# A-->C
  918:  2# A-->B
  919:  1# C-->B
  920:  4# C-->A
  921:  1# B-->A
  922:  2# B-->C
  923:  1# A-->C
  924:  3# B-->A
  925:  1# C-->B
  926:  2# C-->A
  927:  1# B-->A
  928:  6# B-->C
  929:  1# A-->C
  930:  2# A-->B
  931:  1# C-->B
  932:  3# A-->C
  933:  1# B-->A
  934:  2# B-->C
  935:  1# A-->C
  936:  4# A-->B
  937:  1# C-->B
  938:  2# C-->A
  939:  1# B-->A
  940:  3# C-->B
  941:  1# A-->C
  942:  2# A-->B
  943:  1# C-->B
  944:  5# A-->C
  945:  1# B-->A
  946:  2# B-->C
  947:  1# A-->C
  948:  3# B-->A
  949:  1# C-->B
  950:  2# C-->A
  951:  1# B-->A
  952:  4# B-->C
  953:  1# A-->C
  954:  2# A-->B
  955:  1# C-->B
  956:  3# A-->C
  957:  1# B-->A
  958:  2# B-->C
  959:  1# A-->C
  960:  7# B-->A
  961:  1# C-->B
  962:  2# C-->A
  963:  1# B-->A
  964:  3# C-->B
  965:  1# A-->C
  966:  2# A-->B
  967:  1# C-->B
  968:  4# C-->A
  969:  1# B-->A
  970:  2# B-->C
  971:  1# A-->C
  972:  3# B-->A
  973:  1# C-->B
  974:  2# C-->A
  975:  1# B-->A
  976:  5# C-->B
  977:  1# A-->C
  978:  2# A-->B
  979:  1# C-->B
  980:  3# A-->C
  981:  1# B-->A
  982:  2# B-->C
  983:  1# A-->C
  984:  4# A-->B
  985:  1# C-->B
  986:  2# C-->A
  987:  1# B-->A
  988:  3# C-->B
  989:  1# A-->C
  990:  2# A-->B
  991:  1# C-->B
  992:  6# C-->A
  993:  1# B-->A
  994:  2# B-->C
  995:  1# A-->C
  996:  3# B-->A
  997:  1# C-->B
  998:  2# C-->A
  999:  1# B-->A
 1000:  4# B-->C
 1001:  1# A-->C
 1002:  2# A-->B
 1003:  1# C-->B
 1004:  3# A-->C
 1005:  1# B-->A
 1006:  2# B-->C
 1007:  1# A-->C
 1008:  5# B-->A
 1009:  1# C-->B
 1010:  2# C-->A
 1011:  1# B-->A
 1012:  3# C-->B
 1013:  1# A-->C
 1014:  2# A-->B
 1015:  1# C-->B
 1016:  4# C-->A
 1017:  1# B-->A
 1018:  2# B-->C
 1019:  1# A-->C
 1020:  3# B-->A
 1021:  1# C-->B
 1022:  2# C-->A
 1023:  1# B-->A
 1024: 11# C-->B
 1025:  1# A-->C
 1026:  2# A-->B
 1027:  1# C-->B
 1028:  3# A-->C
 1029:  1# B-->A
 1030:  2# B-->C
 1031:  1# A-->C
 1032:  4# A-->B
 1033:  1# C-->B
 1034:  2# C-->A
 1035:  1# B-->A
 1036:  3# C-->B
 1037:  1# A-->C
 1038:  2# A-->B
 1039:  1# C-->B
 1040:  5# A-->C
 1041:  1# B-->A
 1042:  2# B-->C
 1043:  1# A-->C
 1044:  3# B-->A
 1045:  1# C-->B
 1046:  2# C-->A
 1047:  1# B-->A
 1048:  4# B-->C
 1049:  1# A-->C
 1050:  2# A-->B
 1051:  1# C-->B
 1052:  3# A-->C
 1053:  1# B-->A
 1054:  2# B-->C
 1055:  1# A-->C
 1056:  6# A-->B
 1057:  1# C-->B
 1058:  2# C-->A
 1059:  1# B-->A
 1060:  3# C-->B
 1061:  1# A-->C
 1062:  2# A-->B
 1063:  1# C-->B
 1064:  4# C-->A
 1065:  1# B-->A
 1066:  2# B-->C
 1067:  1# A-->C
 1068:  3# B-->A
 1069:  1# C-->B
 1070:  2# C-->A
 1071:  1# B-->A
 1072:  5# C-->B
 1073:  1# A-->C
 1074:  2# A-->B
 1075:  1# C-->B
 1076:  3# A-->C
 1077:  1# B-->A
 1078:  2# B-->C
 1079:  1# A-->C
 1080:  4# A-->B
 1081:  1# C-->B
 1082:  2# C-->A
 1083:  1# B-->A
 1084:  3# C-->B
 1085:  1# A-->C
 1086:  2# A-->B
 1087:  1# C-->B
 1088:  7# A-->C
 1089:  1# B-->A
 1090:  2# B-->C
 1091:  1# A-->C
 1092:  3# B-->A
 1093:  1# C-->B
 1094:  2# C-->A
 1095:  1# B-->A
 1096:  4# B-->C
 1097:  1# A-->C
 1098:  2# A-->B
 1099:  1# C-->B
 1100:  3# A-->C
 1101:  1# B-->A
 1102:  2# B-->C
 1103:  1# A-->C
 1104:  5# B-->A
 1105:  1# C-->B
 1106:  2# C-->A
 1107:  1# B-->A
 1108:  3# C-->B
 1109:  1# A-->C
 1110:  2# A-->B
 1111:  1# C-->B
 1112:  4# C-->A
 1113:  1# B-->A
 1114:  2# B-->C
 1115:  1# A-->C
 1116:  3# B-->A
 1117:  1# C-->B
 1118:  2# C-->A
 1119:  1# B-->A
 1120:  6# B-->C
 1121:  1# A-->C
 1122:  2# A-->B
 1123:  1# C-->B
 1124:  3# A-->C
 1125:  1# B-->A
 1126:  2# B-->C
 1127:  1# A-->C
 1128:  4# A-->B
 1129:  1# C-->B
 1130:  2# C-->A
 1131:  1# B-->A
 1132:  3# C-->B
 1133:  1# A-->C
 1134:  2# A-->B
 1135:  1# C-->B
 1136:  5# A-->C
 1137:  1# B-->A
 1138:  2# B-->C
 1139:  1# A-->C
 1140:  3# B-->A
 1141:  1# C-->B
 1142:  2# C-->A
 1143:  1# B-->A
 1144:  4# B-->C
 1145:  1# A-->C
 1146:  2# A-->B
 1147:  1# C-->B
 1148:  3# A-->C
 1149:  1# B-->A
 1150:  2# B-->C
 1151:  1# A-->C
 1152:  8# A-->B
 1153:  1# C-->B
 1154:  2# C-->A
 1155:  1# B-->A
 1156:  3# C-->B
 1157:  1# A-->C
 1158:  2# A-->B
 1159:  1# C-->B
 1160:  4# C-->A
 1161:  1# B-->A
 1162:  2# B-->C
 1163:  1# A-->C
 1164:  3# B-->A
 1165:  1# C-->B
 1166:  2# C-->A
 1167:  1# B-->A
 1168:  5# C-->B
 1169:  1# A-->C
 1170:  2# A-->B
 1171:  1# C-->B
 1172:  3# A-->C
 1173:  1# B-->A
 1174:  2# B-->C
 1175:  1# A-->C
 1176:  4# A-->B
 1177:  1# C-->B
 1178:  2# C-->A
 1179:  1# B-->A
 1180:  3# C-->B
 1181:  1# A-->C
 1182:  2# A-->B
 1183:  1# C-->B
 1184:  6# C-->A
 1185:  1# B-->A
 1186:  2# B-->C
 1187:  1# A-->C
 1188:  3# B-->A
 1189:  1# C-->B
 1190:  2# C-->A
 1191:  1# B-->A
 1192:  4# B-->C
 1193:  1# A-->C
 1194:  2# A-->B
 1195:  1# C-->B
 1196:  3# A-->C
 1197:  1# B-->A
 1198:  2# B-->C
 1199:  1# A-->C
 1200:  5# B-->A
 1201:  1# C-->B
 1202:  2# C-->A
 1203:  1# B-->A
 1204:  3# C-->B
 1205:  1# A-->C
 1206:  2# A-->B
 1207:  1# C-->B
 1208:  4# C-->A
 1209:  1# B-->A
 1210:  2# B-->C
 1211:  1# A-->C
 1212:  3# B-->A
 1213:  1# C-->B
 1214:  2# C-->A
 1215:  1# B-->A
 1216:  7# C-->B
 1217:  1# A-->C
 1218:  2# A-->B
 1219:  1# C-->B
 1220:  3# A-->C
 1221:  1# B-->A
 1222:  2# B-->C
 1223:  1# A-->C
 1224:  4# A-->B
 1225:  1# C-->B
 1226:  2# C-->A
 1227:  1# B-->A
 1228:  3# C-->B
 1229:  1# A-->C
 1230:  2# A-->B
 1231:  1# C-->B
 1232:  5# A-->C
 1233:  1# B-->A
 1234:  2# B-->C
 1235:  1# A-->C
 1236:  3# B-->A
 1237:  1# C-->B
 1238:  2# C-->A
 1239:  1# B-->A
 1240:  4# B-->C
 1241:  1# A-->C
 1242:  2# A-->B
 1243:  1# C-->B
 1244:  3# A-->C
 1245:  1# B-->A
 1246:  2# B-->C
 1247:  1# A-->C
 1248:  6# A-->B
 1249:  1# C-->B
 1250:  2# C-->A
 1251:  1# B-->A
 1252:  3# C-->B
 1253:  1# A-->C
 1254:  2# A-->B
 1255:  1# C-->B
 1256:  4# C-->A
 1257:  1# B-->A
 1258:  2# B-->C
 1259:  1# A-->C
 1260:  3# B-->A
 1261:  1# C-->B
 1262:  2# C-->A
 1263:  1# B-->A
 1264:  5# C-->B
 1265:  1# A-->C
 1266:  2# A-->B
 1267:  1# C-->B
 1268:  3# A-->C
 1269:  1# B-->A
 1270:  2# B-->C
 1271:  1# A-->C
 1272:  4# A-->B
 1273:  1# C-->B
 1274:  2# C-->A
 1275:  1# B-->A
 1276:  3# C-->B
 1277:  1# A-->C
 1278:  2# A-->B
 1279:  1# C-->B
 1280:  9# A-->C
 1281:  1# B-->A
 1282:  2# B-->C
 1283:  1# A-->C
 1284:  3# B-->A
 1285:  1# C-->B
 1286:  2# C-->A
 1287:  1# B-->A
 1288:  4# B-->C
 1289:  1# A-->C
 1290:  2# A-->B
 1291:  1# C-->B
 1292:  3# A-->C
 1293:  1# B-->A
 1294:  2# B-->C
 1295:  1# A-->C
 1296:  5# B-->A
 1297:  1# C-->B
 1298:  2# C-->A
 1299:  1# B-->A
 1300:  3# C-->B
 1301:  1# A-->C
 1302:  2# A-->B
 1303:  1# C-->B
 1304:  4# C-->A
 1305:  1# B-->A
 1306:  2# B-->C
 1307:  1# A-->C
 1308:  3# B-->A
 1309:  1# C-->B
 1310:  2# C-->A
 1311:  1# B-->A
 1312:  6# B-->C
 1313:  1# A-->C
 1314:  2# A-->B
 1315:  1# C-->B
 1316:  3# A-->C
 1317:  1# B-->A
 1318:  2# B-->C
 1319:  1# A-->C
 1320:  4# A-->B
 1321:  1# C-->B
 1322:  2# C-->A
 1323:  1# B-->A
 1324:  3# C-->B
 1325:  1# A-->C
 1326:  2# A-->B
 1327:  1# C-->B
 1328:  5# A-->C
 1329:  1# B-->A
 1330:  2# B-->C
 1331:  1# A-->C
 1332:  3# B-->A
 1333:  1# C-->B
 1334:  2# C-->A
 1335:  1# B-->A
 1336:  4# B-->C
 1337:  1# A-->C
 1338:  2# A-->B
 1339:  1# C-->B
 1340:  3# A-->C
 1341:  1# B-->A
 1342:  2# B-->C
 1343:  1# A-->C
 1344:  7# B-->A
 1345:  1# C-->B
 1346:  2# C-->A
 1347:  1# B-->A
 1348:  3# C-->B
 1349:  1# A-->C
 1350:  2# A-->B
 1351:  1# C-->B
 1352:  4# C-->A
 1353:  1# B-->A
 1354:  2# B-->C
 1355:  1# A-->C
 1356:  3# B-->A
 1357:  1# C-->B
 1358:  2# C-->A
 1359:  1# B-->A
 1360:  5# C-->B
 1361:  1# A-->C
 1362:  2# A-->B
 1363:  1# C-->B
 1364:  3# A-->C
 1365:  1# B-->A
 1366:  2# B-->C
 1367:  1# A-->C
 1368:  4# A-->B
 1369:  1# C-->B
 1370:  2# C-->A
 1371:  1# B-->A
 1372:  3# C-->B
 1373:  1# A-->C
 1374:  2# A-->B
 1375:  1# C-->B
 1376:  6# C-->A
 1377:  1# B-->A
 1378:  2# B-->C
 1379:  1# A-->C
 1380:  3# B-->A
 1381:  1# C-->B
 1382:  2# C-->A
 1383:  1# B-->A
 1384:  4# B-->C
 1385:  1# A-->C
 1386:  2# A-->B
 1387:  1# C-->B
 1388:  3# A-->C
 1389:  1# B-->A
 1390:  2# B-->C
 1391:  1# A-->C
 1392:  5# B-->A
 1393:  1# C-->B
 1394:  2# C-->A
 1395:  1# B-->A
 1396:  3# C-->B
 1397:  1# A-->C
 1398:  2# A-->B
 1399:  1# C-->B
 1400:  4# C-->A
 1401:  1# B-->A
 1402:  2# B-->C
 1403:  1# A-->C
 1404:  3# B-->A
 1405:  1# C-->B
 1406:  2# C-->A
 1407:  1# B-->A
 1408:  8# B-->C
 1409:  1# A-->C
 1410:  2# A-->B
 1411:  1# C-->B
 1412:  3# A-->C
 1413:  1# B-->A
 1414:  2# B-->C
 1415:  1# A-->C
 1416:  4# A-->B
 1417:  1# C-->B
 1418:  2# C-->A
 1419:  1# B-->A
 1420:  3# C-->B
 1421:  1# A-->C
 1422:  2# A-->B
 1423:  1# C-->B
 1424:  5# A-->C
 1425:  1# B-->A
 1426:  2# B-->C
 1427:  1# A-->C
 1428:  3# B-->A
 1429:  1# C-->B
 1430:  2# C-->A
 1431:  1# B-->A
 1432:  4# B-->C
 1433:  1# A-->C
 1434:  2# A-->B
 1435:  1# C-->B
 1436:  3# A-->C
 1437:  1# B-->A
 1438:  2# B-->C
 1439:  1# A-->C
 1440:  6# A-->B
 1441:  1# C-->B
 1442:  2# C-->A
 1443:  1# B-->A
 1444:  3# C-->B
 1445:  1# A-->C
 1446:  2# A-->B
 1447:  1# C-->B
 1448:  4# C-->A
 1449:  1# B-->A
 1450:  2# B-->C
 1451:  1# A-->C
 1452:  3# B-->A
 1453:  1# C-->B
 1454:  2# C-->A
 1455:  1# B-->A
 1456:  5# C-->B
 1457:  1# A-->C
 1458:  2# A-->B
 1459:  1# C-->B
 1460:  3# A-->C
 1461:  1# B-->A
 1462:  2# B-->C
 1463:  1# A-->C
 1464:  4# A-->B
 1465:  1# C-->B
 1466:  2# C-->A
 1467:  1# B-->A
 1468:  3# C-->B
 1469:  1# A-->C
 1470:  2# A-->B
 1471:  1# C-->B
 1472:  7# A-->C
 1473:  1# B-->A
 1474:  2# B-->C
 1475:  1# A-->C
 1476:  3# B-->A
 1477:  1# C-->B
 1478:  2# C-->A
 1479:  1# B-->A
 1480:  4# B-->C
 1481:  1# A-->C
 1482:  2# A-->B
 1483:  1# C-->B
 1484:  3# A-->C
 1485:  1# B-->A
 1486:  2# B-->C
 1487:  1# A-->C
 1488:  5# B-->A
 1489:  1# C-->B
 1490:  2# C-->A
 1491:  1# B-->A
 1492:  3# C-->B
 1493:  1# A-->C
 1494:  2# A-->B
 1495:  1# C-->B
 1496:  4# C-->A
 1497:  1# B-->A
 1498:  2# B-->C
 1499:  1# A-->C
 1500:  3# B-->A
 1501:  1# C-->B
 1502:  2# C-->A
 1503:  1# B-->A
 1504:  6# B-->C
 1505:  1# A-->C
 1506:  2# A-->B
 1507:  1# C-->B
 1508:  3# A-->C
 1509:  1# B-->A
 1510:  2# B-->C
 1511:  1# A-->C
 1512:  4# A-->B
 1513:  1# C-->B
 1514:  2# C-->A
 1515:  1# B-->A
 1516:  3# C-->B
 1517:  1# A-->C
 1518:  2# A-->B
 1519:  1# C-->B
 1520:  5# A-->C
 1521:  1# B-->A
 1522:  2# B-->C
 1523:  1# A-->C
 1524:  3# B-->A
 1525:  1# C-->B
 1526:  2# C-->A
 1527:  1# B-->A
 1528:  4# B-->C
 1529:  1# A-->C
 1530:  2# A-->B
 1531:  1# C-->B
 1532:  3# A-->C
 1533:  1# B-->A
 1534:  2# B-->C
 1535:  1# A-->C
 1536: 10# A-->B
 1537:  1# C-->B
 1538:  2# C-->A
 1539:  1# B-->A
 1540:  3# C-->B
 1541:  1# A-->C
 1542:  2# A-->B
 1543:  1# C-->B
 1544:  4# C-->A
 1545:  1# B-->A
 1546:  2# B-->C
 1547:  1# A-->C
 1548:  3# B-->A
 1549:  1# C-->B
 1550:  2# C-->A
 1551:  1# B-->A
 1552:  5# C-->B
 1553:  1# A-->C
 1554:  2# A-->B
 1555:  1# C-->B
 1556:  3# A-->C
 1557:  1# B-->A
 1558:  2# B-->C
 1559:  1# A-->C
 1560:  4# A-->B
 1561:  1# C-->B
 1562:  2# C-->A
 1563:  1# B-->A
 1564:  3# C-->B
 1565:  1# A-->C
 1566:  2# A-->B
 1567:  1# C-->B
 1568:  6# C-->A
 1569:  1# B-->A
 1570:  2# B-->C
 1571:  1# A-->C
 1572:  3# B-->A
 1573:  1# C-->B
 1574:  2# C-->A
 1575:  1# B-->A
 1576:  4# B-->C
 1577:  1# A-->C
 1578:  2# A-->B
 1579:  1# C-->B
 1580:  3# A-->C
 1581:  1# B-->A
 1582:  2# B-->C
 1583:  1# A-->C
 1584:  5# B-->A
 1585:  1# C-->B
 1586:  2# C-->A
 1587:  1# B-->A
 1588:  3# C-->B
 1589:  1# A-->C
 1590:  2# A-->B
 1591:  1# C-->B
 1592:  4# C-->A
 1593:  1# B-->A
 1594:  2# B-->C
 1595:  1# A-->C
 1596:  3# B-->A
 1597:  1# C-->B
 1598:  2# C-->A
 1599:  1# B-->A
 1600:  7# C-->B
 1601:  1# A-->C
 1602:  2# A-->B
 1603:  1# C-->B
 1604:  3# A-->C
 1605:  1# B-->A
 1606:  2# B-->C
 1607:  1# A-->C
 1608:  4# A-->B
 1609:  1# C-->B
 1610:  2# C-->A
 1611:  1# B-->A
 1612:  3# C-->B
 1613:  1# A-->C
 1614:  2# A-->B
 1615:  1# C-->B
 1616:  5# A-->C
 1617:  1# B-->A
 1618:  2# B-->C
 1619:  1# A-->C
 1620:  3# B-->A
 1621:  1# C-->B
 1622:  2# C-->A
 1623:  1# B-->A
 1624:  4# B-->C
 1625:  1# A-->C
 1626:  2# A-->B
 1627:  1# C-->B
 1628:  3# A-->C
 1629:  1# B-->A
 1630:  2# B-->C
 1631:  1# A-->C
 1632:  6# A-->B
 1633:  1# C-->B
 1634:  2# C-->A
 1635:  1# B-->A
 1636:  3# C-->B
 1637:  1# A-->C
 1638:  2# A-->B
 1639:  1# C-->B
 1640:  4# C-->A
 1641:  1# B-->A
 1642:  2# B-->C
 1643:  1# A-->C
 1644:  3# B-->A
 1645:  1# C-->B
 1646:  2# C-->A
 1647:  1# B-->A
 1648:  5# C-->B
 1649:  1# A-->C
 1650:  2# A-->B
 1651:  1# C-->B
 1652:  3# A-->C
 1653:  1# B-->A
 1654:  2# B-->C
 1655:  1# A-->C
 1656:  4# A-->B
 1657:  1# C-->B
 1658:  2# C-->A
 1659:  1# B-->A
 1660:  3# C-->B
 1661:  1# A-->C
 1662:  2# A-->B
 1663:  1# C-->B
 1664:  8# C-->A
 1665:  1# B-->A
 1666:  2# B-->C
 1667:  1# A-->C
 1668:  3# B-->A
 1669:  1# C-->B
 1670:  2# C-->A
 1671:  1# B-->A
 1672:  4# B-->C
 1673:  1# A-->C
 1674:  2# A-->B
 1675:  1# C-->B
 1676:  3# A-->C
 1677:  1# B-->A
 1678:  2# B-->C
 1679:  1# A-->C
 1680:  5# B-->A
 1681:  1# C-->B
 1682:  2# C-->A
 1683:  1# B-->A
 1684:  3# C-->B
 1685:  1# A-->C
 1686:  2# A-->B
 1687:  1# C-->B
 1688:  4# C-->A
 1689:  1# B-->A
 1690:  2# B-->C
 1691:  1# A-->C
 1692:  3# B-->A
 1693:  1# C-->B
 1694:  2# C-->A
 1695:  1# B-->A
 1696:  6# B-->C
 1697:  1# A-->C
 1698:  2# A-->B
 1699:  1# C-->B
 1700:  3# A-->C
 1701:  1# B-->A
 1702:  2# B-->C
 1703:  1# A-->C
 1704:  4# A-->B
 1705:  1# C-->B
 1706:  2# C-->A
 1707:  1# B-->A
 1708:  3# C-->B
 1709:  1# A-->C
 1710:  2# A-->B
 1711:  1# C-->B
 1712:  5# A-->C
 1713:  1# B-->A
 1714:  2# B-->C
 1715:  1# A-->C
 1716:  3# B-->A
 1717:  1# C-->B
 1718:  2# C-->A
 1719:  1# B-->A
 1720:  4# B-->C
 1721:  1# A-->C
 1722:  2# A-->B
 1723:  1# C-->B
 1724:  3# A-->C
 1725:  1# B-->A
 1726:  2# B-->C
 1727:  1# A-->C
 1728:  7# B-->A
 1729:  1# C-->B
 1730:  2# C-->A
 1731:  1# B-->A
 1732:  3# C-->B
 1733:  1# A-->C
 1734:  2# A-->B
 1735:  1# C-->B
 1736:  4# C-->A
 1737:  1# B-->A
 1738:  2# B-->C
 1739:  1# A-->C
 1740:  3# B-->A
 1741:  1# C-->B
 1742:  2# C-->A
 1743:  1# B-->A
 1744:  5# C-->B
 1745:  1# A-->C
 1746:  2# A-->B
 1747:  1# C-->B
 1748:  3# A-->C
 1749:  1# B-->A
 1750:  2# B-->C
 1751:  1# A-->C
 1752:  4# A-->B
 1753:  1# C-->B
 1754:  2# C-->A
 1755:  1# B-->A
 1756:  3# C-->B
 1757:  1# A-->C
 1758:  2# A-->B
 1759:  1# C-->B
 1760:  6# C-->A
 1761:  1# B-->A
 1762:  2# B-->C
 1763:  1# A-->C
 1764:  3# B-->A
 1765:  1# C-->B
 1766:  2# C-->A
 1767:  1# B-->A
 1768:  4# B-->C
 1769:  1# A-->C
 1770:  2# A-->B
 1771:  1# C-->B
 1772:  3# A-->C
 1773:  1# B-->A
 1774:  2# B-->C
 1775:  1# A-->C
 1776:  5# B-->A
 1777:  1# C-->B
 1778:  2# C-->A
 1779:  1# B-->A
 1780:  3# C-->B
 1781:  1# A-->C
 1782:  2# A-->B
 1783:  1# C-->B
 1784:  4# C-->A
 1785:  1# B-->A
 1786:  2# B-->C
 1787:  1# A-->C
 1788:  3# B-->A
 1789:  1# C-->B
 1790:  2# C-->A
 1791:  1# B-->A
 1792:  9# C-->B
 1793:  1# A-->C
 1794:  2# A-->B
 1795:  1# C-->B
 1796:  3# A-->C
 1797:  1# B-->A
 1798:  2# B-->C
 1799:  1# A-->C
 1800:  4# A-->B
 1801:  1# C-->B
 1802:  2# C-->A
 1803:  1# B-->A
 1804:  3# C-->B
 1805:  1# A-->C
 1806:  2# A-->B
 1807:  1# C-->B
 1808:  5# A-->C
 1809:  1# B-->A
 1810:  2# B-->C
 1811:  1# A-->C
 1812:  3# B-->A
 1813:  1# C-->B
 1814:  2# C-->A
 1815:  1# B-->A
 1816:  4# B-->C
 1817:  1# A-->C
 1818:  2# A-->B
 1819:  1# C-->B
 1820:  3# A-->C
 1821:  1# B-->A
 1822:  2# B-->C
 1823:  1# A-->C
 1824:  6# A-->B
 1825:  1# C-->B
 1826:  2# C-->A
 1827:  1# B-->A
 1828:  3# C-->B
 1829:  1# A-->C
 1830:  2# A-->B
 1831:  1# C-->B
 1832:  4# C-->A
 1833:  1# B-->A
 1834:  2# B-->C
 1835:  1# A-->C
 1836:  3# B-->A
 1837:  1# C-->B
 1838:  2# C-->A
 1839:  1# B-->A
 1840:  5# C-->B
 1841:  1# A-->C
 1842:  2# A-->B
 1843:  1# C-->B
 1844:  3# A-->C
 1845:  1# B-->A
 1846:  2# B-->C
 1847:  1# A-->C
 1848:  4# A-->B
 1849:  1# C-->B
 1850:  2# C-->A
 1851:  1# B-->A
 1852:  3# C-->B
 1853:  1# A-->C
 1854:  2# A-->B
 1855:  1# C-->B
 1856:  7# A-->C
 1857:  1# B-->A
 1858:  2# B-->C
 1859:  1# A-->C
 1860:  3# B-->A
 1861:  1# C-->B
 1862:  2# C-->A
 1863:  1# B-->A
 1864:  4# B-->C
 1865:  1# A-->C
 1866:  2# A-->B
 1867:  1# C-->B
 1868:  3# A-->C
 1869:  1# B-->A
 1870:  2# B-->C
 1871:  1# A-->C
 1872:  5# B-->A
 1873:  1# C-->B
 1874:  2# C-->A
 1875:  1# B-->A
 1876:  3# C-->B
 1877:  1# A-->C
 1878:  2# A-->B
 1879:  1# C-->B
 1880:  4# C-->A
 1881:  1# B-->A
 1882:  2# B-->C
 1883:  1# A-->C
 1884:  3# B-->A
 1885:  1# C-->B
 1886:  2# C-->A
 1887:  1# B-->A
 1888:  6# B-->C
 1889:  1# A-->C
 1890:  2# A-->B
 1891:  1# C-->B
 1892:  3# A-->C
 1893:  1# B-->A
 1894:  2# B-->C
 1895:  1# A-->C
 1896:  4# A-->B
 1897:  1# C-->B
 1898:  2# C-->A
 1899:  1# B-->A
 1900:  3# C-->B
 1901:  1# A-->C
 1902:  2# A-->B
 1903:  1# C-->B
 1904:  5# A-->C
 1905:  1# B-->A
 1906:  2# B-->C
 1907:  1# A-->C
 1908:  3# B-->A
 1909:  1# C-->B
 1910:  2# C-->A
 1911:  1# B-->A
 1912:  4# B-->C
 1913:  1# A-->C
 1914:  2# A-->B
 1915:  1# C-->B
 1916:  3# A-->C
 1917:  1# B-->A
 1918:  2# B-->C
 1919:  1# A-->C
 1920:  8# A-->B
 1921:  1# C-->B
 1922:  2# C-->A
 1923:  1# B-->A
 1924:  3# C-->B
 1925:  1# A-->C
 1926:  2# A-->B
 1927:  1# C-->B
 1928:  4# C-->A
 1929:  1# B-->A
 1930:  2# B-->C
 1931:  1# A-->C
 1932:  3# B-->A
 1933:  1# C-->B
 1934:  2# C-->A
 1935:  1# B-->A
 1936:  5# C-->B
 1937:  1# A-->C
 1938:  2# A-->B
 1939:  1# C-->B
 1940:  3# A-->C
 1941:  1# B-->A
 1942:  2# B-->C
 1943:  1# A-->C
 1944:  4# A-->B
 1945:  1# C-->B
 1946:  2# C-->A
 1947:  1# B-->A
 1948:  3# C-->B
 1949:  1# A-->C
 1950:  2# A-->B
 1951:  1# C-->B
 1952:  6# C-->A
 1953:  1# B-->A
 1954:  2# B-->C
 1955:  1# A-->C
 1956:  3# B-->A
 1957:  1# C-->B
 1958:  2# C-->A
 1959:  1# B-->A
 1960:  4# B-->C
 1961:  1# A-->C
 1962:  2# A-->B
 1963:  1# C-->B
 1964:  3# A-->C
 1965:  1# B-->A
 1966:  2# B-->C
 1967:  1# A-->C
 1968:  5# B-->A
 1969:  1# C-->B
 1970:  2# C-->A
 1971:  1# B-->A
 1972:  3# C-->B
 1973:  1# A-->C
 1974:  2# A-->B
 1975:  1# C-->B
 1976:  4# C-->A
 1977:  1# B-->A
 1978:  2# B-->C
 1979:  1# A-->C
 1980:  3# B-->A
 1981:  1# C-->B
 1982:  2# C-->A
 1983:  1# B-->A
 1984:  7# C-->B
 1985:  1# A-->C
 1986:  2# A-->B
 1987:  1# C-->B
 1988:  3# A-->C
 1989:  1# B-->A
 1990:  2# B-->C
 1991:  1# A-->C
 1992:  4# A-->B
 1993:  1# C-->B
 1994:  2# C-->A
 1995:  1# B-->A
 1996:  3# C-->B
 1997:  1# A-->C
 1998:  2# A-->B
 1999:  1# C-->B
 2000:  5# A-->C
 2001:  1# B-->A
 2002:  2# B-->C
 2003:  1# A-->C
 2004:  3# B-->A
 2005:  1# C-->B
 2006:  2# C-->A
 2007:  1# B-->A
 2008:  4# B-->C
 2009:  1# A-->C
 2010:  2# A-->B
 2011:  1# C-->B
 2012:  3# A-->C
 2013:  1# B-->A
 2014:  2# B-->C
 2015:  1# A-->C
 2016:  6# A-->B
 2017:  1# C-->B
 2018:  2# C-->A
 2019:  1# B-->A
 2020:  3# C-->B
 2021:  1# A-->C
 2022:  2# A-->B
 2023:  1# C-->B
 2024:  4# C-->A
 2025:  1# B-->A
 2026:  2# B-->C
 2027:  1# A-->C
 2028:  3# B-->A
 2029:  1# C-->B
 2030:  2# C-->A
 2031:  1# B-->A
 2032:  5# C-->B
 2033:  1# A-->C
 2034:  2# A-->B
 2035:  1# C-->B
 2036:  3# A-->C
 2037:  1# B-->A
 2038:  2# B-->C
 2039:  1# A-->C
 2040:  4# A-->B
 2041:  1# C-->B
 2042:  2# C-->A
 2043:  1# B-->A
 2044:  3# C-->B
 2045:  1# A-->C
 2046:  2# A-->B
 2047:  1# C-->B
 2048: 12# C-->A
 2049:  1# B-->A
 2050:  2# B-->C
 2051:  1# A-->C
 2052:  3# B-->A
 2053:  1# C-->B
 2054:  2# C-->A
 2055:  1# B-->A
 2056:  4# B-->C
 2057:  1# A-->C
 2058:  2# A-->B
 2059:  1# C-->B
 2060:  3# A-->C
 2061:  1# B-->A
 2062:  2# B-->C
 2063:  1# A-->C
 2064:  5# B-->A
 2065:  1# C-->B
 2066:  2# C-->A
 2067:  1# B-->A
 2068:  3# C-->B
 2069:  1# A-->C
 2070:  2# A-->B
 2071:  1# C-->B
 2072:  4# C-->A
 2073:  1# B-->A
 2074:  2# B-->C
 2075:  1# A-->C
 2076:  3# B-->A
 2077:  1# C-->B
 2078:  2# C-->A
 2079:  1# B-->A
 2080:  6# B-->C
 2081:  1# A-->C
 2082:  2# A-->B
 2083:  1# C-->B
 2084:  3# A-->C
 2085:  1# B-->A
 2086:  2# B-->C
 2087:  1# A-->C
 2088:  4# A-->B
 2089:  1# C-->B
 2090:  2# C-->A
 2091:  1# B-->A
 2092:  3# C-->B
 2093:  1# A-->C
 2094:  2# A-->B
 2095:  1# C-->B
 2096:  5# A-->C
 2097:  1# B-->A
 2098:  2# B-->C
 2099:  1# A-->C
 2100:  3# B-->A
 2101:  1# C-->B
 2102:  2# C-->A
 2103:  1# B-->A
 2104:  4# B-->C
 2105:  1# A-->C
 2106:  2# A-->B
 2107:  1# C-->B
 2108:  3# A-->C
 2109:  1# B-->A
 2110:  2# B-->C
 2111:  1# A-->C
 2112:  7# B-->A
 2113:  1# C-->B
 2114:  2# C-->A
 2115:  1# B-->A
 2116:  3# C-->B
 2117:  1# A-->C
 2118:  2# A-->B
 2119:  1# C-->B
 2120:  4# C-->A
 2121:  1# B-->A
 2122:  2# B-->C
 2123:  1# A-->C
 2124:  3# B-->A
 2125:  1# C-->B
 2126:  2# C-->A
 2127:  1# B-->A
 2128:  5# C-->B
 2129:  1# A-->C
 2130:  2# A-->B
 2131:  1# C-->B
 2132:  3# A-->C
 2133:  1# B-->A
 2134:  2# B-->C
 2135:  1# A-->C
 2136:  4# A-->B
 2137:  1# C-->B
 2138:  2# C-->A
 2139:  1# B-->A
 2140:  3# C-->B
 2141:  1# A-->C
 2142:  2# A-->B
 2143:  1# C-->B
 2144:  6# C-->A
 2145:  1# B-->A
 2146:  2# B-->C
 2147:  1# A-->C
 2148:  3# B-->A
 2149:  1# C-->B
 2150:  2# C-->A
 2151:  1# B-->A
 2152:  4# B-->C
 2153:  1# A-->C
 2154:  2# A-->B
 2155:  1# C-->B
 2156:  3# A-->C
 2157:  1# B-->A
 2158:  2# B-->C
 2159:  1# A-->C
 2160:  5# B-->A
 2161:  1# C-->B
 2162:  2# C-->A
 2163:  1# B-->A
 2164:  3# C-->B
 2165:  1# A-->C
 2166:  2# A-->B
 2167:  1# C-->B
 2168:  4# C-->A
 2169:  1# B-->A
 2170:  2# B-->C
 2171:  1# A-->C
 2172:  3# B-->A
 2173:  1# C-->B
 2174:  2# C-->A
 2175:  1# B-->A
 2176:  8# B-->C
 2177:  1# A-->C
 2178:  2# A-->B
 2179:  1# C-->B
 2180:  3# A-->C
 2181:  1# B-->A
 2182:  2# B-->C
 2183:  1# A-->C
 2184:  4# A-->B
 2185:  1# C-->B
 2186:  2# C-->A
 2187:  1# B-->A
 2188:  3# C-->B
 2189:  1# A-->C
 2190:  2# A-->B
 2191:  1# C-->B
 2192:  5# A-->C
 2193:  1# B-->A
 2194:  2# B-->C
 2195:  1# A-->C
 2196:  3# B-->A
 2197:  1# C-->B
 2198:  2# C-->A
 2199:  1# B-->A
 2200:  4# B-->C
 2201:  1# A-->C
 2202:  2# A-->B
 2203:  1# C-->B
 2204:  3# A-->C
 2205:  1# B-->A
 2206:  2# B-->C
 2207:  1# A-->C
 2208:  6# A-->B
 2209:  1# C-->B
 2210:  2# C-->A
 2211:  1# B-->A
 2212:  3# C-->B
 2213:  1# A-->C
 2214:  2# A-->B
 2215:  1# C-->B
 2216:  4# C-->A
 2217:  1# B-->A
 2218:  2# B-->C
 2219:  1# A-->C
 2220:  3# B-->A
 2221:  1# C-->B
 2222:  2# C-->A
 2223:  1# B-->A
 2224:  5# C-->B
 2225:  1# A-->C
 2226:  2# A-->B
 2227:  1# C-->B
 2228:  3# A-->C
 2229:  1# B-->A
 2230:  2# B-->C
 2231:  1# A-->C
 2232:  4# A-->B
 2233:  1# C-->B
 2234:  2# C-->A
 2235:  1# B-->A
 2236:  3# C-->B
 2237:  1# A-->C
 2238:  2# A-->B
 2239:  1# C-->B
 2240:  7# A-->C
 2241:  1# B-->A
 2242:  2# B-->C
 2243:  1# A-->C
 2244:  3# B-->A
 2245:  1# C-->B
 2246:  2# C-->A
 2247:  1# B-->A
 2248:  4# B-->C
 2249:  1# A-->C
 2250:  2# A-->B
 2251:  1# C-->B
 2252:  3# A-->C
 2253:  1# B-->A
 2254:  2# B-->C
 2255:  1# A-->C
 2256:  5# B-->A
 2257:  1# C-->B
 2258:  2# C-->A
 2259:  1# B-->A
 2260:  3# C-->B
 2261:  1# A-->C
 2262:  2# A-->B
 2263:  1# C-->B
 2264:  4# C-->A
 2265:  1# B-->A
 2266:  2# B-->C
 2267:  1# A-->C
 2268:  3# B-->A
 2269:  1# C-->B
 2270:  2# C-->A
 2271:  1# B-->A
 2272:  6# B-->C
 2273:  1# A-->C
 2274:  2# A-->B
 2275:  1# C-->B
 2276:  3# A-->C
 2277:  1# B-->A
 2278:  2# B-->C
 2279:  1# A-->C
 2280:  4# A-->B
 2281:  1# C-->B
 2282:  2# C-->A
 2283:  1# B-->A
 2284:  3# C-->B
 2285:  1# A-->C
 2286:  2# A-->B
 2287:  1# C-->B
 2288:  5# A-->C
 2289:  1# B-->A
 2290:  2# B-->C
 2291:  1# A-->C
 2292:  3# B-->A
 2293:  1# C-->B
 2294:  2# C-->A
 2295:  1# B-->A
 2296:  4# B-->C
 2297:  1# A-->C
 2298:  2# A-->B
 2299:  1# C-->B
 2300:  3# A-->C
 2301:  1# B-->A
 2302:  2# B-->C
 2303:  1# A-->C
 2304:  9# B-->A
 2305:  1# C-->B
 2306:  2# C-->A
 2307:  1# B-->A
 2308:  3# C-->B
 2309:  1# A-->C
 2310:  2# A-->B
 2311:  1# C-->B
 2312:  4# C-->A
 2313:  1# B-->A
 2314:  2# B-->C
 2315:  1# A-->C
 2316:  3# B-->A
 2317:  1# C-->B
 2318:  2# C-->A
 2319:  1# B-->A
 2320:  5# C-->B
 2321:  1# A-->C
 2322:  2# A-->B
 2323:  1# C-->B
 2324:  3# A-->C
 2325:  1# B-->A
 2326:  2# B-->C
 2327:  1# A-->C
 2328:  4# A-->B
 2329:  1# C-->B
 2330:  2# C-->A
 2331:  1# B-->A
 2332:  3# C-->B
 2333:  1# A-->C
 2334:  2# A-->B
 2335:  1# C-->B
 2336:  6# C-->A
 2337:  1# B-->A
 2338:  2# B-->C
 2339:  1# A-->C
 2340:  3# B-->A
 2341:  1# C-->B
 2342:  2# C-->A
 2343:  1# B-->A
 2344:  4# B-->C
 2345:  1# A-->C
 2346:  2# A-->B
 2347:  1# C-->B
 2348:  3# A-->C
 2349:  1# B-->A
 2350:  2# B-->C
 2351:  1# A-->C
 2352:  5# B-->A
 2353:  1# C-->B
 2354:  2# C-->A
 2355:  1# B-->A
 2356:  3# C-->B
 2357:  1# A-->C
 2358:  2# A-->B
 2359:  1# C-->B
 2360:  4# C-->A
 2361:  1# B-->A
 2362:  2# B-->C
 2363:  1# A-->C
 2364:  3# B-->A
 2365:  1# C-->B
 2366:  2# C-->A
 2367:  1# B-->A
 2368:  7# C-->B
 2369:  1# A-->C
 2370:  2# A-->B
 2371:  1# C-->B
 2372:  3# A-->C
 2373:  1# B-->A
 2374:  2# B-->C
 2375:  1# A-->C
 2376:  4# A-->B
 2377:  1# C-->B
 2378:  2# C-->A
 2379:  1# B-->A
 2380:  3# C-->B
 2381:  1# A-->C
 2382:  2# A-->B
 2383:  1# C-->B
 2384:  5# A-->C
 2385:  1# B-->A
 2386:  2# B-->C
 2387:  1# A-->C
 2388:  3# B-->A
 2389:  1# C-->B
 2390:  2# C-->A
 2391:  1# B-->A
 2392:  4# B-->C
 2393:  1# A-->C
 2394:  2# A-->B
 2395:  1# C-->B
 2396:  3# A-->C
 2397:  1# B-->A
 2398:  2# B-->C
 2399:  1# A-->C
 2400:  6# A-->B
 2401:  1# C-->B
 2402:  2# C-->A
 2403:  1# B-->A
 2404:  3# C-->B
 2405:  1# A-->C
 2406:  2# A-->B
 2407:  1# C-->B
 2408:  4# C-->A
 2409:  1# B-->A
 2410:  2# B-->C
 2411:  1# A-->C
 2412:  3# B-->A
 2413:  1# C-->B
 2414:  2# C-->A
 2415:  1# B-->A
 2416:  5# C-->B
 2417:  1# A-->C
 2418:  2# A-->B
 2419:  1# C-->B
 2420:  3# A-->C
 2421:  1# B-->A
 2422:  2# B-->C
 2423:  1# A-->C
 2424:  4# A-->B
 2425:  1# C-->B
 2426:  2# C-->A
 2427:  1# B-->A
 2428:  3# C-->B
 2429:  1# A-->C
 2430:  2# A-->B
 2431:  1# C-->B
 2432:  8# C-->A
 2433:  1# B-->A
 2434:  2# B-->C
 2435:  1# A-->C
 2436:  3# B-->A
 2437:  1# C-->B
 2438:  2# C-->A
 2439:  1# B-->A
 2440:  4# B-->C
 2441:  1# A-->C
 2442:  2# A-->B
 2443:  1# C-->B
 2444:  3# A-->C
 2445:  1# B-->A
 2446:  2# B-->C
 2447:  1# A-->C
 2448:  5# B-->A
 2449:  1# C-->B
 2450:  2# C-->A
 2451:  1# B-->A
 2452:  3# C-->B
 2453:  1# A-->C
 2454:  2# A-->B
 2455:  1# C-->B
 2456:  4# C-->A
 2457:  1# B-->A
 2458:  2# B-->C
 2459:  1# A-->C
 2460:  3# B-->A
 2461:  1# C-->B
 2462:  2# C-->A
 2463:  1# B-->A
 2464:  6# B-->C
 2465:  1# A-->C
 2466:  2# A-->B
 2467:  1# C-->B
 2468:  3# A-->C
 2469:  1# B-->A
 2470:  2# B-->C
 2471:  1# A-->C
 2472:  4# A-->B
 2473:  1# C-->B
 2474:  2# C-->A
 2475:  1# B-->A
 2476:  3# C-->B
 2477:  1# A-->C
 2478:  2# A-->B
 2479:  1# C-->B
 2480:  5# A-->C
 2481:  1# B-->A
 2482:  2# B-->C
 2483:  1# A-->C
 2484:  3# B-->A
 2485:  1# C-->B
 2486:  2# C-->A
 2487:  1# B-->A
 2488:  4# B-->C
 2489:  1# A-->C
 2490:  2# A-->B
 2491:  1# C-->B
 2492:  3# A-->C
 2493:  1# B-->A
 2494:  2# B-->C
 2495:  1# A-->C
 2496:  7# B-->A
 2497:  1# C-->B
 2498:  2# C-->A
 2499:  1# B-->A
 2500:  3# C-->B
 2501:  1# A-->C
 2502:  2# A-->B
 2503:  1# C-->B
 2504:  4# C-->A
 2505:  1# B-->A
 2506:  2# B-->C
 2507:  1# A-->C
 2508:  3# B-->A
 2509:  1# C-->B
 2510:  2# C-->A
 2511:  1# B-->A
 2512:  5# C-->B
 2513:  1# A-->C
 2514:  2# A-->B
 2515:  1# C-->B
 2516:  3# A-->C
 2517:  1# B-->A
 2518:  2# B-->C
 2519:  1# A-->C
 2520:  4# A-->B
 2521:  1# C-->B
 2522:  2# C-->A
 2523:  1# B-->A
 2524:  3# C-->B
 2525:  1# A-->C
 2526:  2# A-->B
 2527:  1# C-->B
 2528:  6# C-->A
 2529:  1# B-->A
 2530:  2# B-->C
 2531:  1# A-->C
 2532:  3# B-->A
 2533:  1# C-->B
 2534:  2# C-->A
 2535:  1# B-->A
 2536:  4# B-->C
 2537:  1# A-->C
 2538:  2# A-->B
 2539:  1# C-->B
 2540:  3# A-->C
 2541:  1# B-->A
 2542:  2# B-->C
 2543:  1# A-->C
 2544:  5# B-->A
 2545:  1# C-->B
 2546:  2# C-->A
 2547:  1# B-->A
 2548:  3# C-->B
 2549:  1# A-->C
 2550:  2# A-->B
 2551:  1# C-->B
 2552:  4# C-->A
 2553:  1# B-->A
 2554:  2# B-->C
 2555:  1# A-->C
 2556:  3# B-->A
 2557:  1# C-->B
 2558:  2# C-->A
 2559:  1# B-->A
 2560: 10# B-->C
 2561:  1# A-->C
 2562:  2# A-->B
 2563:  1# C-->B
 2564:  3# A-->C
 2565:  1# B-->A
 2566:  2# B-->C
 2567:  1# A-->C
 2568:  4# A-->B
 2569:  1# C-->B
 2570:  2# C-->A
 2571:  1# B-->A
 2572:  3# C-->B
 2573:  1# A-->C
 2574:  2# A-->B
 2575:  1# C-->B
 2576:  5# A-->C
 2577:  1# B-->A
 2578:  2# B-->C
 2579:  1# A-->C
 2580:  3# B-->A
 2581:  1# C-->B
 2582:  2# C-->A
 2583:  1# B-->A
 2584:  4# B-->C
 2585:  1# A-->C
 2586:  2# A-->B
 2587:  1# C-->B
 2588:  3# A-->C
 2589:  1# B-->A
 2590:  2# B-->C
 2591:  1# A-->C
 2592:  6# A-->B
 2593:  1# C-->B
 2594:  2# C-->A
 2595:  1# B-->A
 2596:  3# C-->B
 2597:  1# A-->C
 2598:  2# A-->B
 2599:  1# C-->B
 2600:  4# C-->A
 2601:  1# B-->A
 2602:  2# B-->C
 2603:  1# A-->C
 2604:  3# B-->A
 2605:  1# C-->B
 2606:  2# C-->A
 2607:  1# B-->A
 2608:  5# C-->B
 2609:  1# A-->C
 2610:  2# A-->B
 2611:  1# C-->B
 2612:  3# A-->C
 2613:  1# B-->A
 2614:  2# B-->C
 2615:  1# A-->C
 2616:  4# A-->B
 2617:  1# C-->B
 2618:  2# C-->A
 2619:  1# B-->A
 2620:  3# C-->B
 2621:  1# A-->C
 2622:  2# A-->B
 2623:  1# C-->B
 2624:  7# A-->C
 2625:  1# B-->A
 2626:  2# B-->C
 2627:  1# A-->C
 2628:  3# B-->A
 2629:  1# C-->B
 2630:  2# C-->A
 2631:  1# B-->A
 2632:  4# B-->C
 2633:  1# A-->C
 2634:  2# A-->B
 2635:  1# C-->B
 2636:  3# A-->C
 2637:  1# B-->A
 2638:  2# B-->C
 2639:  1# A-->C
 2640:  5# B-->A
 2641:  1# C-->B
 2642:  2# C-->A
 2643:  1# B-->A
 2644:  3# C-->B
 2645:  1# A-->C
 2646:  2# A-->B
 2647:  1# C-->B
 2648:  4# C-->A
 2649:  1# B-->A
 2650:  2# B-->C
 2651:  1# A-->C
 2652:  3# B-->A
 2653:  1# C-->B
 2654:  2# C-->A
 2655:  1# B-->A
 2656:  6# B-->C
 2657:  1# A-->C
 2658:  2# A-->B
 2659:  1# C-->B
 2660:  3# A-->C
 2661:  1# B-->A
 2662:  2# B-->C
 2663:  1# A-->C
 2664:  4# A-->B
 2665:  1# C-->B
 2666:  2# C-->A
 2667:  1# B-->A
 2668:  3# C-->B
 2669:  1# A-->C
 2670:  2# A-->B
 2671:  1# C-->B
 2672:  5# A-->C
 2673:  1# B-->A
 2674:  2# B-->C
 2675:  1# A-->C
 2676:  3# B-->A
 2677:  1# C-->B
 2678:  2# C-->A
 2679:  1# B-->A
 2680:  4# B-->C
 2681:  1# A-->C
 2682:  2# A-->B
 2683:  1# C-->B
 2684:  3# A-->C
 2685:  1# B-->A
 2686:  2# B-->C
 2687:  1# A-->C
 2688:  8# A-->B
 2689:  1# C-->B
 2690:  2# C-->A
 2691:  1# B-->A
 2692:  3# C-->B
 2693:  1# A-->C
 2694:  2# A-->B
 2695:  1# C-->B
 2696:  4# C-->A
 2697:  1# B-->A
 2698:  2# B-->C
 2699:  1# A-->C
 2700:  3# B-->A
 2701:  1# C-->B
 2702:  2# C-->A
 2703:  1# B-->A
 2704:  5# C-->B
 2705:  1# A-->C
 2706:  2# A-->B
 2707:  1# C-->B
 2708:  3# A-->C
 2709:  1# B-->A
 2710:  2# B-->C
 2711:  1# A-->C
 2712:  4# A-->B
 2713:  1# C-->B
 2714:  2# C-->A
 2715:  1# B-->A
 2716:  3# C-->B
 2717:  1# A-->C
 2718:  2# A-->B
 2719:  1# C-->B
 2720:  6# C-->A
 2721:  1# B-->A
 2722:  2# B-->C
 2723:  1# A-->C
 2724:  3# B-->A
 2725:  1# C-->B
 2726:  2# C-->A
 2727:  1# B-->A
 2728:  4# B-->C
 2729:  1# A-->C
 2730:  2# A-->B
 2731:  1# C-->B
 2732:  3# A-->C
 2733:  1# B-->A
 2734:  2# B-->C
 2735:  1# A-->C
 2736:  5# B-->A
 2737:  1# C-->B
 2738:  2# C-->A
 2739:  1# B-->A
 2740:  3# C-->B
 2741:  1# A-->C
 2742:  2# A-->B
 2743:  1# C-->B
 2744:  4# C-->A
 2745:  1# B-->A
 2746:  2# B-->C
 2747:  1# A-->C
 2748:  3# B-->A
 2749:  1# C-->B
 2750:  2# C-->A
 2751:  1# B-->A
 2752:  7# C-->B
 2753:  1# A-->C
 2754:  2# A-->B
 2755:  1# C-->B
 2756:  3# A-->C
 2757:  1# B-->A
 2758:  2# B-->C
 2759:  1# A-->C
 2760:  4# A-->B
 2761:  1# C-->B
 2762:  2# C-->A
 2763:  1# B-->A
 2764:  3# C-->B
 2765:  1# A-->C
 2766:  2# A-->B
 2767:  1# C-->B
 2768:  5# A-->C
 2769:  1# B-->A
 2770:  2# B-->C
 2771:  1# A-->C
 2772:  3# B-->A
 2773:  1# C-->B
 2774:  2# C-->A
 2775:  1# B-->A
 2776:  4# B-->C
 2777:  1# A-->C
 2778:  2# A-->B
 2779:  1# C-->B
 2780:  3# A-->C
 2781:  1# B-->A
 2782:  2# B-->C
 2783:  1# A-->C
 2784:  6# A-->B
 2785:  1# C-->B
 2786:  2# C-->A
 2787:  1# B-->A
 2788:  3# C-->B
 2789:  1# A-->C
 2790:  2# A-->B
 2791:  1# C-->B
 2792:  4# C-->A
 2793:  1# B-->A
 2794:  2# B-->C
 2795:  1# A-->C
 2796:  3# B-->A
 2797:  1# C-->B
 2798:  2# C-->A
 2799:  1# B-->A
 2800:  5# C-->B
 2801:  1# A-->C
 2802:  2# A-->B
 2803:  1# C-->B
 2804:  3# A-->C
 2805:  1# B-->A
 2806:  2# B-->C
 2807:  1# A-->C
 2808:  4# A-->B
 2809:  1# C-->B
 2810:  2# C-->A
 2811:  1# B-->A
 2812:  3# C-->B
 2813:  1# A-->C
 2814:  2# A-->B
 2815:  1# C-->B
 2816:  9# A-->C
 2817:  1# B-->A
 2818:  2# B-->C
 2819:  1# A-->C
 2820:  3# B-->A
 2821:  1# C-->B
 2822:  2# C-->A
 2823:  1# B-->A
 2824:  4# B-->C
 2825:  1# A-->C
 2826:  2# A-->B
 2827:  1# C-->B
 2828:  3# A-->C
 2829:  1# B-->A
 2830:  2# B-->C
 2831:  1# A-->C
 2832:  5# B-->A
 2833:  1# C-->B
 2834:  2# C-->A
 2835:  1# B-->A
 2836:  3# C-->B
 2837:  1# A-->C
 2838:  2# A-->B
 2839:  1# C-->B
 2840:  4# C-->A
 2841:  1# B-->A
 2842:  2# B-->C
 2843:  1# A-->C
 2844:  3# B-->A
 2845:  1# C-->B
 2846:  2# C-->A
 2847:  1# B-->A
 2848:  6# B-->C
 2849:  1# A-->C
 2850:  2# A-->B
 2851:  1# C-->B
 2852:  3# A-->C
 2853:  1# B-->A
 2854:  2# B-->C
 2855:  1# A-->C
 2856:  4# A-->B
 2857:  1# C-->B
 2858:  2# C-->A
 2859:  1# B-->A
 2860:  3# C-->B
 2861:  1# A-->C
 2862:  2# A-->B
 2863:  1# C-->B
 2864:  5# A-->C
 2865:  1# B-->A
 2866:  2# B-->C
 2867:  1# A-->C
 2868:  3# B-->A
 2869:  1# C-->B
 2870:  2# C-->A
 2871:  1# B-->A
 2872:  4# B-->C
 2873:  1# A-->C
 2874:  2# A-->B
 2875:  1# C-->B
 2876:  3# A-->C
 2877:  1# B-->A
 2878:  2# B-->C
 2879:  1# A-->C
 2880:  7# B-->A
 2881:  1# C-->B
 2882:  2# C-->A
 2883:  1# B-->A
 2884:  3# C-->B
 2885:  1# A-->C
 2886:  2# A-->B
 2887:  1# C-->B
 2888:  4# C-->A
 2889:  1# B-->A
 2890:  2# B-->C
 2891:  1# A-->C
 2892:  3# B-->A
 2893:  1# C-->B
 2894:  2# C-->A
 2895:  1# B-->A
 2896:  5# C-->B
 2897:  1# A-->C
 2898:  2# A-->B
 2899:  1# C-->B
 2900:  3# A-->C
 2901:  1# B-->A
 2902:  2# B-->C
 2903:  1# A-->C
 2904:  4# A-->B
 2905:  1# C-->B
 2906:  2# C-->A
 2907:  1# B-->A
 2908:  3# C-->B
 2909:  1# A-->C
 2910:  2# A-->B
 2911:  1# C-->B
 2912:  6# C-->A
 2913:  1# B-->A
 2914:  2# B-->C
 2915:  1# A-->C
 2916:  3# B-->A
 2917:  1# C-->B
 2918:  2# C-->A
 2919:  1# B-->A
 2920:  4# B-->C
 2921:  1# A-->C
 2922:  2# A-->B
 2923:  1# C-->B
 2924:  3# A-->C
 2925:  1# B-->A
 2926:  2# B-->C
 2927:  1# A-->C
 2928:  5# B-->A
 2929:  1# C-->B
 2930:  2# C-->A
 2931:  1# B-->A
 2932:  3# C-->B
 2933:  1# A-->C
 2934:  2# A-->B
 2935:  1# C-->B
 2936:  4# C-->A
 2937:  1# B-->A
 2938:  2# B-->C
 2939:  1# A-->C
 2940:  3# B-->A
 2941:  1# C-->B
 2942:  2# C-->A
 2943:  1# B-->A
 2944:  8# B-->C
 2945:  1# A-->C
 2946:  2# A-->B
 2947:  1# C-->B
 2948:  3# A-->C
 2949:  1# B-->A
 2950:  2# B-->C
 2951:  1# A-->C
 2952:  4# A-->B
 2953:  1# C-->B
 2954:  2# C-->A
 2955:  1# B-->A
 2956:  3# C-->B
 2957:  1# A-->C
 2958:  2# A-->B
 2959:  1# C-->B
 2960:  5# A-->C
 2961:  1# B-->A
 2962:  2# B-->C
 2963:  1# A-->C
 2964:  3# B-->A
 2965:  1# C-->B
 2966:  2# C-->A
 2967:  1# B-->A
 2968:  4# B-->C
 2969:  1# A-->C
 2970:  2# A-->B
 2971:  1# C-->B
 2972:  3# A-->C
 2973:  1# B-->A
 2974:  2# B-->C
 2975:  1# A-->C
 2976:  6# A-->B
 2977:  1# C-->B
 2978:  2# C-->A
 2979:  1# B-->A
 2980:  3# C-->B
 2981:  1# A-->C
 2982:  2# A-->B
 2983:  1# C-->B
 2984:  4# C-->A
 2985:  1# B-->A
 2986:  2# B-->C
 2987:  1# A-->C
 2988:  3# B-->A
 2989:  1# C-->B
 2990:  2# C-->A
 2991:  1# B-->A
 2992:  5# C-->B
 2993:  1# A-->C
 2994:  2# A-->B
 2995:  1# C-->B
 2996:  3# A-->C
 2997:  1# B-->A
 2998:  2# B-->C
 2999:  1# A-->C
 3000:  4# A-->B
 3001:  1# C-->B
 3002:  2# C-->A
 3003:  1# B-->A
 3004:  3# C-->B
 3005:  1# A-->C
 3006:  2# A-->B
 3007:  1# C-->B
 3008:  7# A-->C
 3009:  1# B-->A
 3010:  2# B-->C
 3011:  1# A-->C
 3012:  3# B-->A
 3013:  1# C-->B
 3014:  2# C-->A
 3015:  1# B-->A
 3016:  4# B-->C
 3017:  1# A-->C
 3018:  2# A-->B
 3019:  1# C-->B
 3020:  3# A-->C
 3021:  1# B-->A
 3022:  2# B-->C
 3023:  1# A-->C
 3024:  5# B-->A
 3025:  1# C-->B
 3026:  2# C-->A
 3027:  1# B-->A
 3028:  3# C-->B
 3029:  1# A-->C
 3030:  2# A-->B
 3031:  1# C-->B
 3032:  4# C-->A
 3033:  1# B-->A
 3034:  2# B-->C
 3035:  1# A-->C
 3036:  3# B-->A
 3037:  1# C-->B
 3038:  2# C-->A
 3039:  1# B-->A
 3040:  6# B-->C
 3041:  1# A-->C
 3042:  2# A-->B
 3043:  1# C-->B
 3044:  3# A-->C
 3045:  1# B-->A
 3046:  2# B-->C
 3047:  1# A-->C
 3048:  4# A-->B
 3049:  1# C-->B
 3050:  2# C-->A
 3051:  1# B-->A
 3052:  3# C-->B
 3053:  1# A-->C
 3054:  2# A-->B
 3055:  1# C-->B
 3056:  5# A-->C
 3057:  1# B-->A
 3058:  2# B-->C
 3059:  1# A-->C
 3060:  3# B-->A
 3061:  1# C-->B
 3062:  2# C-->A
 3063:  1# B-->A
 3064:  4# B-->C
 3065:  1# A-->C
 3066:  2# A-->B
 3067:  1# C-->B
 3068:  3# A-->C
 3069:  1# B-->A
 3070:  2# B-->C
 3071:  1# A-->C
 3072: 11# B-->A
 3073:  1# C-->B
 3074:  2# C-->A
 3075:  1# B-->A
 3076:  3# C-->B
 3077:  1# A-->C
 3078:  2# A-->B
 3079:  1# C-->B
 3080:  4# C-->A
 3081:  1# B-->A
 3082:  2# B-->C
 3083:  1# A-->C
 3084:  3# B-->A
 3085:  1# C-->B
 3086:  2# C-->A
 3087:  1# B-->A
 3088:  5# C-->B
 3089:  1# A-->C
 3090:  2# A-->B
 3091:  1# C-->B
 3092:  3# A-->C
 3093:  1# B-->A
 3094:  2# B-->C
 3095:  1# A-->C
 3096:  4# A-->B
 3097:  1# C-->B
 3098:  2# C-->A
 3099:  1# B-->A
 3100:  3# C-->B
 3101:  1# A-->C
 3102:  2# A-->B
 3103:  1# C-->B
 3104:  6# C-->A
 3105:  1# B-->A
 3106:  2# B-->C
 3107:  1# A-->C
 3108:  3# B-->A
 3109:  1# C-->B
 3110:  2# C-->A
 3111:  1# B-->A
 3112:  4# B-->C
 3113:  1# A-->C
 3114:  2# A-->B
 3115:  1# C-->B
 3116:  3# A-->C
 3117:  1# B-->A
 3118:  2# B-->C
 3119:  1# A-->C
 3120:  5# B-->A
 3121:  1# C-->B
 3122:  2# C-->A
 3123:  1# B-->A
 3124:  3# C-->B
 3125:  1# A-->C
 3126:  2# A-->B
 3127:  1# C-->B
 3128:  4# C-->A
 3129:  1# B-->A
 3130:  2# B-->C
 3131:  1# A-->C
 3132:  3# B-->A
 3133:  1# C-->B
 3134:  2# C-->A
 3135:  1# B-->A
 3136:  7# C-->B
 3137:  1# A-->C
 3138:  2# A-->B
 3139:  1# C-->B
 3140:  3# A-->C
 3141:  1# B-->A
 3142:  2# B-->C
 3143:  1# A-->C
 3144:  4# A-->B
 3145:  1# C-->B
 3146:  2# C-->A
 3147:  1# B-->A
 3148:  3# C-->B
 3149:  1# A-->C
 3150:  2# A-->B
 3151:  1# C-->B
 3152:  5# A-->C
 3153:  1# B-->A
 3154:  2# B-->C
 3155:  1# A-->C
 3156:  3# B-->A
 3157:  1# C-->B
 3158:  2# C-->A
 3159:  1# B-->A
 3160:  4# B-->C
 3161:  1# A-->C
 3162:  2# A-->B
 3163:  1# C-->B
 3164:  3# A-->C
 3165:  1# B-->A
 3166:  2# B-->C
 3167:  1# A-->C
 3168:  6# A-->B
 3169:  1# C-->B
 3170:  2# C-->A
 3171:  1# B-->A
 3172:  3# C-->B
 3173:  1# A-->C
 3174:  2# A-->B
 3175:  1# C-->B
 3176:  4# C-->A
 3177:  1# B-->A
 3178:  2# B-->C
 3179:  1# A-->C
 3180:  3# B-->A
 3181:  1# C-->B
 3182:  2# C-->A
 3183:  1# B-->A
 3184:  5# C-->B
 3185:  1# A-->C
 3186:  2# A-->B
 3187:  1# C-->B
 3188:  3# A-->C
 3189:  1# B-->A
 3190:  2# B-->C
 3191:  1# A-->C
 3192:  4# A-->B
 3193:  1# C-->B
 3194:  2# C-->A
 3195:  1# B-->A
 3196:  3# C-->B
 3197:  1# A-->C
 3198:  2# A-->B
 3199:  1# C-->B
 3200:  8# C-->A
 3201:  1# B-->A
 3202:  2# B-->C
 3203:  1# A-->C
 3204:  3# B-->A
 3205:  1# C-->B
 3206:  2# C-->A
 3207:  1# B-->A
 3208:  4# B-->C
 3209:  1# A-->C
 3210:  2# A-->B
 3211:  1# C-->B
 3212:  3# A-->C
 3213:  1# B-->A
 3214:  2# B-->C
 3215:  1# A-->C
 3216:  5# B-->A
 3217:  1# C-->B
 3218:  2# C-->A
 3219:  1# B-->A
 3220:  3# C-->B
 3221:  1# A-->C
 3222:  2# A-->B
 3223:  1# C-->B
 3224:  4# C-->A
 3225:  1# B-->A
 3226:  2# B-->C
 3227:  1# A-->C
 3228:  3# B-->A
 3229:  1# C-->B
 3230:  2# C-->A
 3231:  1# B-->A
 3232:  6# B-->C
 3233:  1# A-->C
 3234:  2# A-->B
 3235:  1# C-->B
 3236:  3# A-->C
 3237:  1# B-->A
 3238:  2# B-->C
 3239:  1# A-->C
 3240:  4# A-->B
 3241:  1# C-->B
 3242:  2# C-->A
 3243:  1# B-->A
 3244:  3# C-->B
 3245:  1# A-->C
 3246:  2# A-->B
 3247:  1# C-->B
 3248:  5# A-->C
 3249:  1# B-->A
 3250:  2# B-->C
 3251:  1# A-->C
 3252:  3# B-->A
 3253:  1# C-->B
 3254:  2# C-->A
 3255:  1# B-->A
 3256:  4# B-->C
 3257:  1# A-->C
 3258:  2# A-->B
 3259:  1# C-->B
 3260:  3# A-->C
 3261:  1# B-->A
 3262:  2# B-->C
 3263:  1# A-->C
 3264:  7# B-->A
 3265:  1# C-->B
 3266:  2# C-->A
 3267:  1# B-->A
 3268:  3# C-->B
 3269:  1# A-->C
 3270:  2# A-->B
 3271:  1# C-->B
 3272:  4# C-->A
 3273:  1# B-->A
 3274:  2# B-->C
 3275:  1# A-->C
 3276:  3# B-->A
 3277:  1# C-->B
 3278:  2# C-->A
 3279:  1# B-->A
 3280:  5# C-->B
 3281:  1# A-->C
 3282:  2# A-->B
 3283:  1# C-->B
 3284:  3# A-->C
 3285:  1# B-->A
 3286:  2# B-->C
 3287:  1# A-->C
 3288:  4# A-->B
 3289:  1# C-->B
 3290:  2# C-->A
 3291:  1# B-->A
 3292:  3# C-->B
 3293:  1# A-->C
 3294:  2# A-->B
 3295:  1# C-->B
 3296:  6# C-->A
 3297:  1# B-->A
 3298:  2# B-->C
 3299:  1# A-->C
 3300:  3# B-->A
 3301:  1# C-->B
 3302:  2# C-->A
 3303:  1# B-->A
 3304:  4# B-->C
 3305:  1# A-->C
 3306:  2# A-->B
 3307:  1# C-->B
 3308:  3# A-->C
 3309:  1# B-->A
 3310:  2# B-->C
 3311:  1# A-->C
 3312:  5# B-->A
 3313:  1# C-->B
 3314:  2# C-->A
 3315:  1# B-->A
 3316:  3# C-->B
 3317:  1# A-->C
 3318:  2# A-->B
 3319:  1# C-->B
 3320:  4# C-->A
 3321:  1# B-->A
 3322:  2# B-->C
 3323:  1# A-->C
 3324:  3# B-->A
 3325:  1# C-->B
 3326:  2# C-->A
 3327:  1# B-->A
 3328:  9# C-->B
 3329:  1# A-->C
 3330:  2# A-->B
 3331:  1# C-->B
 3332:  3# A-->C
 3333:  1# B-->A
 3334:  2# B-->C
 3335:  1# A-->C
 3336:  4# A-->B
 3337:  1# C-->B
 3338:  2# C-->A
 3339:  1# B-->A
 3340:  3# C-->B
 3341:  1# A-->C
 3342:  2# A-->B
 3343:  1# C-->B
 3344:  5# A-->C
 3345:  1# B-->A
 3346:  2# B-->C
 3347:  1# A-->C
 3348:  3# B-->A
 3349:  1# C-->B
 3350:  2# C-->A
 3351:  1# B-->A
 3352:  4# B-->C
 3353:  1# A-->C
 3354:  2# A-->B
 3355:  1# C-->B
 3356:  3# A-->C
 3357:  1# B-->A
 3358:  2# B-->C
 3359:  1# A-->C
 3360:  6# A-->B
 3361:  1# C-->B
 3362:  2# C-->A
 3363:  1# B-->A
 3364:  3# C-->B
 3365:  1# A-->C
 3366:  2# A-->B
 3367:  1# C-->B
 3368:  4# C-->A
 3369:  1# B-->A
 3370:  2# B-->C
 3371:  1# A-->C
 3372:  3# B-->A
 3373:  1# C-->B
 3374:  2# C-->A
 3375:  1# B-->A
 3376:  5# C-->B
 3377:  1# A-->C
 3378:  2# A-->B
 3379:  1# C-->B
 3380:  3# A-->C
 3381:  1# B-->A
 3382:  2# B-->C
 3383:  1# A-->C
 3384:  4# A-->B
 3385:  1# C-->B
 3386:  2# C-->A
 3387:  1# B-->A
 3388:  3# C-->B
 3389:  1# A-->C
 3390:  2# A-->B
 3391:  1# C-->B
 3392:  7# A-->C
 3393:  1# B-->A
 3394:  2# B-->C
 3395:  1# A-->C
 3396:  3# B-->A
 3397:  1# C-->B
 3398:  2# C-->A
 3399:  1# B-->A
 3400:  4# B-->C
 3401:  1# A-->C
 3402:  2# A-->B
 3403:  1# C-->B
 3404:  3# A-->C
 3405:  1# B-->A
 3406:  2# B-->C
 3407:  1# A-->C
 3408:  5# B-->A
 3409:  1# C-->B
 3410:  2# C-->A
 3411:  1# B-->A
 3412:  3# C-->B
 3413:  1# A-->C
 3414:  2# A-->B
 3415:  1# C-->B
 3416:  4# C-->A
 3417:  1# B-->A
 3418:  2# B-->C
 3419:  1# A-->C
 3420:  3# B-->A
 3421:  1# C-->B
 3422:  2# C-->A
 3423:  1# B-->A
 3424:  6# B-->C
 3425:  1# A-->C
 3426:  2# A-->B
 3427:  1# C-->B
 3428:  3# A-->C
 3429:  1# B-->A
 3430:  2# B-->C
 3431:  1# A-->C
 3432:  4# A-->B
 3433:  1# C-->B
 3434:  2# C-->A
 3435:  1# B-->A
 3436:  3# C-->B
 3437:  1# A-->C
 3438:  2# A-->B
 3439:  1# C-->B
 3440:  5# A-->C
 3441:  1# B-->A
 3442:  2# B-->C
 3443:  1# A-->C
 3444:  3# B-->A
 3445:  1# C-->B
 3446:  2# C-->A
 3447:  1# B-->A
 3448:  4# B-->C
 3449:  1# A-->C
 3450:  2# A-->B
 3451:  1# C-->B
 3452:  3# A-->C
 3453:  1# B-->A
 3454:  2# B-->C
 3455:  1# A-->C
 3456:  8# A-->B
 3457:  1# C-->B
 3458:  2# C-->A
 3459:  1# B-->A
 3460:  3# C-->B
 3461:  1# A-->C
 3462:  2# A-->B
 3463:  1# C-->B
 3464:  4# C-->A
 3465:  1# B-->A
 3466:  2# B-->C
 3467:  1# A-->C
 3468:  3# B-->A
 3469:  1# C-->B
 3470:  2# C-->A
 3471:  1# B-->A
 3472:  5# C-->B
 3473:  1# A-->C
 3474:  2# A-->B
 3475:  1# C-->B
 3476:  3# A-->C
 3477:  1# B-->A
 3478:  2# B-->C
 3479:  1# A-->C
 3480:  4# A-->B
 3481:  1# C-->B
 3482:  2# C-->A
 3483:  1# B-->A
 3484:  3# C-->B
 3485:  1# A-->C
 3486:  2# A-->B
 3487:  1# C-->B
 3488:  6# C-->A
 3489:  1# B-->A
 3490:  2# B-->C
 3491:  1# A-->C
 3492:  3# B-->A
 3493:  1# C-->B
 3494:  2# C-->A
 3495:  1# B-->A
 3496:  4# B-->C
 3497:  1# A-->C
 3498:  2# A-->B
 3499:  1# C-->B
 3500:  3# A-->C
 3501:  1# B-->A
 3502:  2# B-->C
 3503:  1# A-->C
 3504:  5# B-->A
 3505:  1# C-->B
 3506:  2# C-->A
 3507:  1# B-->A
 3508:  3# C-->B
 3509:  1# A-->C
 3510:  2# A-->B
 3511:  1# C-->B
 3512:  4# C-->A
 3513:  1# B-->A
 3514:  2# B-->C
 3515:  1# A-->C
 3516:  3# B-->A
 3517:  1# C-->B
 3518:  2# C-->A
 3519:  1# B-->A
 3520:  7# C-->B
 3521:  1# A-->C
 3522:  2# A-->B
 3523:  1# C-->B
 3524:  3# A-->C
 3525:  1# B-->A
 3526:  2# B-->C
 3527:  1# A-->C
 3528:  4# A-->B
 3529:  1# C-->B
 3530:  2# C-->A
 3531:  1# B-->A
 3532:  3# C-->B
 3533:  1# A-->C
 3534:  2# A-->B
 3535:  1# C-->B
 3536:  5# A-->C
 3537:  1# B-->A
 3538:  2# B-->C
 3539:  1# A-->C
 3540:  3# B-->A
 3541:  1# C-->B
 3542:  2# C-->A
 3543:  1# B-->A
 3544:  4# B-->C
 3545:  1# A-->C
 3546:  2# A-->B
 3547:  1# C-->B
 3548:  3# A-->C
 3549:  1# B-->A
 3550:  2# B-->C
 3551:  1# A-->C
 3552:  6# A-->B
 3553:  1# C-->B
 3554:  2# C-->A
 3555:  1# B-->A
 3556:  3# C-->B
 3557:  1# A-->C
 3558:  2# A-->B
 3559:  1# C-->B
 3560:  4# C-->A
 3561:  1# B-->A
 3562:  2# B-->C
 3563:  1# A-->C
 3564:  3# B-->A
 3565:  1# C-->B
 3566:  2# C-->A
 3567:  1# B-->A
 3568:  5# C-->B
 3569:  1# A-->C
 3570:  2# A-->B
 3571:  1# C-->B
 3572:  3# A-->C
 3573:  1# B-->A
 3574:  2# B-->C
 3575:  1# A-->C
 3576:  4# A-->B
 3577:  1# C-->B
 3578:  2# C-->A
 3579:  1# B-->A
 3580:  3# C-->B
 3581:  1# A-->C
 3582:  2# A-->B
 3583:  1# C-->B
 3584: 10# C-->A
 3585:  1# B-->A
 3586:  2# B-->C
 3587:  1# A-->C
 3588:  3# B-->A
 3589:  1# C-->B
 3590:  2# C-->A
 3591:  1# B-->A
 3592:  4# B-->C
 3593:  1# A-->C
 3594:  2# A-->B
 3595:  1# C-->B
 3596:  3# A-->C
 3597:  1# B-->A
 3598:  2# B-->C
 3599:  1# A-->C
 3600:  5# B-->A
 3601:  1# C-->B
 3602:  2# C-->A
 3603:  1# B-->A
 3604:  3# C-->B
 3605:  1# A-->C
 3606:  2# A-->B
 3607:  1# C-->B
 3608:  4# C-->A
 3609:  1# B-->A
 3610:  2# B-->C
 3611:  1# A-->C
 3612:  3# B-->A
 3613:  1# C-->B
 3614:  2# C-->A
 3615:  1# B-->A
 3616:  6# B-->C
 3617:  1# A-->C
 3618:  2# A-->B
 3619:  1# C-->B
 3620:  3# A-->C
 3621:  1# B-->A
 3622:  2# B-->C
 3623:  1# A-->C
 3624:  4# A-->B
 3625:  1# C-->B
 3626:  2# C-->A
 3627:  1# B-->A
 3628:  3# C-->B
 3629:  1# A-->C
 3630:  2# A-->B
 3631:  1# C-->B
 3632:  5# A-->C
 3633:  1# B-->A
 3634:  2# B-->C
 3635:  1# A-->C
 3636:  3# B-->A
 3637:  1# C-->B
 3638:  2# C-->A
 3639:  1# B-->A
 3640:  4# B-->C
 3641:  1# A-->C
 3642:  2# A-->B
 3643:  1# C-->B
 3644:  3# A-->C
 3645:  1# B-->A
 3646:  2# B-->C
 3647:  1# A-->C
 3648:  7# B-->A
 3649:  1# C-->B
 3650:  2# C-->A
 3651:  1# B-->A
 3652:  3# C-->B
 3653:  1# A-->C
 3654:  2# A-->B
 3655:  1# C-->B
 3656:  4# C-->A
 3657:  1# B-->A
 3658:  2# B-->C
 3659:  1# A-->C
 3660:  3# B-->A
 3661:  1# C-->B
 3662:  2# C-->A
 3663:  1# B-->A
 3664:  5# C-->B
 3665:  1# A-->C
 3666:  2# A-->B
 3667:  1# C-->B
 3668:  3# A-->C
 3669:  1# B-->A
 3670:  2# B-->C
 3671:  1# A-->C
 3672:  4# A-->B
 3673:  1# C-->B
 3674:  2# C-->A
 3675:  1# B-->A
 3676:  3# C-->B
 3677:  1# A-->C
 3678:  2# A-->B
 3679:  1# C-->B
 3680:  6# C-->A
 3681:  1# B-->A
 3682:  2# B-->C
 3683:  1# A-->C
 3684:  3# B-->A
 3685:  1# C-->B
 3686:  2# C-->A
 3687:  1# B-->A
 3688:  4# B-->C
 3689:  1# A-->C
 3690:  2# A-->B
 3691:  1# C-->B
 3692:  3# A-->C
 3693:  1# B-->A
 3694:  2# B-->C
 3695:  1# A-->C
 3696:  5# B-->A
 3697:  1# C-->B
 3698:  2# C-->A
 3699:  1# B-->A
 3700:  3# C-->B
 3701:  1# A-->C
 3702:  2# A-->B
 3703:  1# C-->B
 3704:  4# C-->A
 3705:  1# B-->A
 3706:  2# B-->C
 3707:  1# A-->C
 3708:  3# B-->A
 3709:  1# C-->B
 3710:  2# C-->A
 3711:  1# B-->A
 3712:  8# B-->C
 3713:  1# A-->C
 3714:  2# A-->B
 3715:  1# C-->B
 3716:  3# A-->C
 3717:  1# B-->A
 3718:  2# B-->C
 3719:  1# A-->C
 3720:  4# A-->B
 3721:  1# C-->B
 3722:  2# C-->A
 3723:  1# B-->A
 3724:  3# C-->B
 3725:  1# A-->C
 3726:  2# A-->B
 3727:  1# C-->B
 3728:  5# A-->C
 3729:  1# B-->A
 3730:  2# B-->C
 3731:  1# A-->C
 3732:  3# B-->A
 3733:  1# C-->B
 3734:  2# C-->A
 3735:  1# B-->A
 3736:  4# B-->C
 3737:  1# A-->C
 3738:  2# A-->B
 3739:  1# C-->B
 3740:  3# A-->C
 3741:  1# B-->A
 3742:  2# B-->C
 3743:  1# A-->C
 3744:  6# A-->B
 3745:  1# C-->B
 3746:  2# C-->A
 3747:  1# B-->A
 3748:  3# C-->B
 3749:  1# A-->C
 3750:  2# A-->B
 3751:  1# C-->B
 3752:  4# C-->A
 3753:  1# B-->A
 3754:  2# B-->C
 3755:  1# A-->C
 3756:  3# B-->A
 3757:  1# C-->B
 3758:  2# C-->A
 3759:  1# B-->A
 3760:  5# C-->B
 3761:  1# A-->C
 3762:  2# A-->B
 3763:  1# C-->B
 3764:  3# A-->C
 3765:  1# B-->A
 3766:  2# B-->C
 3767:  1# A-->C
 3768:  4# A-->B
 3769:  1# C-->B
 3770:  2# C-->A
 3771:  1# B-->A
 3772:  3# C-->B
 3773:  1# A-->C
 3774:  2# A-->B
 3775:  1# C-->B
 3776:  7# A-->C
 3777:  1# B-->A
 3778:  2# B-->C
 3779:  1# A-->C
 3780:  3# B-->A
 3781:  1# C-->B
 3782:  2# C-->A
 3783:  1# B-->A
 3784:  4# B-->C
 3785:  1# A-->C
 3786:  2# A-->B
 3787:  1# C-->B
 3788:  3# A-->C
 3789:  1# B-->A
 3790:  2# B-->C
 3791:  1# A-->C
 3792:  5# B-->A
 3793:  1# C-->B
 3794:  2# C-->A
 3795:  1# B-->A
 3796:  3# C-->B
 3797:  1# A-->C
 3798:  2# A-->B
 3799:  1# C-->B
 3800:  4# C-->A
 3801:  1# B-->A
 3802:  2# B-->C
 3803:  1# A-->C
 3804:  3# B-->A
 3805:  1# C-->B
 3806:  2# C-->A
 3807:  1# B-->A
 3808:  6# B-->C
 3809:  1# A-->C
 3810:  2# A-->B
 3811:  1# C-->B
 3812:  3# A-->C
 3813:  1# B-->A
 3814:  2# B-->C
 3815:  1# A-->C
 3816:  4# A-->B
 3817:  1# C-->B
 3818:  2# C-->A
 3819:  1# B-->A
 3820:  3# C-->B
 3821:  1# A-->C
 3822:  2# A-->B
 3823:  1# C-->B
 3824:  5# A-->C
 3825:  1# B-->A
 3826:  2# B-->C
 3827:  1# A-->C
 3828:  3# B-->A
 3829:  1# C-->B
 3830:  2# C-->A
 3831:  1# B-->A
 3832:  4# B-->C
 3833:  1# A-->C
 3834:  2# A-->B
 3835:  1# C-->B
 3836:  3# A-->C
 3837:  1# B-->A
 3838:  2# B-->C
 3839:  1# A-->C
 3840:  9# B-->A
 3841:  1# C-->B
 3842:  2# C-->A
 3843:  1# B-->A
 3844:  3# C-->B
 3845:  1# A-->C
 3846:  2# A-->B
 3847:  1# C-->B
 3848:  4# C-->A
 3849:  1# B-->A
 3850:  2# B-->C
 3851:  1# A-->C
 3852:  3# B-->A
 3853:  1# C-->B
 3854:  2# C-->A
 3855:  1# B-->A
 3856:  5# C-->B
 3857:  1# A-->C
 3858:  2# A-->B
 3859:  1# C-->B
 3860:  3# A-->C
 3861:  1# B-->A
 3862:  2# B-->C
 3863:  1# A-->C
 3864:  4# A-->B
 3865:  1# C-->B
 3866:  2# C-->A
 3867:  1# B-->A
 3868:  3# C-->B
 3869:  1# A-->C
 3870:  2# A-->B
 3871:  1# C-->B
 3872:  6# C-->A
 3873:  1# B-->A
 3874:  2# B-->C
 3875:  1# A-->C
 3876:  3# B-->A
 3877:  1# C-->B
 3878:  2# C-->A
 3879:  1# B-->A
 3880:  4# B-->C
 3881:  1# A-->C
 3882:  2# A-->B
 3883:  1# C-->B
 3884:  3# A-->C
 3885:  1# B-->A
 3886:  2# B-->C
 3887:  1# A-->C
 3888:  5# B-->A
 3889:  1# C-->B
 3890:  2# C-->A
 3891:  1# B-->A
 3892:  3# C-->B
 3893:  1# A-->C
 3894:  2# A-->B
 3895:  1# C-->B
 3896:  4# C-->A
 3897:  1# B-->A
 3898:  2# B-->C
 3899:  1# A-->C
 3900:  3# B-->A
 3901:  1# C-->B
 3902:  2# C-->A
 3903:  1# B-->A
 3904:  7# C-->B
 3905:  1# A-->C
 3906:  2# A-->B
 3907:  1# C-->B
 3908:  3# A-->C
 3909:  1# B-->A
 3910:  2# B-->C
 3911:  1# A-->C
 3912:  4# A-->B
 3913:  1# C-->B
 3914:  2# C-->A
 3915:  1# B-->A
 3916:  3# C-->B
 3917:  1# A-->C
 3918:  2# A-->B
 3919:  1# C-->B
 3920:  5# A-->C
 3921:  1# B-->A
 3922:  2# B-->C
 3923:  1# A-->C
 3924:  3# B-->A
 3925:  1# C-->B
 3926:  2# C-->A
 3927:  1# B-->A
 3928:  4# B-->C
 3929:  1# A-->C
 3930:  2# A-->B
 3931:  1# C-->B
 3932:  3# A-->C
 3933:  1# B-->A
 3934:  2# B-->C
 3935:  1# A-->C
 3936:  6# A-->B
 3937:  1# C-->B
 3938:  2# C-->A
 3939:  1# B-->A
 3940:  3# C-->B
 3941:  1# A-->C
 3942:  2# A-->B
 3943:  1# C-->B
 3944:  4# C-->A
 3945:  1# B-->A
 3946:  2# B-->C
 3947:  1# A-->C
 3948:  3# B-->A
 3949:  1# C-->B
 3950:  2# C-->A
 3951:  1# B-->A
 3952:  5# C-->B
 3953:  1# A-->C
 3954:  2# A-->B
 3955:  1# C-->B
 3956:  3# A-->C
 3957:  1# B-->A
 3958:  2# B-->C
 3959:  1# A-->C
 3960:  4# A-->B
 3961:  1# C-->B
 3962:  2# C-->A
 3963:  1# B-->A
 3964:  3# C-->B
 3965:  1# A-->C
 3966:  2# A-->B
 3967:  1# C-->B
 3968:  8# C-->A
 3969:  1# B-->A
 3970:  2# B-->C
 3971:  1# A-->C
 3972:  3# B-->A
 3973:  1# C-->B
 3974:  2# C-->A
 3975:  1# B-->A
 3976:  4# B-->C
 3977:  1# A-->C
 3978:  2# A-->B
 3979:  1# C-->B
 3980:  3# A-->C
 3981:  1# B-->A
 3982:  2# B-->C
 3983:  1# A-->C
 3984:  5# B-->A
 3985:  1# C-->B
 3986:  2# C-->A
 3987:  1# B-->A
 3988:  3# C-->B
 3989:  1# A-->C
 3990:  2# A-->B
 3991:  1# C-->B
 3992:  4# C-->A
 3993:  1# B-->A
 3994:  2# B-->C
 3995:  1# A-->C
 3996:  3# B-->A
 3997:  1# C-->B
 3998:  2# C-->A
 3999:  1# B-->A
 4000:  6# B-->C
 4001:  1# A-->C
 4002:  2# A-->B
 4003:  1# C-->B
 4004:  3# A-->C
 4005:  1# B-->A
 4006:  2# B-->C
 4007:  1# A-->C
 4008:  4# A-->B
 4009:  1# C-->B
 4010:  2# C-->A
 4011:  1# B-->A
 4012:  3# C-->B
 4013:  1# A-->C
 4014:  2# A-->B
 4015:  1# C-->B
 4016:  5# A-->C
 4017:  1# B-->A
 4018:  2# B-->C
 4019:  1# A-->C
 4020:  3# B-->A
 4021:  1# C-->B
 4022:  2# C-->A
 4023:  1# B-->A
 4024:  4# B-->C
 4025:  1# A-->C
 4026:  2# A-->B
 4027:  1# C-->B
 4028:  3# A-->C
 4029:  1# B-->A
 4030:  2# B-->C
 4031:  1# A-->C
 4032:  7# B-->A
 4033:  1# C-->B
 4034:  2# C-->A
 4035:  1# B-->A
 4036:  3# C-->B
 4037:  1# A-->C
 4038:  2# A-->B
 4039:  1# C-->B
 4040:  4# C-->A
 4041:  1# B-->A
 4042:  2# B-->C
 4043:  1# A-->C
 4044:  3# B-->A
 4045:  1# C-->B
 4046:  2# C-->A
 4047:  1# B-->A
 4048:  5# C-->B
 4049:  1# A-->C
 4050:  2# A-->B
 4051:  1# C-->B
 4052:  3# A-->C
 4053:  1# B-->A
 4054:  2# B-->C
 4055:  1# A-->C
 4056:  4# A-->B
 4057:  1# C-->B
 4058:  2# C-->A
 4059:  1# B-->A
 4060:  3# C-->B
 4061:  1# A-->C
 4062:  2# A-->B
 4063:  1# C-->B
 4064:  6# C-->A
 4065:  1# B-->A
 4066:  2# B-->C
 4067:  1# A-->C
 4068:  3# B-->A
 4069:  1# C-->B
 4070:  2# C-->A
 4071:  1# B-->A
 4072:  4# B-->C
 4073:  1# A-->C
 4074:  2# A-->B
 4075:  1# C-->B
 4076:  3# A-->C
 4077:  1# B-->A
 4078:  2# B-->C
 4079:  1# A-->C
 4080:  5# B-->A
 4081:  1# C-->B
 4082:  2# C-->A
 4083:  1# B-->A
 4084:  3# C-->B
 4085:  1# A-->C
 4086:  2# A-->B
 4087:  1# C-->B
 4088:  4# C-->A
 4089:  1# B-->A
 4090:  2# B-->C
 4091:  1# A-->C
 4092:  3# B-->A
 4093:  1# C-->B
 4094:  2# C-->A
 4095:  1# B-->A
 4096: 13# C-->B
 4097:  1# A-->C
 4098:  2# A-->B
 4099:  1# C-->B
 4100:  3# A-->C
 4101:  1# B-->A
 4102:  2# B-->C
 4103:  1# A-->C
 4104:  4# A-->B
 4105:  1# C-->B
 4106:  2# C-->A
 4107:  1# B-->A
 4108:  3# C-->B
 4109:  1# A-->C
 4110:  2# A-->B
 4111:  1# C-->B
 4112:  5# A-->C
 4113:  1# B-->A
 4114:  2# B-->C
 4115:  1# A-->C
 4116:  3# B-->A
 4117:  1# C-->B
 4118:  2# C-->A
 4119:  1# B-->A
 4120:  4# B-->C
 4121:  1# A-->C
 4122:  2# A-->B
 4123:  1# C-->B
 4124:  3# A-->C
 4125:  1# B-->A
 4126:  2# B-->C
 4127:  1# A-->C
 4128:  6# A-->B
 4129:  1# C-->B
 4130:  2# C-->A
 4131:  1# B-->A
 4132:  3# C-->B
 4133:  1# A-->C
 4134:  2# A-->B
 4135:  1# C-->B
 4136:  4# C-->A
 4137:  1# B-->A
 4138:  2# B-->C
 4139:  1# A-->C
 4140:  3# B-->A
 4141:  1# C-->B
 4142:  2# C-->A
 4143:  1# B-->A
 4144:  5# C-->B
 4145:  1# A-->C
 4146:  2# A-->B
 4147:  1# C-->B
 4148:  3# A-->C
 4149:  1# B-->A
 4150:  2# B-->C
 4151:  1# A-->C
 4152:  4# A-->B
 4153:  1# C-->B
 4154:  2# C-->A
 4155:  1# B-->A
 4156:  3# C-->B
 4157:  1# A-->C
 4158:  2# A-->B
 4159:  1# C-->B
 4160:  7# A-->C
 4161:  1# B-->A
 4162:  2# B-->C
 4163:  1# A-->C
 4164:  3# B-->A
 4165:  1# C-->B
 4166:  2# C-->A
 4167:  1# B-->A
 4168:  4# B-->C
 4169:  1# A-->C
 4170:  2# A-->B
 4171:  1# C-->B
 4172:  3# A-->C
 4173:  1# B-->A
 4174:  2# B-->C
 4175:  1# A-->C
 4176:  5# B-->A
 4177:  1# C-->B
 4178:  2# C-->A
 4179:  1# B-->A
 4180:  3# C-->B
 4181:  1# A-->C
 4182:  2# A-->B
 4183:  1# C-->B
 4184:  4# C-->A
 4185:  1# B-->A
 4186:  2# B-->C
 4187:  1# A-->C
 4188:  3# B-->A
 4189:  1# C-->B
 4190:  2# C-->A
 4191:  1# B-->A
 4192:  6# B-->C
 4193:  1# A-->C
 4194:  2# A-->B
 4195:  1# C-->B
 4196:  3# A-->C
 4197:  1# B-->A
 4198:  2# B-->C
 4199:  1# A-->C
 4200:  4# A-->B
 4201:  1# C-->B
 4202:  2# C-->A
 4203:  1# B-->A
 4204:  3# C-->B
 4205:  1# A-->C
 4206:  2# A-->B
 4207:  1# C-->B
 4208:  5# A-->C
 4209:  1# B-->A
 4210:  2# B-->C
 4211:  1# A-->C
 4212:  3# B-->A
 4213:  1# C-->B
 4214:  2# C-->A
 4215:  1# B-->A
 4216:  4# B-->C
 4217:  1# A-->C
 4218:  2# A-->B
 4219:  1# C-->B
 4220:  3# A-->C
 4221:  1# B-->A
 4222:  2# B-->C
 4223:  1# A-->C
 4224:  8# A-->B
 4225:  1# C-->B
 4226:  2# C-->A
 4227:  1# B-->A
 4228:  3# C-->B
 4229:  1# A-->C
 4230:  2# A-->B
 4231:  1# C-->B
 4232:  4# C-->A
 4233:  1# B-->A
 4234:  2# B-->C
 4235:  1# A-->C
 4236:  3# B-->A
 4237:  1# C-->B
 4238:  2# C-->A
 4239:  1# B-->A
 4240:  5# C-->B
 4241:  1# A-->C
 4242:  2# A-->B
 4243:  1# C-->B
 4244:  3# A-->C
 4245:  1# B-->A
 4246:  2# B-->C
 4247:  1# A-->C
 4248:  4# A-->B
 4249:  1# C-->B
 4250:  2# C-->A
 4251:  1# B-->A
 4252:  3# C-->B
 4253:  1# A-->C
 4254:  2# A-->B
 4255:  1# C-->B
 4256:  6# C-->A
 4257:  1# B-->A
 4258:  2# B-->C
 4259:  1# A-->C
 4260:  3# B-->A
 4261:  1# C-->B
 4262:  2# C-->A
 4263:  1# B-->A
 4264:  4# B-->C
 4265:  1# A-->C
 4266:  2# A-->B
 4267:  1# C-->B
 4268:  3# A-->C
 4269:  1# B-->A
 4270:  2# B-->C
 4271:  1# A-->C
 4272:  5# B-->A
 4273:  1# C-->B
 4274:  2# C-->A
 4275:  1# B-->A
 4276:  3# C-->B
 4277:  1# A-->C
 4278:  2# A-->B
 4279:  1# C-->B
 4280:  4# C-->A
 4281:  1# B-->A
 4282:  2# B-->C
 4283:  1# A-->C
 4284:  3# B-->A
 4285:  1# C-->B
 4286:  2# C-->A
 4287:  1# B-->A
 4288:  7# C-->B
 4289:  1# A-->C
 4290:  2# A-->B
 4291:  1# C-->B
 4292:  3# A-->C
 4293:  1# B-->A
 4294:  2# B-->C
 4295:  1# A-->C
 4296:  4# A-->B
 4297:  1# C-->B
 4298:  2# C-->A
 4299:  1# B-->A
 4300:  3# C-->B
 4301:  1# A-->C
 4302:  2# A-->B
 4303:  1# C-->B
 4304:  5# A-->C
 4305:  1# B-->A
 4306:  2# B-->C
 4307:  1# A-->C
 4308:  3# B-->A
 4309:  1# C-->B
 4310:  2# C-->A
 4311:  1# B-->A
 4312:  4# B-->C
 4313:  1# A-->C
 4314:  2# A-->B
 4315:  1# C-->B
 4316:  3# A-->C
 4317:  1# B-->A
 4318:  2# B-->C
 4319:  1# A-->C
 4320:  6# A-->B
 4321:  1# C-->B
 4322:  2# C-->A
 4323:  1# B-->A
 4324:  3# C-->B
 4325:  1# A-->C
 4326:  2# A-->B
 4327:  1# C-->B
 4328:  4# C-->A
 4329:  1# B-->A
 4330:  2# B-->C
 4331:  1# A-->C
 4332:  3# B-->A
 4333:  1# C-->B
 4334:  2# C-->A
 4335:  1# B-->A
 4336:  5# C-->B
 4337:  1# A-->C
 4338:  2# A-->B
 4339:  1# C-->B
 4340:  3# A-->C
 4341:  1# B-->A
 4342:  2# B-->C
 4343:  1# A-->C
 4344:  4# A-->B
 4345:  1# C-->B
 4346:  2# C-->A
 4347:  1# B-->A
 4348:  3# C-->B
 4349:  1# A-->C
 4350:  2# A-->B
 4351:  1# C-->B
 4352:  9# A-->C
 4353:  1# B-->A
 4354:  2# B-->C
 4355:  1# A-->C
 4356:  3# B-->A
 4357:  1# C-->B
 4358:  2# C-->A
 4359:  1# B-->A
 4360:  4# B-->C
 4361:  1# A-->C
 4362:  2# A-->B
 4363:  1# C-->B
 4364:  3# A-->C
 4365:  1# B-->A
 4366:  2# B-->C
 4367:  1# A-->C
 4368:  5# B-->A
 4369:  1# C-->B
 4370:  2# C-->A
 4371:  1# B-->A
 4372:  3# C-->B
 4373:  1# A-->C
 4374:  2# A-->B
 4375:  1# C-->B
 4376:  4# C-->A
 4377:  1# B-->A
 4378:  2# B-->C
 4379:  1# A-->C
 4380:  3# B-->A
 4381:  1# C-->B
 4382:  2# C-->A
 4383:  1# B-->A
 4384:  6# B-->C
 4385:  1# A-->C
 4386:  2# A-->B
 4387:  1# C-->B
 4388:  3# A-->C
 4389:  1# B-->A
 4390:  2# B-->C
 4391:  1# A-->C
 4392:  4# A-->B
 4393:  1# C-->B
 4394:  2# C-->A
 4395:  1# B-->A
 4396:  3# C-->B
 4397:  1# A-->C
 4398:  2# A-->B
 4399:  1# C-->B
 4400:  5# A-->C
 4401:  1# B-->A
 4402:  2# B-->C
 4403:  1# A-->C
 4404:  3# B-->A
 4405:  1# C-->B
 4406:  2# C-->A
 4407:  1# B-->A
 4408:  4# B-->C
 4409:  1# A-->C
 4410:  2# A-->B
 4411:  1# C-->B
 4412:  3# A-->C
 4413:  1# B-->A
 4414:  2# B-->C
 4415:  1# A-->C
 4416:  7# B-->A
 4417:  1# C-->B
 4418:  2# C-->A
 4419:  1# B-->A
 4420:  3# C-->B
 4421:  1# A-->C
 4422:  2# A-->B
 4423:  1# C-->B
 4424:  4# C-->A
 4425:  1# B-->A
 4426:  2# B-->C
 4427:  1# A-->C
 4428:  3# B-->A
 4429:  1# C-->B
 4430:  2# C-->A
 4431:  1# B-->A
 4432:  5# C-->B
 4433:  1# A-->C
 4434:  2# A-->B
 4435:  1# C-->B
 4436:  3# A-->C
 4437:  1# B-->A
 4438:  2# B-->C
 4439:  1# A-->C
 4440:  4# A-->B
 4441:  1# C-->B
 4442:  2# C-->A
 4443:  1# B-->A
 4444:  3# C-->B
 4445:  1# A-->C
 4446:  2# A-->B
 4447:  1# C-->B
 4448:  6# C-->A
 4449:  1# B-->A
 4450:  2# B-->C
 4451:  1# A-->C
 4452:  3# B-->A
 4453:  1# C-->B
 4454:  2# C-->A
 4455:  1# B-->A
 4456:  4# B-->C
 4457:  1# A-->C
 4458:  2# A-->B
 4459:  1# C-->B
 4460:  3# A-->C
 4461:  1# B-->A
 4462:  2# B-->C
 4463:  1# A-->C
 4464:  5# B-->A
 4465:  1# C-->B
 4466:  2# C-->A
 4467:  1# B-->A
 4468:  3# C-->B
 4469:  1# A-->C
 4470:  2# A-->B
 4471:  1# C-->B
 4472:  4# C-->A
 4473:  1# B-->A
 4474:  2# B-->C
 4475:  1# A-->C
 4476:  3# B-->A
 4477:  1# C-->B
 4478:  2# C-->A
 4479:  1# B-->A
 4480:  8# B-->C
 4481:  1# A-->C
 4482:  2# A-->B
 4483:  1# C-->B
 4484:  3# A-->C
 4485:  1# B-->A
 4486:  2# B-->C
 4487:  1# A-->C
 4488:  4# A-->B
 4489:  1# C-->B
 4490:  2# C-->A
 4491:  1# B-->A
 4492:  3# C-->B
 4493:  1# A-->C
 4494:  2# A-->B
 4495:  1# C-->B
 4496:  5# A-->C
 4497:  1# B-->A
 4498:  2# B-->C
 4499:  1# A-->C
 4500:  3# B-->A
 4501:  1# C-->B
 4502:  2# C-->A
 4503:  1# B-->A
 4504:  4# B-->C
 4505:  1# A-->C
 4506:  2# A-->B
 4507:  1# C-->B
 4508:  3# A-->C
 4509:  1# B-->A
 4510:  2# B-->C
 4511:  1# A-->C
 4512:  6# A-->B
 4513:  1# C-->B
 4514:  2# C-->A
 4515:  1# B-->A
 4516:  3# C-->B
 4517:  1# A-->C
 4518:  2# A-->B
 4519:  1# C-->B
 4520:  4# C-->A
 4521:  1# B-->A
 4522:  2# B-->C
 4523:  1# A-->C
 4524:  3# B-->A
 4525:  1# C-->B
 4526:  2# C-->A
 4527:  1# B-->A
 4528:  5# C-->B
 4529:  1# A-->C
 4530:  2# A-->B
 4531:  1# C-->B
 4532:  3# A-->C
 4533:  1# B-->A
 4534:  2# B-->C
 4535:  1# A-->C
 4536:  4# A-->B
 4537:  1# C-->B
 4538:  2# C-->A
 4539:  1# B-->A
 4540:  3# C-->B
 4541:  1# A-->C
 4542:  2# A-->B
 4543:  1# C-->B
 4544:  7# A-->C
 4545:  1# B-->A
 4546:  2# B-->C
 4547:  1# A-->C
 4548:  3# B-->A
 4549:  1# C-->B
 4550:  2# C-->A
 4551:  1# B-->A
 4552:  4# B-->C
 4553:  1# A-->C
 4554:  2# A-->B
 4555:  1# C-->B
 4556:  3# A-->C
 4557:  1# B-->A
 4558:  2# B-->C
 4559:  1# A-->C
 4560:  5# B-->A
 4561:  1# C-->B
 4562:  2# C-->A
 4563:  1# B-->A
 4564:  3# C-->B
 4565:  1# A-->C
 4566:  2# A-->B
 4567:  1# C-->B
 4568:  4# C-->A
 4569:  1# B-->A
 4570:  2# B-->C
 4571:  1# A-->C
 4572:  3# B-->A
 4573:  1# C-->B
 4574:  2# C-->A
 4575:  1# B-->A
 4576:  6# B-->C
 4577:  1# A-->C
 4578:  2# A-->B
 4579:  1# C-->B
 4580:  3# A-->C
 4581:  1# B-->A
 4582:  2# B-->C
 4583:  1# A-->C
 4584:  4# A-->B
 4585:  1# C-->B
 4586:  2# C-->A
 4587:  1# B-->A
 4588:  3# C-->B
 4589:  1# A-->C
 4590:  2# A-->B
 4591:  1# C-->B
 4592:  5# A-->C
 4593:  1# B-->A
 4594:  2# B-->C
 4595:  1# A-->C
 4596:  3# B-->A
 4597:  1# C-->B
 4598:  2# C-->A
 4599:  1# B-->A
 4600:  4# B-->C
 4601:  1# A-->C
 4602:  2# A-->B
 4603:  1# C-->B
 4604:  3# A-->C
 4605:  1# B-->A
 4606:  2# B-->C
 4607:  1# A-->C
 4608: 10# A-->B
 4609:  1# C-->B
 4610:  2# C-->A
 4611:  1# B-->A
 4612:  3# C-->B
 4613:  1# A-->C
 4614:  2# A-->B
 4615:  1# C-->B
 4616:  4# C-->A
 4617:  1# B-->A
 4618:  2# B-->C
 4619:  1# A-->C
 4620:  3# B-->A
 4621:  1# C-->B
 4622:  2# C-->A
 4623:  1# B-->A
 4624:  5# C-->B
 4625:  1# A-->C
 4626:  2# A-->B
 4627:  1# C-->B
 4628:  3# A-->C
 4629:  1# B-->A
 4630:  2# B-->C
 4631:  1# A-->C
 4632:  4# A-->B
 4633:  1# C-->B
 4634:  2# C-->A
 4635:  1# B-->A
 4636:  3# C-->B
 4637:  1# A-->C
 4638:  2# A-->B
 4639:  1# C-->B
 4640:  6# C-->A
 4641:  1# B-->A
 4642:  2# B-->C
 4643:  1# A-->C
 4644:  3# B-->A
 4645:  1# C-->B
 4646:  2# C-->A
 4647:  1# B-->A
 4648:  4# B-->C
 4649:  1# A-->C
 4650:  2# A-->B
 4651:  1# C-->B
 4652:  3# A-->C
 4653:  1# B-->A
 4654:  2# B-->C
 4655:  1# A-->C
 4656:  5# B-->A
 4657:  1# C-->B
 4658:  2# C-->A
 4659:  1# B-->A
 4660:  3# C-->B
 4661:  1# A-->C
 4662:  2# A-->B
 4663:  1# C-->B
 4664:  4# C-->A
 4665:  1# B-->A
 4666:  2# B-->C
 4667:  1# A-->C
 4668:  3# B-->A
 4669:  1# C-->B
 4670:  2# C-->A
 4671:  1# B-->A
 4672:  7# C-->B
 4673:  1# A-->C
 4674:  2# A-->B
 4675:  1# C-->B
 4676:  3# A-->C
 4677:  1# B-->A
 4678:  2# B-->C
 4679:  1# A-->C
 4680:  4# A-->B
 4681:  1# C-->B
 4682:  2# C-->A
 4683:  1# B-->A
 4684:  3# C-->B
 4685:  1# A-->C
 4686:  2# A-->B
 4687:  1# C-->B
 4688:  5# A-->C
 4689:  1# B-->A
 4690:  2# B-->C
 4691:  1# A-->C
 4692:  3# B-->A
 4693:  1# C-->B
 4694:  2# C-->A
 4695:  1# B-->A
 4696:  4# B-->C
 4697:  1# A-->C
 4698:  2# A-->B
 4699:  1# C-->B
 4700:  3# A-->C
 4701:  1# B-->A
 4702:  2# B-->C
 4703:  1# A-->C
 4704:  6# A-->B
 4705:  1# C-->B
 4706:  2# C-->A
 4707:  1# B-->A
 4708:  3# C-->B
 4709:  1# A-->C
 4710:  2# A-->B
 4711:  1# C-->B
 4712:  4# C-->A
 4713:  1# B-->A
 4714:  2# B-->C
 4715:  1# A-->C
 4716:  3# B-->A
 4717:  1# C-->B
 4718:  2# C-->A
 4719:  1# B-->A
 4720:  5# C-->B
 4721:  1# A-->C
 4722:  2# A-->B
 4723:  1# C-->B
 4724:  3# A-->C
 4725:  1# B-->A
 4726:  2# B-->C
 4727:  1# A-->C
 4728:  4# A-->B
 4729:  1# C-->B
 4730:  2# C-->A
 4731:  1# B-->A
 4732:  3# C-->B
 4733:  1# A-->C
 4734:  2# A-->B
 4735:  1# C-->B
 4736:  8# C-->A
 4737:  1# B-->A
 4738:  2# B-->C
 4739:  1# A-->C
 4740:  3# B-->A
 4741:  1# C-->B
 4742:  2# C-->A
 4743:  1# B-->A
 4744:  4# B-->C
 4745:  1# A-->C
 4746:  2# A-->B
 4747:  1# C-->B
 4748:  3# A-->C
 4749:  1# B-->A
 4750:  2# B-->C
 4751:  1# A-->C
 4752:  5# B-->A
 4753:  1# C-->B
 4754:  2# C-->A
 4755:  1# B-->A
 4756:  3# C-->B
 4757:  1# A-->C
 4758:  2# A-->B
 4759:  1# C-->B
 4760:  4# C-->A
 4761:  1# B-->A
 4762:  2# B-->C
 4763:  1# A-->C
 4764:  3# B-->A
 4765:  1# C-->B
 4766:  2# C-->A
 4767:  1# B-->A
 4768:  6# B-->C
 4769:  1# A-->C
 4770:  2# A-->B
 4771:  1# C-->B
 4772:  3# A-->C
 4773:  1# B-->A
 4774:  2# B-->C
 4775:  1# A-->C
 4776:  4# A-->B
 4777:  1# C-->B
 4778:  2# C-->A
 4779:  1# B-->A
 4780:  3# C-->B
 4781:  1# A-->C
 4782:  2# A-->B
 4783:  1# C-->B
 4784:  5# A-->C
 4785:  1# B-->A
 4786:  2# B-->C
 4787:  1# A-->C
 4788:  3# B-->A
 4789:  1# C-->B
 4790:  2# C-->A
 4791:  1# B-->A
 4792:  4# B-->C
 4793:  1# A-->C
 4794:  2# A-->B
 4795:  1# C-->B
 4796:  3# A-->C
 4797:  1# B-->A
 4798:  2# B-->C
 4799:  1# A-->C
 4800:  7# B-->A
 4801:  1# C-->B
 4802:  2# C-->A
 4803:  1# B-->A
 4804:  3# C-->B
 4805:  1# A-->C
 4806:  2# A-->B
 4807:  1# C-->B
 4808:  4# C-->A
 4809:  1# B-->A
 4810:  2# B-->C
 4811:  1# A-->C
 4812:  3# B-->A
 4813:  1# C-->B
 4814:  2# C-->A
 4815:  1# B-->A
 4816:  5# C-->B
 4817:  1# A-->C
 4818:  2# A-->B
 4819:  1# C-->B
 4820:  3# A-->C
 4821:  1# B-->A
 4822:  2# B-->C
 4823:  1# A-->C
 4824:  4# A-->B
 4825:  1# C-->B
 4826:  2# C-->A
 4827:  1# B-->A
 4828:  3# C-->B
 4829:  1# A-->C
 4830:  2# A-->B
 4831:  1# C-->B
 4832:  6# C-->A
 4833:  1# B-->A
 4834:  2# B-->C
 4835:  1# A-->C
 4836:  3# B-->A
 4837:  1# C-->B
 4838:  2# C-->A
 4839:  1# B-->A
 4840:  4# B-->C
 4841:  1# A-->C
 4842:  2# A-->B
 4843:  1# C-->B
 4844:  3# A-->C
 4845:  1# B-->A
 4846:  2# B-->C
 4847:  1# A-->C
 4848:  5# B-->A
 4849:  1# C-->B
 4850:  2# C-->A
 4851:  1# B-->A
 4852:  3# C-->B
 4853:  1# A-->C
 4854:  2# A-->B
 4855:  1# C-->B
 4856:  4# C-->A
 4857:  1# B-->A
 4858:  2# B-->C
 4859:  1# A-->C
 4860:  3# B-->A
 4861:  1# C-->B
 4862:  2# C-->A
 4863:  1# B-->A
 4864:  9# C-->B
 4865:  1# A-->C
 4866:  2# A-->B
 4867:  1# C-->B
 4868:  3# A-->C
 4869:  1# B-->A
 4870:  2# B-->C
 4871:  1# A-->C
 4872:  4# A-->B
 4873:  1# C-->B
 4874:  2# C-->A
 4875:  1# B-->A
 4876:  3# C-->B
 4877:  1# A-->C
 4878:  2# A-->B
 4879:  1# C-->B
 4880:  5# A-->C
 4881:  1# B-->A
 4882:  2# B-->C
 4883:  1# A-->C
 4884:  3# B-->A
 4885:  1# C-->B
 4886:  2# C-->A
 4887:  1# B-->A
 4888:  4# B-->C
 4889:  1# A-->C
 4890:  2# A-->B
 4891:  1# C-->B
 4892:  3# A-->C
 4893:  1# B-->A
 4894:  2# B-->C
 4895:  1# A-->C
 4896:  6# A-->B
 4897:  1# C-->B
 4898:  2# C-->A
 4899:  1# B-->A
 4900:  3# C-->B
 4901:  1# A-->C
 4902:  2# A-->B
 4903:  1# C-->B
 4904:  4# C-->A
 4905:  1# B-->A
 4906:  2# B-->C
 4907:  1# A-->C
 4908:  3# B-->A
 4909:  1# C-->B
 4910:  2# C-->A
 4911:  1# B-->A
 4912:  5# C-->B
 4913:  1# A-->C
 4914:  2# A-->B
 4915:  1# C-->B
 4916:  3# A-->C
 4917:  1# B-->A
 4918:  2# B-->C
 4919:  1# A-->C
 4920:  4# A-->B
 4921:  1# C-->B
 4922:  2# C-->A
 4923:  1# B-->A
 4924:  3# C-->B
 4925:  1# A-->C
 4926:  2# A-->B
 4927:  1# C-->B
 4928:  7# A-->C
 4929:  1# B-->A
 4930:  2# B-->C
 4931:  1# A-->C
 4932:  3# B-->A
 4933:  1# C-->B
 4934:  2# C-->A
 4935:  1# B-->A
 4936:  4# B-->C
 4937:  1# A-->C
 4938:  2# A-->B
 4939:  1# C-->B
 4940:  3# A-->C
 4941:  1# B-->A
 4942:  2# B-->C
 4943:  1# A-->C
 4944:  5# B-->A
 4945:  1# C-->B
 4946:  2# C-->A
 4947:  1# B-->A
 4948:  3# C-->B
 4949:  1# A-->C
 4950:  2# A-->B
 4951:  1# C-->B
 4952:  4# C-->A
 4953:  1# B-->A
 4954:  2# B-->C
 4955:  1# A-->C
 4956:  3# B-->A
 4957:  1# C-->B
 4958:  2# C-->A
 4959:  1# B-->A
 4960:  6# B-->C
 4961:  1# A-->C
 4962:  2# A-->B
 4963:  1# C-->B
 4964:  3# A-->C
 4965:  1# B-->A
 4966:  2# B-->C
 4967:  1# A-->C
 4968:  4# A-->B
 4969:  1# C-->B
 4970:  2# C-->A
 4971:  1# B-->A
 4972:  3# C-->B
 4973:  1# A-->C
 4974:  2# A-->B
 4975:  1# C-->B
 4976:  5# A-->C
 4977:  1# B-->A
 4978:  2# B-->C
 4979:  1# A-->C
 4980:  3# B-->A
 4981:  1# C-->B
 4982:  2# C-->A
 4983:  1# B-->A
 4984:  4# B-->C
 4985:  1# A-->C
 4986:  2# A-->B
 4987:  1# C-->B
 4988:  3# A-->C
 4989:  1# B-->A
 4990:  2# B-->C
 4991:  1# A-->C
 4992:  8# A-->B
 4993:  1# C-->B
 4994:  2# C-->A
 4995:  1# B-->A
 4996:  3# C-->B
 4997:  1# A-->C
 4998:  2# A-->B
 4999:  1# C-->B
 5000:  4# C-->A
 5001:  1# B-->A
 5002:  2# B-->C
 5003:  1# A-->C
 5004:  3# B-->A
 5005:  1# C-->B
 5006:  2# C-->A
 5007:  1# B-->A
 5008:  5# C-->B
 5009:  1# A-->C
 5010:  2# A-->B
 5011:  1# C-->B
 5012:  3# A-->C
 5013:  1# B-->A
 5014:  2# B-->C
 5015:  1# A-->C
 5016:  4# A-->B
 5017:  1# C-->B
 5018:  2# C-->A
 5019:  1# B-->A
 5020:  3# C-->B
 5021:  1# A-->C
 5022:  2# A-->B
 5023:  1# C-->B
 5024:  6# C-->A
 5025:  1# B-->A
 5026:  2# B-->C
 5027:  1# A-->C
 5028:  3# B-->A
 5029:  1# C-->B
 5030:  2# C-->A
 5031:  1# B-->A
 5032:  4# B-->C
 5033:  1# A-->C
 5034:  2# A-->B
 5035:  1# C-->B
 5036:  3# A-->C
 5037:  1# B-->A
 5038:  2# B-->C
 5039:  1# A-->C
 5040:  5# B-->A
 5041:  1# C-->B
 5042:  2# C-->A
 5043:  1# B-->A
 5044:  3# C-->B
 5045:  1# A-->C
 5046:  2# A-->B
 5047:  1# C-->B
 5048:  4# C-->A
 5049:  1# B-->A
 5050:  2# B-->C
 5051:  1# A-->C
 5052:  3# B-->A
 5053:  1# C-->B
 5054:  2# C-->A
 5055:  1# B-->A
 5056:  7# C-->B
 5057:  1# A-->C
 5058:  2# A-->B
 5059:  1# C-->B
 5060:  3# A-->C
 5061:  1# B-->A
 5062:  2# B-->C
 5063:  1# A-->C
 5064:  4# A-->B
 5065:  1# C-->B
 5066:  2# C-->A
 5067:  1# B-->A
 5068:  3# C-->B
 5069:  1# A-->C
 5070:  2# A-->B
 5071:  1# C-->B
 5072:  5# A-->C
 5073:  1# B-->A
 5074:  2# B-->C
 5075:  1# A-->C
 5076:  3# B-->A
 5077:  1# C-->B
 5078:  2# C-->A
 5079:  1# B-->A
 5080:  4# B-->C
 5081:  1# A-->C
 5082:  2# A-->B
 5083:  1# C-->B
 5084:  3# A-->C
 5085:  1# B-->A
 5086:  2# B-->C
 5087:  1# A-->C
 5088:  6# A-->B
 5089:  1# C-->B
 5090:  2# C-->A
 5091:  1# B-->A
 5092:  3# C-->B
 5093:  1# A-->C
 5094:  2# A-->B
 5095:  1# C-->B
 5096:  4# C-->A
 5097:  1# B-->A
 5098:  2# B-->C
 5099:  1# A-->C
 5100:  3# B-->A
 5101:  1# C-->B
 5102:  2# C-->A
 5103:  1# B-->A
 5104:  5# C-->B
 5105:  1# A-->C
 5106:  2# A-->B
 5107:  1# C-->B
 5108:  3# A-->C
 5109:  1# B-->A
 5110:  2# B-->C
 5111:  1# A-->C
 5112:  4# A-->B
 5113:  1# C-->B
 5114:  2# C-->A
 5115:  1# B-->A
 5116:  3# C-->B
 5117:  1# A-->C
 5118:  2# A-->B
 5119:  1# C-->B
 5120: 11# A-->C
 5121:  1# B-->A
 5122:  2# B-->C
 5123:  1# A-->C
 5124:  3# B-->A
 5125:  1# C-->B
 5126:  2# C-->A
 5127:  1# B-->A
 5128:  4# B-->C
 5129:  1# A-->C
 5130:  2# A-->B
 5131:  1# C-->B
 5132:  3# A-->C
 5133:  1# B-->A
 5134:  2# B-->C
 5135:  1# A-->C
 5136:  5# B-->A
 5137:  1# C-->B
 5138:  2# C-->A
 5139:  1# B-->A
 5140:  3# C-->B
 5141:  1# A-->C
 5142:  2# A-->B
 5143:  1# C-->B
 5144:  4# C-->A
 5145:  1# B-->A
 5146:  2# B-->C
 5147:  1# A-->C
 5148:  3# B-->A
 5149:  1# C-->B
 5150:  2# C-->A
 5151:  1# B-->A
 5152:  6# B-->C
 5153:  1# A-->C
 5154:  2# A-->B
 5155:  1# C-->B
 5156:  3# A-->C
 5157:  1# B-->A
 5158:  2# B-->C
 5159:  1# A-->C
 5160:  4# A-->B
 5161:  1# C-->B
 5162:  2# C-->A
 5163:  1# B-->A
 5164:  3# C-->B
 5165:  1# A-->C
 5166:  2# A-->B
 5167:  1# C-->B
 5168:  5# A-->C
 5169:  1# B-->A
 5170:  2# B-->C
 5171:  1# A-->C
 5172:  3# B-->A
 5173:  1# C-->B
 5174:  2# C-->A
 5175:  1# B-->A
 5176:  4# B-->C
 5177:  1# A-->C
 5178:  2# A-->B
 5179:  1# C-->B
 5180:  3# A-->C
 5181:  1# B-->A
 5182:  2# B-->C
 5183:  1# A-->C
 5184:  7# B-->A
 5185:  1# C-->B
 5186:  2# C-->A
 5187:  1# B-->A
 5188:  3# C-->B
 5189:  1# A-->C
 5190:  2# A-->B
 5191:  1# C-->B
 5192:  4# C-->A
 5193:  1# B-->A
 5194:  2# B-->C
 5195:  1# A-->C
 5196:  3# B-->A
 5197:  1# C-->B
 5198:  2# C-->A
 5199:  1# B-->A
 5200:  5# C-->B
 5201:  1# A-->C
 5202:  2# A-->B
 5203:  1# C-->B
 5204:  3# A-->C
 5205:  1# B-->A
 5206:  2# B-->C
 5207:  1# A-->C
 5208:  4# A-->B
 5209:  1# C-->B
 5210:  2# C-->A
 5211:  1# B-->A
 5212:  3# C-->B
 5213:  1# A-->C
 5214:  2# A-->B
 5215:  1# C-->B
 5216:  6# C-->A
 5217:  1# B-->A
 5218:  2# B-->C
 5219:  1# A-->C
 5220:  3# B-->A
 5221:  1# C-->B
 5222:  2# C-->A
 5223:  1# B-->A
 5224:  4# B-->C
 5225:  1# A-->C
 5226:  2# A-->B
 5227:  1# C-->B
 5228:  3# A-->C
 5229:  1# B-->A
 5230:  2# B-->C
 5231:  1# A-->C
 5232:  5# B-->A
 5233:  1# C-->B
 5234:  2# C-->A
 5235:  1# B-->A
 5236:  3# C-->B
 5237:  1# A-->C
 5238:  2# A-->B
 5239:  1# C-->B
 5240:  4# C-->A
 5241:  1# B-->A
 5242:  2# B-->C
 5243:  1# A-->C
 5244:  3# B-->A
 5245:  1# C-->B
 5246:  2# C-->A
 5247:  1# B-->A
 5248:  8# B-->C
 5249:  1# A-->C
 5250:  2# A-->B
 5251:  1# C-->B
 5252:  3# A-->C
 5253:  1# B-->A
 5254:  2# B-->C
 5255:  1# A-->C
 5256:  4# A-->B
 5257:  1# C-->B
 5258:  2# C-->A
 5259:  1# B-->A
 5260:  3# C-->B
 5261:  1# A-->C
 5262:  2# A-->B
 5263:  1# C-->B
 5264:  5# A-->C
 5265:  1# B-->A
 5266:  2# B-->C
 5267:  1# A-->C
 5268:  3# B-->A
 5269:  1# C-->B
 5270:  2# C-->A
 5271:  1# B-->A
 5272:  4# B-->C
 5273:  1# A-->C
 5274:  2# A-->B
 5275:  1# C-->B
 5276:  3# A-->C
 5277:  1# B-->A
 5278:  2# B-->C
 5279:  1# A-->C
 5280:  6# A-->B
 5281:  1# C-->B
 5282:  2# C-->A
 5283:  1# B-->A
 5284:  3# C-->B
 5285:  1# A-->C
 5286:  2# A-->B
 5287:  1# C-->B
 5288:  4# C-->A
 5289:  1# B-->A
 5290:  2# B-->C
 5291:  1# A-->C
 5292:  3# B-->A
 5293:  1# C-->B
 5294:  2# C-->A
 5295:  1# B-->A
 5296:  5# C-->B
 5297:  1# A-->C
 5298:  2# A-->B
 5299:  1# C-->B
 5300:  3# A-->C
 5301:  1# B-->A
 5302:  2# B-->C
 5303:  1# A-->C
 5304:  4# A-->B
 5305:  1# C-->B
 5306:  2# C-->A
 5307:  1# B-->A
 5308:  3# C-->B
 5309:  1# A-->C
 5310:  2# A-->B
 5311:  1# C-->B
 5312:  7# A-->C
 5313:  1# B-->A
 5314:  2# B-->C
 5315:  1# A-->C
 5316:  3# B-->A
 5317:  1# C-->B
 5318:  2# C-->A
 5319:  1# B-->A
 5320:  4# B-->C
 5321:  1# A-->C
 5322:  2# A-->B
 5323:  1# C-->B
 5324:  3# A-->C
 5325:  1# B-->A
 5326:  2# B-->C
 5327:  1# A-->C
 5328:  5# B-->A
 5329:  1# C-->B
 5330:  2# C-->A
 5331:  1# B-->A
 5332:  3# C-->B
 5333:  1# A-->C
 5334:  2# A-->B
 5335:  1# C-->B
 5336:  4# C-->A
 5337:  1# B-->A
 5338:  2# B-->C
 5339:  1# A-->C
 5340:  3# B-->A
 5341:  1# C-->B
 5342:  2# C-->A
 5343:  1# B-->A
 5344:  6# B-->C
 5345:  1# A-->C
 5346:  2# A-->B
 5347:  1# C-->B
 5348:  3# A-->C
 5349:  1# B-->A
 5350:  2# B-->C
 5351:  1# A-->C
 5352:  4# A-->B
 5353:  1# C-->B
 5354:  2# C-->A
 5355:  1# B-->A
 5356:  3# C-->B
 5357:  1# A-->C
 5358:  2# A-->B
 5359:  1# C-->B
 5360:  5# A-->C
 5361:  1# B-->A
 5362:  2# B-->C
 5363:  1# A-->C
 5364:  3# B-->A
 5365:  1# C-->B
 5366:  2# C-->A
 5367:  1# B-->A
 5368:  4# B-->C
 5369:  1# A-->C
 5370:  2# A-->B
 5371:  1# C-->B
 5372:  3# A-->C
 5373:  1# B-->A
 5374:  2# B-->C
 5375:  1# A-->C
 5376:  9# B-->A
 5377:  1# C-->B
 5378:  2# C-->A
 5379:  1# B-->A
 5380:  3# C-->B
 5381:  1# A-->C
 5382:  2# A-->B
 5383:  1# C-->B
 5384:  4# C-->A
 5385:  1# B-->A
 5386:  2# B-->C
 5387:  1# A-->C
 5388:  3# B-->A
 5389:  1# C-->B
 5390:  2# C-->A
 5391:  1# B-->A
 5392:  5# C-->B
 5393:  1# A-->C
 5394:  2# A-->B
 5395:  1# C-->B
 5396:  3# A-->C
 5397:  1# B-->A
 5398:  2# B-->C
 5399:  1# A-->C
 5400:  4# A-->B
 5401:  1# C-->B
 5402:  2# C-->A
 5403:  1# B-->A
 5404:  3# C-->B
 5405:  1# A-->C
 5406:  2# A-->B
 5407:  1# C-->B
 5408:  6# C-->A
 5409:  1# B-->A
 5410:  2# B-->C
 5411:  1# A-->C
 5412:  3# B-->A
 5413:  1# C-->B
 5414:  2# C-->A
 5415:  1# B-->A
 5416:  4# B-->C
 5417:  1# A-->C
 5418:  2# A-->B
 5419:  1# C-->B
 5420:  3# A-->C
 5421:  1# B-->A
 5422:  2# B-->C
 5423:  1# A-->C
 5424:  5# B-->A
 5425:  1# C-->B
 5426:  2# C-->A
 5427:  1# B-->A
 5428:  3# C-->B
 5429:  1# A-->C
 5430:  2# A-->B
 5431:  1# C-->B
 5432:  4# C-->A
 5433:  1# B-->A
 5434:  2# B-->C
 5435:  1# A-->C
 5436:  3# B-->A
 5437:  1# C-->B
 5438:  2# C-->A
 5439:  1# B-->A
 5440:  7# C-->B
 5441:  1# A-->C
 5442:  2# A-->B
 5443:  1# C-->B
 5444:  3# A-->C
 5445:  1# B-->A
 5446:  2# B-->C
 5447:  1# A-->C
 5448:  4# A-->B
 5449:  1# C-->B
 5450:  2# C-->A
 5451:  1# B-->A
 5452:  3# C-->B
 5453:  1# A-->C
 5454:  2# A-->B
 5455:  1# C-->B
 5456:  5# A-->C
 5457:  1# B-->A
 5458:  2# B-->C
 5459:  1# A-->C
 5460:  3# B-->A
 5461:  1# C-->B
 5462:  2# C-->A
 5463:  1# B-->A
 5464:  4# B-->C
 5465:  1# A-->C
 5466:  2# A-->B
 5467:  1# C-->B
 5468:  3# A-->C
 5469:  1# B-->A
 5470:  2# B-->C
 5471:  1# A-->C
 5472:  6# A-->B
 5473:  1# C-->B
 5474:  2# C-->A
 5475:  1# B-->A
 5476:  3# C-->B
 5477:  1# A-->C
 5478:  2# A-->B
 5479:  1# C-->B
 5480:  4# C-->A
 5481:  1# B-->A
 5482:  2# B-->C
 5483:  1# A-->C
 5484:  3# B-->A
 5485:  1# C-->B
 5486:  2# C-->A
 5487:  1# B-->A
 5488:  5# C-->B
 5489:  1# A-->C
 5490:  2# A-->B
 5491:  1# C-->B
 5492:  3# A-->C
 5493:  1# B-->A
 5494:  2# B-->C
 5495:  1# A-->C
 5496:  4# A-->B
 5497:  1# C-->B
 5498:  2# C-->A
 5499:  1# B-->A
 5500:  3# C-->B
 5501:  1# A-->C
 5502:  2# A-->B
 5503:  1# C-->B
 5504:  8# C-->A
 5505:  1# B-->A
 5506:  2# B-->C
 5507:  1# A-->C
 5508:  3# B-->A
 5509:  1# C-->B
 5510:  2# C-->A
 5511:  1# B-->A
 5512:  4# B-->C
 5513:  1# A-->C
 5514:  2# A-->B
 5515:  1# C-->B
 5516:  3# A-->C
 5517:  1# B-->A
 5518:  2# B-->C
 5519:  1# A-->C
 5520:  5# B-->A
 5521:  1# C-->B
 5522:  2# C-->A
 5523:  1# B-->A
 5524:  3# C-->B
 5525:  1# A-->C
 5526:  2# A-->B
 5527:  1# C-->B
 5528:  4# C-->A
 5529:  1# B-->A
 5530:  2# B-->C
 5531:  1# A-->C
 5532:  3# B-->A
 5533:  1# C-->B
 5534:  2# C-->A
 5535:  1# B-->A
 5536:  6# B-->C
 5537:  1# A-->C
 5538:  2# A-->B
 5539:  1# C-->B
 5540:  3# A-->C
 5541:  1# B-->A
 5542:  2# B-->C
 5543:  1# A-->C
 5544:  4# A-->B
 5545:  1# C-->B
 5546:  2# C-->A
 5547:  1# B-->A
 5548:  3# C-->B
 5549:  1# A-->C
 5550:  2# A-->B
 5551:  1# C-->B
 5552:  5# A-->C
 5553:  1# B-->A
 5554:  2# B-->C
 5555:  1# A-->C
 5556:  3# B-->A
 5557:  1# C-->B
 5558:  2# C-->A
 5559:  1# B-->A
 5560:  4# B-->C
 5561:  1# A-->C
 5562:  2# A-->B
 5563:  1# C-->B
 5564:  3# A-->C
 5565:  1# B-->A
 5566:  2# B-->C
 5567:  1# A-->C
 5568:  7# B-->A
 5569:  1# C-->B
 5570:  2# C-->A
 5571:  1# B-->A
 5572:  3# C-->B
 5573:  1# A-->C
 5574:  2# A-->B
 5575:  1# C-->B
 5576:  4# C-->A
 5577:  1# B-->A
 5578:  2# B-->C
 5579:  1# A-->C
 5580:  3# B-->A
 5581:  1# C-->B
 5582:  2# C-->A
 5583:  1# B-->A
 5584:  5# C-->B
 5585:  1# A-->C
 5586:  2# A-->B
 5587:  1# C-->B
 5588:  3# A-->C
 5589:  1# B-->A
 5590:  2# B-->C
 5591:  1# A-->C
 5592:  4# A-->B
 5593:  1# C-->B
 5594:  2# C-->A
 5595:  1# B-->A
 5596:  3# C-->B
 5597:  1# A-->C
 5598:  2# A-->B
 5599:  1# C-->B
 5600:  6# C-->A
 5601:  1# B-->A
 5602:  2# B-->C
 5603:  1# A-->C
 5604:  3# B-->A
 5605:  1# C-->B
 5606:  2# C-->A
 5607:  1# B-->A
 5608:  4# B-->C
 5609:  1# A-->C
 5610:  2# A-->B
 5611:  1# C-->B
 5612:  3# A-->C
 5613:  1# B-->A
 5614:  2# B-->C
 5615:  1# A-->C
 5616:  5# B-->A
 5617:  1# C-->B
 5618:  2# C-->A
 5619:  1# B-->A
 5620:  3# C-->B
 5621:  1# A-->C
 5622:  2# A-->B
 5623:  1# C-->B
 5624:  4# C-->A
 5625:  1# B-->A
 5626:  2# B-->C
 5627:  1# A-->C
 5628:  3# B-->A
 5629:  1# C-->B
 5630:  2# C-->A
 5631:  1# B-->A
 5632: 10# B-->C
 5633:  1# A-->C
 5634:  2# A-->B
 5635:  1# C-->B
 5636:  3# A-->C
 5637:  1# B-->A
 5638:  2# B-->C
 5639:  1# A-->C
 5640:  4# A-->B
 5641:  1# C-->B
 5642:  2# C-->A
 5643:  1# B-->A
 5644:  3# C-->B
 5645:  1# A-->C
 5646:  2# A-->B
 5647:  1# C-->B
 5648:  5# A-->C
 5649:  1# B-->A
 5650:  2# B-->C
 5651:  1# A-->C
 5652:  3# B-->A
 5653:  1# C-->B
 5654:  2# C-->A
 5655:  1# B-->A
 5656:  4# B-->C
 5657:  1# A-->C
 5658:  2# A-->B
 5659:  1# C-->B
 5660:  3# A-->C
 5661:  1# B-->A
 5662:  2# B-->C
 5663:  1# A-->C
 5664:  6# A-->B
 5665:  1# C-->B
 5666:  2# C-->A
 5667:  1# B-->A
 5668:  3# C-->B
 5669:  1# A-->C
 5670:  2# A-->B
 5671:  1# C-->B
 5672:  4# C-->A
 5673:  1# B-->A
 5674:  2# B-->C
 5675:  1# A-->C
 5676:  3# B-->A
 5677:  1# C-->B
 5678:  2# C-->A
 5679:  1# B-->A
 5680:  5# C-->B
 5681:  1# A-->C
 5682:  2# A-->B
 5683:  1# C-->B
 5684:  3# A-->C
 5685:  1# B-->A
 5686:  2# B-->C
 5687:  1# A-->C
 5688:  4# A-->B
 5689:  1# C-->B
 5690:  2# C-->A
 5691:  1# B-->A
 5692:  3# C-->B
 5693:  1# A-->C
 5694:  2# A-->B
 5695:  1# C-->B
 5696:  7# A-->C
 5697:  1# B-->A
 5698:  2# B-->C
 5699:  1# A-->C
 5700:  3# B-->A
 5701:  1# C-->B
 5702:  2# C-->A
 5703:  1# B-->A
 5704:  4# B-->C
 5705:  1# A-->C
 5706:  2# A-->B
 5707:  1# C-->B
 5708:  3# A-->C
 5709:  1# B-->A
 5710:  2# B-->C
 5711:  1# A-->C
 5712:  5# B-->A
 5713:  1# C-->B
 5714:  2# C-->A
 5715:  1# B-->A
 5716:  3# C-->B
 5717:  1# A-->C
 5718:  2# A-->B
 5719:  1# C-->B
 5720:  4# C-->A
 5721:  1# B-->A
 5722:  2# B-->C
 5723:  1# A-->C
 5724:  3# B-->A
 5725:  1# C-->B
 5726:  2# C-->A
 5727:  1# B-->A
 5728:  6# B-->C
 5729:  1# A-->C
 5730:  2# A-->B
 5731:  1# C-->B
 5732:  3# A-->C
 5733:  1# B-->A
 5734:  2# B-->C
 5735:  1# A-->C
 5736:  4# A-->B
 5737:  1# C-->B
 5738:  2# C-->A
 5739:  1# B-->A
 5740:  3# C-->B
 5741:  1# A-->C
 5742:  2# A-->B
 5743:  1# C-->B
 5744:  5# A-->C
 5745:  1# B-->A
 5746:  2# B-->C
 5747:  1# A-->C
 5748:  3# B-->A
 5749:  1# C-->B
 5750:  2# C-->A
 5751:  1# B-->A
 5752:  4# B-->C
 5753:  1# A-->C
 5754:  2# A-->B
 5755:  1# C-->B
 5756:  3# A-->C
 5757:  1# B-->A
 5758:  2# B-->C
 5759:  1# A-->C
 5760:  8# A-->B
 5761:  1# C-->B
 5762:  2# C-->A
 5763:  1# B-->A
 5764:  3# C-->B
 5765:  1# A-->C
 5766:  2# A-->B
 5767:  1# C-->B
 5768:  4# C-->A
 5769:  1# B-->A
 5770:  2# B-->C
 5771:  1# A-->C
 5772:  3# B-->A
 5773:  1# C-->B
 5774:  2# C-->A
 5775:  1# B-->A
 5776:  5# C-->B
 5777:  1# A-->C
 5778:  2# A-->B
 5779:  1# C-->B
 5780:  3# A-->C
 5781:  1# B-->A
 5782:  2# B-->C
 5783:  1# A-->C
 5784:  4# A-->B
 5785:  1# C-->B
 5786:  2# C-->A
 5787:  1# B-->A
 5788:  3# C-->B
 5789:  1# A-->C
 5790:  2# A-->B
 5791:  1# C-->B
 5792:  6# C-->A
 5793:  1# B-->A
 5794:  2# B-->C
 5795:  1# A-->C
 5796:  3# B-->A
 5797:  1# C-->B
 5798:  2# C-->A
 5799:  1# B-->A
 5800:  4# B-->C
 5801:  1# A-->C
 5802:  2# A-->B
 5803:  1# C-->B
 5804:  3# A-->C
 5805:  1# B-->A
 5806:  2# B-->C
 5807:  1# A-->C
 5808:  5# B-->A
 5809:  1# C-->B
 5810:  2# C-->A
 5811:  1# B-->A
 5812:  3# C-->B
 5813:  1# A-->C
 5814:  2# A-->B
 5815:  1# C-->B
 5816:  4# C-->A
 5817:  1# B-->A
 5818:  2# B-->C
 5819:  1# A-->C
 5820:  3# B-->A
 5821:  1# C-->B
 5822:  2# C-->A
 5823:  1# B-->A
 5824:  7# C-->B
 5825:  1# A-->C
 5826:  2# A-->B
 5827:  1# C-->B
 5828:  3# A-->C
 5829:  1# B-->A
 5830:  2# B-->C
 5831:  1# A-->C
 5832:  4# A-->B
 5833:  1# C-->B
 5834:  2# C-->A
 5835:  1# B-->A
 5836:  3# C-->B
 5837:  1# A-->C
 5838:  2# A-->B
 5839:  1# C-->B
 5840:  5# A-->C
 5841:  1# B-->A
 5842:  2# B-->C
 5843:  1# A-->C
 5844:  3# B-->A
 5845:  1# C-->B
 5846:  2# C-->A
 5847:  1# B-->A
 5848:  4# B-->C
 5849:  1# A-->C
 5850:  2# A-->B
 5851:  1# C-->B
 5852:  3# A-->C
 5853:  1# B-->A
 5854:  2# B-->C
 5855:  1# A-->C
 5856:  6# A-->B
 5857:  1# C-->B
 5858:  2# C-->A
 5859:  1# B-->A
 5860:  3# C-->B
 5861:  1# A-->C
 5862:  2# A-->B
 5863:  1# C-->B
 5864:  4# C-->A
 5865:  1# B-->A
 5866:  2# B-->C
 5867:  1# A-->C
 5868:  3# B-->A
 5869:  1# C-->B
 5870:  2# C-->A
 5871:  1# B-->A
 5872:  5# C-->B
 5873:  1# A-->C
 5874:  2# A-->B
 5875:  1# C-->B
 5876:  3# A-->C
 5877:  1# B-->A
 5878:  2# B-->C
 5879:  1# A-->C
 5880:  4# A-->B
 5881:  1# C-->B
 5882:  2# C-->A
 5883:  1# B-->A
 5884:  3# C-->B
 5885:  1# A-->C
 5886:  2# A-->B
 5887:  1# C-->B
 5888:  9# A-->C
 5889:  1# B-->A
 5890:  2# B-->C
 5891:  1# A-->C
 5892:  3# B-->A
 5893:  1# C-->B
 5894:  2# C-->A
 5895:  1# B-->A
 5896:  4# B-->C
 5897:  1# A-->C
 5898:  2# A-->B
 5899:  1# C-->B
 5900:  3# A-->C
 5901:  1# B-->A
 5902:  2# B-->C
 5903:  1# A-->C
 5904:  5# B-->A
 5905:  1# C-->B
 5906:  2# C-->A
 5907:  1# B-->A
 5908:  3# C-->B
 5909:  1# A-->C
 5910:  2# A-->B
 5911:  1# C-->B
 5912:  4# C-->A
 5913:  1# B-->A
 5914:  2# B-->C
 5915:  1# A-->C
 5916:  3# B-->A
 5917:  1# C-->B
 5918:  2# C-->A
 5919:  1# B-->A
 5920:  6# B-->C
 5921:  1# A-->C
 5922:  2# A-->B
 5923:  1# C-->B
 5924:  3# A-->C
 5925:  1# B-->A
 5926:  2# B-->C
 5927:  1# A-->C
 5928:  4# A-->B
 5929:  1# C-->B
 5930:  2# C-->A
 5931:  1# B-->A
 5932:  3# C-->B
 5933:  1# A-->C
 5934:  2# A-->B
 5935:  1# C-->B
 5936:  5# A-->C
 5937:  1# B-->A
 5938:  2# B-->C
 5939:  1# A-->C
 5940:  3# B-->A
 5941:  1# C-->B
 5942:  2# C-->A
 5943:  1# B-->A
 5944:  4# B-->C
 5945:  1# A-->C
 5946:  2# A-->B
 5947:  1# C-->B
 5948:  3# A-->C
 5949:  1# B-->A
 5950:  2# B-->C
 5951:  1# A-->C
 5952:  7# B-->A
 5953:  1# C-->B
 5954:  2# C-->A
 5955:  1# B-->A
 5956:  3# C-->B
 5957:  1# A-->C
 5958:  2# A-->B
 5959:  1# C-->B
 5960:  4# C-->A
 5961:  1# B-->A
 5962:  2# B-->C
 5963:  1# A-->C
 5964:  3# B-->A
 5965:  1# C-->B
 5966:  2# C-->A
 5967:  1# B-->A
 5968:  5# C-->B
 5969:  1# A-->C
 5970:  2# A-->B
 5971:  1# C-->B
 5972:  3# A-->C
 5973:  1# B-->A
 5974:  2# B-->C
 5975:  1# A-->C
 5976:  4# A-->B
 5977:  1# C-->B
 5978:  2# C-->A
 5979:  1# B-->A
 5980:  3# C-->B
 5981:  1# A-->C
 5982:  2# A-->B
 5983:  1# C-->B
 5984:  6# C-->A
 5985:  1# B-->A
 5986:  2# B-->C
 5987:  1# A-->C
 5988:  3# B-->A
 5989:  1# C-->B
 5990:  2# C-->A
 5991:  1# B-->A
 5992:  4# B-->C
 5993:  1# A-->C
 5994:  2# A-->B
 5995:  1# C-->B
 5996:  3# A-->C
 5997:  1# B-->A
 5998:  2# B-->C
 5999:  1# A-->C
 6000:  5# B-->A
 6001:  1# C-->B
 6002:  2# C-->A
 6003:  1# B-->A
 6004:  3# C-->B
 6005:  1# A-->C
 6006:  2# A-->B
 6007:  1# C-->B
 6008:  4# C-->A
 6009:  1# B-->A
 6010:  2# B-->C
 6011:  1# A-->C
 6012:  3# B-->A
 6013:  1# C-->B
 6014:  2# C-->A
 6015:  1# B-->A
 6016:  8# B-->C
 6017:  1# A-->C
 6018:  2# A-->B
 6019:  1# C-->B
 6020:  3# A-->C
 6021:  1# B-->A
 6022:  2# B-->C
 6023:  1# A-->C
 6024:  4# A-->B
 6025:  1# C-->B
 6026:  2# C-->A
 6027:  1# B-->A
 6028:  3# C-->B
 6029:  1# A-->C
 6030:  2# A-->B
 6031:  1# C-->B
 6032:  5# A-->C
 6033:  1# B-->A
 6034:  2# B-->C
 6035:  1# A-->C
 6036:  3# B-->A
 6037:  1# C-->B
 6038:  2# C-->A
 6039:  1# B-->A
 6040:  4# B-->C
 6041:  1# A-->C
 6042:  2# A-->B
 6043:  1# C-->B
 6044:  3# A-->C
 6045:  1# B-->A
 6046:  2# B-->C
 6047:  1# A-->C
 6048:  6# A-->B
 6049:  1# C-->B
 6050:  2# C-->A
 6051:  1# B-->A
 6052:  3# C-->B
 6053:  1# A-->C
 6054:  2# A-->B
 6055:  1# C-->B
 6056:  4# C-->A
 6057:  1# B-->A
 6058:  2# B-->C
 6059:  1# A-->C
 6060:  3# B-->A
 6061:  1# C-->B
 6062:  2# C-->A
 6063:  1# B-->A
 6064:  5# C-->B
 6065:  1# A-->C
 6066:  2# A-->B
 6067:  1# C-->B
 6068:  3# A-->C
 6069:  1# B-->A
 6070:  2# B-->C
 6071:  1# A-->C
 6072:  4# A-->B
 6073:  1# C-->B
 6074:  2# C-->A
 6075:  1# B-->A
 6076:  3# C-->B
 6077:  1# A-->C
 6078:  2# A-->B
 6079:  1# C-->B
 6080:  7# A-->C
 6081:  1# B-->A
 6082:  2# B-->C
 6083:  1# A-->C
 6084:  3# B-->A
 6085:  1# C-->B
 6086:  2# C-->A
 6087:  1# B-->A
 6088:  4# B-->C
 6089:  1# A-->C
 6090:  2# A-->B
 6091:  1# C-->B
 6092:  3# A-->C
 6093:  1# B-->A
 6094:  2# B-->C
 6095:  1# A-->C
 6096:  5# B-->A
 6097:  1# C-->B
 6098:  2# C-->A
 6099:  1# B-->A
 6100:  3# C-->B
 6101:  1# A-->C
 6102:  2# A-->B
 6103:  1# C-->B
 6104:  4# C-->A
 6105:  1# B-->A
 6106:  2# B-->C
 6107:  1# A-->C
 6108:  3# B-->A
 6109:  1# C-->B
 6110:  2# C-->A
 6111:  1# B-->A
 6112:  6# B-->C
 6113:  1# A-->C
 6114:  2# A-->B
 6115:  1# C-->B
 6116:  3# A-->C
 6117:  1# B-->A
 6118:  2# B-->C
 6119:  1# A-->C
 6120:  4# A-->B
 6121:  1# C-->B
 6122:  2# C-->A
 6123:  1# B-->A
 6124:  3# C-->B
 6125:  1# A-->C
 6126:  2# A-->B
 6127:  1# C-->B
 6128:  5# A-->C
 6129:  1# B-->A
 6130:  2# B-->C
 6131:  1# A-->C
 6132:  3# B-->A
 6133:  1# C-->B
 6134:  2# C-->A
 6135:  1# B-->A
 6136:  4# B-->C
 6137:  1# A-->C
 6138:  2# A-->B
 6139:  1# C-->B
 6140:  3# A-->C
 6141:  1# B-->A
 6142:  2# B-->C
 6143:  1# A-->C
 6144: 12# A-->B
 6145:  1# C-->B
 6146:  2# C-->A
 6147:  1# B-->A
 6148:  3# C-->B
 6149:  1# A-->C
 6150:  2# A-->B
 6151:  1# C-->B
 6152:  4# C-->A
 6153:  1# B-->A
 6154:  2# B-->C
 6155:  1# A-->C
 6156:  3# B-->A
 6157:  1# C-->B
 6158:  2# C-->A
 6159:  1# B-->A
 6160:  5# C-->B
 6161:  1# A-->C
 6162:  2# A-->B
 6163:  1# C-->B
 6164:  3# A-->C
 6165:  1# B-->A
 6166:  2# B-->C
 6167:  1# A-->C
 6168:  4# A-->B
 6169:  1# C-->B
 6170:  2# C-->A
 6171:  1# B-->A
 6172:  3# C-->B
 6173:  1# A-->C
 6174:  2# A-->B
 6175:  1# C-->B
 6176:  6# C-->A
 6177:  1# B-->A
 6178:  2# B-->C
 6179:  1# A-->C
 6180:  3# B-->A
 6181:  1# C-->B
 6182:  2# C-->A
 6183:  1# B-->A
 6184:  4# B-->C
 6185:  1# A-->C
 6186:  2# A-->B
 6187:  1# C-->B
 6188:  3# A-->C
 6189:  1# B-->A
 6190:  2# B-->C
 6191:  1# A-->C
 6192:  5# B-->A
 6193:  1# C-->B
 6194:  2# C-->A
 6195:  1# B-->A
 6196:  3# C-->B
 6197:  1# A-->C
 6198:  2# A-->B
 6199:  1# C-->B
 6200:  4# C-->A
 6201:  1# B-->A
 6202:  2# B-->C
 6203:  1# A-->C
 6204:  3# B-->A
 6205:  1# C-->B
 6206:  2# C-->A
 6207:  1# B-->A
 6208:  7# C-->B
 6209:  1# A-->C
 6210:  2# A-->B
 6211:  1# C-->B
 6212:  3# A-->C
 6213:  1# B-->A
 6214:  2# B-->C
 6215:  1# A-->C
 6216:  4# A-->B
 6217:  1# C-->B
 6218:  2# C-->A
 6219:  1# B-->A
 6220:  3# C-->B
 6221:  1# A-->C
 6222:  2# A-->B
 6223:  1# C-->B
 6224:  5# A-->C
 6225:  1# B-->A
 6226:  2# B-->C
 6227:  1# A-->C
 6228:  3# B-->A
 6229:  1# C-->B
 6230:  2# C-->A
 6231:  1# B-->A
 6232:  4# B-->C
 6233:  1# A-->C
 6234:  2# A-->B
 6235:  1# C-->B
 6236:  3# A-->C
 6237:  1# B-->A
 6238:  2# B-->C
 6239:  1# A-->C
 6240:  6# A-->B
 6241:  1# C-->B
 6242:  2# C-->A
 6243:  1# B-->A
 6244:  3# C-->B
 6245:  1# A-->C
 6246:  2# A-->B
 6247:  1# C-->B
 6248:  4# C-->A
 6249:  1# B-->A
 6250:  2# B-->C
 6251:  1# A-->C
 6252:  3# B-->A
 6253:  1# C-->B
 6254:  2# C-->A
 6255:  1# B-->A
 6256:  5# C-->B
 6257:  1# A-->C
 6258:  2# A-->B
 6259:  1# C-->B
 6260:  3# A-->C
 6261:  1# B-->A
 6262:  2# B-->C
 6263:  1# A-->C
 6264:  4# A-->B
 6265:  1# C-->B
 6266:  2# C-->A
 6267:  1# B-->A
 6268:  3# C-->B
 6269:  1# A-->C
 6270:  2# A-->B
 6271:  1# C-->B
 6272:  8# C-->A
 6273:  1# B-->A
 6274:  2# B-->C
 6275:  1# A-->C
 6276:  3# B-->A
 6277:  1# C-->B
 6278:  2# C-->A
 6279:  1# B-->A
 6280:  4# B-->C
 6281:  1# A-->C
 6282:  2# A-->B
 6283:  1# C-->B
 6284:  3# A-->C
 6285:  1# B-->A
 6286:  2# B-->C
 6287:  1# A-->C
 6288:  5# B-->A
 6289:  1# C-->B
 6290:  2# C-->A
 6291:  1# B-->A
 6292:  3# C-->B
 6293:  1# A-->C
 6294:  2# A-->B
 6295:  1# C-->B
 6296:  4# C-->A
 6297:  1# B-->A
 6298:  2# B-->C
 6299:  1# A-->C
 6300:  3# B-->A
 6301:  1# C-->B
 6302:  2# C-->A
 6303:  1# B-->A
 6304:  6# B-->C
 6305:  1# A-->C
 6306:  2# A-->B
 6307:  1# C-->B
 6308:  3# A-->C
 6309:  1# B-->A
 6310:  2# B-->C
 6311:  1# A-->C
 6312:  4# A-->B
 6313:  1# C-->B
 6314:  2# C-->A
 6315:  1# B-->A
 6316:  3# C-->B
 6317:  1# A-->C
 6318:  2# A-->B
 6319:  1# C-->B
 6320:  5# A-->C
 6321:  1# B-->A
 6322:  2# B-->C
 6323:  1# A-->C
 6324:  3# B-->A
 6325:  1# C-->B
 6326:  2# C-->A
 6327:  1# B-->A
 6328:  4# B-->C
 6329:  1# A-->C
 6330:  2# A-->B
 6331:  1# C-->B
 6332:  3# A-->C
 6333:  1# B-->A
 6334:  2# B-->C
 6335:  1# A-->C
 6336:  7# B-->A
 6337:  1# C-->B
 6338:  2# C-->A
 6339:  1# B-->A
 6340:  3# C-->B
 6341:  1# A-->C
 6342:  2# A-->B
 6343:  1# C-->B
 6344:  4# C-->A
 6345:  1# B-->A
 6346:  2# B-->C
 6347:  1# A-->C
 6348:  3# B-->A
 6349:  1# C-->B
 6350:  2# C-->A
 6351:  1# B-->A
 6352:  5# C-->B
 6353:  1# A-->C
 6354:  2# A-->B
 6355:  1# C-->B
 6356:  3# A-->C
 6357:  1# B-->A
 6358:  2# B-->C
 6359:  1# A-->C
 6360:  4# A-->B
 6361:  1# C-->B
 6362:  2# C-->A
 6363:  1# B-->A
 6364:  3# C-->B
 6365:  1# A-->C
 6366:  2# A-->B
 6367:  1# C-->B
 6368:  6# C-->A
 6369:  1# B-->A
 6370:  2# B-->C
 6371:  1# A-->C
 6372:  3# B-->A
 6373:  1# C-->B
 6374:  2# C-->A
 6375:  1# B-->A
 6376:  4# B-->C
 6377:  1# A-->C
 6378:  2# A-->B
 6379:  1# C-->B
 6380:  3# A-->C
 6381:  1# B-->A
 6382:  2# B-->C
 6383:  1# A-->C
 6384:  5# B-->A
 6385:  1# C-->B
 6386:  2# C-->A
 6387:  1# B-->A
 6388:  3# C-->B
 6389:  1# A-->C
 6390:  2# A-->B
 6391:  1# C-->B
 6392:  4# C-->A
 6393:  1# B-->A
 6394:  2# B-->C
 6395:  1# A-->C
 6396:  3# B-->A
 6397:  1# C-->B
 6398:  2# C-->A
 6399:  1# B-->A
 6400:  9# C-->B
 6401:  1# A-->C
 6402:  2# A-->B
 6403:  1# C-->B
 6404:  3# A-->C
 6405:  1# B-->A
 6406:  2# B-->C
 6407:  1# A-->C
 6408:  4# A-->B
 6409:  1# C-->B
 6410:  2# C-->A
 6411:  1# B-->A
 6412:  3# C-->B
 6413:  1# A-->C
 6414:  2# A-->B
 6415:  1# C-->B
 6416:  5# A-->C
 6417:  1# B-->A
 6418:  2# B-->C
 6419:  1# A-->C
 6420:  3# B-->A
 6421:  1# C-->B
 6422:  2# C-->A
 6423:  1# B-->A
 6424:  4# B-->C
 6425:  1# A-->C
 6426:  2# A-->B
 6427:  1# C-->B
 6428:  3# A-->C
 6429:  1# B-->A
 6430:  2# B-->C
 6431:  1# A-->C
 6432:  6# A-->B
 6433:  1# C-->B
 6434:  2# C-->A
 6435:  1# B-->A
 6436:  3# C-->B
 6437:  1# A-->C
 6438:  2# A-->B
 6439:  1# C-->B
 6440:  4# C-->A
 6441:  1# B-->A
 6442:  2# B-->C
 6443:  1# A-->C
 6444:  3# B-->A
 6445:  1# C-->B
 6446:  2# C-->A
 6447:  1# B-->A
 6448:  5# C-->B
 6449:  1# A-->C
 6450:  2# A-->B
 6451:  1# C-->B
 6452:  3# A-->C
 6453:  1# B-->A
 6454:  2# B-->C
 6455:  1# A-->C
 6456:  4# A-->B
 6457:  1# C-->B
 6458:  2# C-->A
 6459:  1# B-->A
 6460:  3# C-->B
 6461:  1# A-->C
 6462:  2# A-->B
 6463:  1# C-->B
 6464:  7# A-->C
 6465:  1# B-->A
 6466:  2# B-->C
 6467:  1# A-->C
 6468:  3# B-->A
 6469:  1# C-->B
 6470:  2# C-->A
 6471:  1# B-->A
 6472:  4# B-->C
 6473:  1# A-->C
 6474:  2# A-->B
 6475:  1# C-->B
 6476:  3# A-->C
 6477:  1# B-->A
 6478:  2# B-->C
 6479:  1# A-->C
 6480:  5# B-->A
 6481:  1# C-->B
 6482:  2# C-->A
 6483:  1# B-->A
 6484:  3# C-->B
 6485:  1# A-->C
 6486:  2# A-->B
 6487:  1# C-->B
 6488:  4# C-->A
 6489:  1# B-->A
 6490:  2# B-->C
 6491:  1# A-->C
 6492:  3# B-->A
 6493:  1# C-->B
 6494:  2# C-->A
 6495:  1# B-->A
 6496:  6# B-->C
 6497:  1# A-->C
 6498:  2# A-->B
 6499:  1# C-->B
 6500:  3# A-->C
 6501:  1# B-->A
 6502:  2# B-->C
 6503:  1# A-->C
 6504:  4# A-->B
 6505:  1# C-->B
 6506:  2# C-->A
 6507:  1# B-->A
 6508:  3# C-->B
 6509:  1# A-->C
 6510:  2# A-->B
 6511:  1# C-->B
 6512:  5# A-->C
 6513:  1# B-->A
 6514:  2# B-->C
 6515:  1# A-->C
 6516:  3# B-->A
 6517:  1# C-->B
 6518:  2# C-->A
 6519:  1# B-->A
 6520:  4# B-->C
 6521:  1# A-->C
 6522:  2# A-->B
 6523:  1# C-->B
 6524:  3# A-->C
 6525:  1# B-->A
 6526:  2# B-->C
 6527:  1# A-->C
 6528:  8# A-->B
 6529:  1# C-->B
 6530:  2# C-->A
 6531:  1# B-->A
 6532:  3# C-->B
 6533:  1# A-->C
 6534:  2# A-->B
 6535:  1# C-->B
 6536:  4# C-->A
 6537:  1# B-->A
 6538:  2# B-->C
 6539:  1# A-->C
 6540:  3# B-->A
 6541:  1# C-->B
 6542:  2# C-->A
 6543:  1# B-->A
 6544:  5# C-->B
 6545:  1# A-->C
 6546:  2# A-->B
 6547:  1# C-->B
 6548:  3# A-->C
 6549:  1# B-->A
 6550:  2# B-->C
 6551:  1# A-->C
 6552:  4# A-->B
 6553:  1# C-->B
 6554:  2# C-->A
 6555:  1# B-->A
 6556:  3# C-->B
 6557:  1# A-->C
 6558:  2# A-->B
 6559:  1# C-->B
 6560:  6# C-->A
 6561:  1# B-->A
 6562:  2# B-->C
 6563:  1# A-->C
 6564:  3# B-->A
 6565:  1# C-->B
 6566:  2# C-->A
 6567:  1# B-->A
 6568:  4# B-->C
 6569:  1# A-->C
 6570:  2# A-->B
 6571:  1# C-->B
 6572:  3# A-->C
 6573:  1# B-->A
 6574:  2# B-->C
 6575:  1# A-->C
 6576:  5# B-->A
 6577:  1# C-->B
 6578:  2# C-->A
 6579:  1# B-->A
 6580:  3# C-->B
 6581:  1# A-->C
 6582:  2# A-->B
 6583:  1# C-->B
 6584:  4# C-->A
 6585:  1# B-->A
 6586:  2# B-->C
 6587:  1# A-->C
 6588:  3# B-->A
 6589:  1# C-->B
 6590:  2# C-->A
 6591:  1# B-->A
 6592:  7# C-->B
 6593:  1# A-->C
 6594:  2# A-->B
 6595:  1# C-->B
 6596:  3# A-->C
 6597:  1# B-->A
 6598:  2# B-->C
 6599:  1# A-->C
 6600:  4# A-->B
 6601:  1# C-->B
 6602:  2# C-->A
 6603:  1# B-->A
 6604:  3# C-->B
 6605:  1# A-->C
 6606:  2# A-->B
 6607:  1# C-->B
 6608:  5# A-->C
 6609:  1# B-->A
 6610:  2# B-->C
 6611:  1# A-->C
 6612:  3# B-->A
 6613:  1# C-->B
 6614:  2# C-->A
 6615:  1# B-->A
 6616:  4# B-->C
 6617:  1# A-->C
 6618:  2# A-->B
 6619:  1# C-->B
 6620:  3# A-->C
 6621:  1# B-->A
 6622:  2# B-->C
 6623:  1# A-->C
 6624:  6# A-->B
 6625:  1# C-->B
 6626:  2# C-->A
 6627:  1# B-->A
 6628:  3# C-->B
 6629:  1# A-->C
 6630:  2# A-->B
 6631:  1# C-->B
 6632:  4# C-->A
 6633:  1# B-->A
 6634:  2# B-->C
 6635:  1# A-->C
 6636:  3# B-->A
 6637:  1# C-->B
 6638:  2# C-->A
 6639:  1# B-->A
 6640:  5# C-->B
 6641:  1# A-->C
 6642:  2# A-->B
 6643:  1# C-->B
 6644:  3# A-->C
 6645:  1# B-->A
 6646:  2# B-->C
 6647:  1# A-->C
 6648:  4# A-->B
 6649:  1# C-->B
 6650:  2# C-->A
 6651:  1# B-->A
 6652:  3# C-->B
 6653:  1# A-->C
 6654:  2# A-->B
 6655:  1# C-->B
 6656: 10# C-->A
 6657:  1# B-->A
 6658:  2# B-->C
 6659:  1# A-->C
 6660:  3# B-->A
 6661:  1# C-->B
 6662:  2# C-->A
 6663:  1# B-->A
 6664:  4# B-->C
 6665:  1# A-->C
 6666:  2# A-->B
 6667:  1# C-->B
 6668:  3# A-->C
 6669:  1# B-->A
 6670:  2# B-->C
 6671:  1# A-->C
 6672:  5# B-->A
 6673:  1# C-->B
 6674:  2# C-->A
 6675:  1# B-->A
 6676:  3# C-->B
 6677:  1# A-->C
 6678:  2# A-->B
 6679:  1# C-->B
 6680:  4# C-->A
 6681:  1# B-->A
 6682:  2# B-->C
 6683:  1# A-->C
 6684:  3# B-->A
 6685:  1# C-->B
 6686:  2# C-->A
 6687:  1# B-->A
 6688:  6# B-->C
 6689:  1# A-->C
 6690:  2# A-->B
 6691:  1# C-->B
 6692:  3# A-->C
 6693:  1# B-->A
 6694:  2# B-->C
 6695:  1# A-->C
 6696:  4# A-->B
 6697:  1# C-->B
 6698:  2# C-->A
 6699:  1# B-->A
 6700:  3# C-->B
 6701:  1# A-->C
 6702:  2# A-->B
 6703:  1# C-->B
 6704:  5# A-->C
 6705:  1# B-->A
 6706:  2# B-->C
 6707:  1# A-->C
 6708:  3# B-->A
 6709:  1# C-->B
 6710:  2# C-->A
 6711:  1# B-->A
 6712:  4# B-->C
 6713:  1# A-->C
 6714:  2# A-->B
 6715:  1# C-->B
 6716:  3# A-->C
 6717:  1# B-->A
 6718:  2# B-->C
 6719:  1# A-->C
 6720:  7# B-->A
 6721:  1# C-->B
 6722:  2# C-->A
 6723:  1# B-->A
 6724:  3# C-->B
 6725:  1# A-->C
 6726:  2# A-->B
 6727:  1# C-->B
 6728:  4# C-->A
 6729:  1# B-->A
 6730:  2# B-->C
 6731:  1# A-->C
 6732:  3# B-->A
 6733:  1# C-->B
 6734:  2# C-->A
 6735:  1# B-->A
 6736:  5# C-->B
 6737:  1# A-->C
 6738:  2# A-->B
 6739:  1# C-->B
 6740:  3# A-->C
 6741:  1# B-->A
 6742:  2# B-->C
 6743:  1# A-->C
 6744:  4# A-->B
 6745:  1# C-->B
 6746:  2# C-->A
 6747:  1# B-->A
 6748:  3# C-->B
 6749:  1# A-->C
 6750:  2# A-->B
 6751:  1# C-->B
 6752:  6# C-->A
 6753:  1# B-->A
 6754:  2# B-->C
 6755:  1# A-->C
 6756:  3# B-->A
 6757:  1# C-->B
 6758:  2# C-->A
 6759:  1# B-->A
 6760:  4# B-->C
 6761:  1# A-->C
 6762:  2# A-->B
 6763:  1# C-->B
 6764:  3# A-->C
 6765:  1# B-->A
 6766:  2# B-->C
 6767:  1# A-->C
 6768:  5# B-->A
 6769:  1# C-->B
 6770:  2# C-->A
 6771:  1# B-->A
 6772:  3# C-->B
 6773:  1# A-->C
 6774:  2# A-->B
 6775:  1# C-->B
 6776:  4# C-->A
 6777:  1# B-->A
 6778:  2# B-->C
 6779:  1# A-->C
 6780:  3# B-->A
 6781:  1# C-->B
 6782:  2# C-->A
 6783:  1# B-->A
 6784:  8# B-->C
 6785:  1# A-->C
 6786:  2# A-->B
 6787:  1# C-->B
 6788:  3# A-->C
 6789:  1# B-->A
 6790:  2# B-->C
 6791:  1# A-->C
 6792:  4# A-->B
 6793:  1# C-->B
 6794:  2# C-->A
 6795:  1# B-->A
 6796:  3# C-->B
 6797:  1# A-->C
 6798:  2# A-->B
 6799:  1# C-->B
 6800:  5# A-->C
 6801:  1# B-->A
 6802:  2# B-->C
 6803:  1# A-->C
 6804:  3# B-->A
 6805:  1# C-->B
 6806:  2# C-->A
 6807:  1# B-->A
 6808:  4# B-->C
 6809:  1# A-->C
 6810:  2# A-->B
 6811:  1# C-->B
 6812:  3# A-->C
 6813:  1# B-->A
 6814:  2# B-->C
 6815:  1# A-->C
 6816:  6# A-->B
 6817:  1# C-->B
 6818:  2# C-->A
 6819:  1# B-->A
 6820:  3# C-->B
 6821:  1# A-->C
 6822:  2# A-->B
 6823:  1# C-->B
 6824:  4# C-->A
 6825:  1# B-->A
 6826:  2# B-->C
 6827:  1# A-->C
 6828:  3# B-->A
 6829:  1# C-->B
 6830:  2# C-->A
 6831:  1# B-->A
 6832:  5# C-->B
 6833:  1# A-->C
 6834:  2# A-->B
 6835:  1# C-->B
 6836:  3# A-->C
 6837:  1# B-->A
 6838:  2# B-->C
 6839:  1# A-->C
 6840:  4# A-->B
 6841:  1# C-->B
 6842:  2# C-->A
 6843:  1# B-->A
 6844:  3# C-->B
 6845:  1# A-->C
 6846:  2# A-->B
 6847:  1# C-->B
 6848:  7# A-->C
 6849:  1# B-->A
 6850:  2# B-->C
 6851:  1# A-->C
 6852:  3# B-->A
 6853:  1# C-->B
 6854:  2# C-->A
 6855:  1# B-->A
 6856:  4# B-->C
 6857:  1# A-->C
 6858:  2# A-->B
 6859:  1# C-->B
 6860:  3# A-->C
 6861:  1# B-->A
 6862:  2# B-->C
 6863:  1# A-->C
 6864:  5# B-->A
 6865:  1# C-->B
 6866:  2# C-->A
 6867:  1# B-->A
 6868:  3# C-->B
 6869:  1# A-->C
 6870:  2# A-->B
 6871:  1# C-->B
 6872:  4# C-->A
 6873:  1# B-->A
 6874:  2# B-->C
 6875:  1# A-->C
 6876:  3# B-->A
 6877:  1# C-->B
 6878:  2# C-->A
 6879:  1# B-->A
 6880:  6# B-->C
 6881:  1# A-->C
 6882:  2# A-->B
 6883:  1# C-->B
 6884:  3# A-->C
 6885:  1# B-->A
 6886:  2# B-->C
 6887:  1# A-->C
 6888:  4# A-->B
 6889:  1# C-->B
 6890:  2# C-->A
 6891:  1# B-->A
 6892:  3# C-->B
 6893:  1# A-->C
 6894:  2# A-->B
 6895:  1# C-->B
 6896:  5# A-->C
 6897:  1# B-->A
 6898:  2# B-->C
 6899:  1# A-->C
 6900:  3# B-->A
 6901:  1# C-->B
 6902:  2# C-->A
 6903:  1# B-->A
 6904:  4# B-->C
 6905:  1# A-->C
 6906:  2# A-->B
 6907:  1# C-->B
 6908:  3# A-->C
 6909:  1# B-->A
 6910:  2# B-->C
 6911:  1# A-->C
 6912:  9# B-->A
 6913:  1# C-->B
 6914:  2# C-->A
 6915:  1# B-->A
 6916:  3# C-->B
 6917:  1# A-->C
 6918:  2# A-->B
 6919:  1# C-->B
 6920:  4# C-->A
 6921:  1# B-->A
 6922:  2# B-->C
 6923:  1# A-->C
 6924:  3# B-->A
 6925:  1# C-->B
 6926:  2# C-->A
 6927:  1# B-->A
 6928:  5# C-->B
 6929:  1# A-->C
 6930:  2# A-->B
 6931:  1# C-->B
 6932:  3# A-->C
 6933:  1# B-->A
 6934:  2# B-->C
 6935:  1# A-->C
 6936:  4# A-->B
 6937:  1# C-->B
 6938:  2# C-->A
 6939:  1# B-->A
 6940:  3# C-->B
 6941:  1# A-->C
 6942:  2# A-->B
 6943:  1# C-->B
 6944:  6# C-->A
 6945:  1# B-->A
 6946:  2# B-->C
 6947:  1# A-->C
 6948:  3# B-->A
 6949:  1# C-->B
 6950:  2# C-->A
 6951:  1# B-->A
 6952:  4# B-->C
 6953:  1# A-->C
 6954:  2# A-->B
 6955:  1# C-->B
 6956:  3# A-->C
 6957:  1# B-->A
 6958:  2# B-->C
 6959:  1# A-->C
 6960:  5# B-->A
 6961:  1# C-->B
 6962:  2# C-->A
 6963:  1# B-->A
 6964:  3# C-->B
 6965:  1# A-->C
 6966:  2# A-->B
 6967:  1# C-->B
 6968:  4# C-->A
 6969:  1# B-->A
 6970:  2# B-->C
 6971:  1# A-->C
 6972:  3# B-->A
 6973:  1# C-->B
 6974:  2# C-->A
 6975:  1# B-->A
 6976:  7# C-->B
 6977:  1# A-->C
 6978:  2# A-->B
 6979:  1# C-->B
 6980:  3# A-->C
 6981:  1# B-->A
 6982:  2# B-->C
 6983:  1# A-->C
 6984:  4# A-->B
 6985:  1# C-->B
 6986:  2# C-->A
 6987:  1# B-->A
 6988:  3# C-->B
 6989:  1# A-->C
 6990:  2# A-->B
 6991:  1# C-->B
 6992:  5# A-->C
 6993:  1# B-->A
 6994:  2# B-->C
 6995:  1# A-->C
 6996:  3# B-->A
 6997:  1# C-->B
 6998:  2# C-->A
 6999:  1# B-->A
 7000:  4# B-->C
 7001:  1# A-->C
 7002:  2# A-->B
 7003:  1# C-->B
 7004:  3# A-->C
 7005:  1# B-->A
 7006:  2# B-->C
 7007:  1# A-->C
 7008:  6# A-->B
 7009:  1# C-->B
 7010:  2# C-->A
 7011:  1# B-->A
 7012:  3# C-->B
 7013:  1# A-->C
 7014:  2# A-->B
 7015:  1# C-->B
 7016:  4# C-->A
 7017:  1# B-->A
 7018:  2# B-->C
 7019:  1# A-->C
 7020:  3# B-->A
 7021:  1# C-->B
 7022:  2# C-->A
 7023:  1# B-->A
 7024:  5# C-->B
 7025:  1# A-->C
 7026:  2# A-->B
 7027:  1# C-->B
 7028:  3# A-->C
 7029:  1# B-->A
 7030:  2# B-->C
 7031:  1# A-->C
 7032:  4# A-->B
 7033:  1# C-->B
 7034:  2# C-->A
 7035:  1# B-->A
 7036:  3# C-->B
 7037:  1# A-->C
 7038:  2# A-->B
 7039:  1# C-->B
 7040:  8# C-->A
 7041:  1# B-->A
 7042:  2# B-->C
 7043:  1# A-->C
 7044:  3# B-->A
 7045:  1# C-->B
 7046:  2# C-->A
 7047:  1# B-->A
 7048:  4# B-->C
 7049:  1# A-->C
 7050:  2# A-->B
 7051:  1# C-->B
 7052:  3# A-->C
 7053:  1# B-->A
 7054:  2# B-->C
 7055:  1# A-->C
 7056:  5# B-->A
 7057:  1# C-->B
 7058:  2# C-->A
 7059:  1# B-->A
 7060:  3# C-->B
 7061:  1# A-->C
 7062:  2# A-->B
 7063:  1# C-->B
 7064:  4# C-->A
 7065:  1# B-->A
 7066:  2# B-->C
 7067:  1# A-->C
 7068:  3# B-->A
 7069:  1# C-->B
 7070:  2# C-->A
 7071:  1# B-->A
 7072:  6# B-->C
 7073:  1# A-->C
 7074:  2# A-->B
 7075:  1# C-->B
 7076:  3# A-->C
 7077:  1# B-->A
 7078:  2# B-->C
 7079:  1# A-->C
 7080:  4# A-->B
 7081:  1# C-->B
 7082:  2# C-->A
 7083:  1# B-->A
 7084:  3# C-->B
 7085:  1# A-->C
 7086:  2# A-->B
 7087:  1# C-->B
 7088:  5# A-->C
 7089:  1# B-->A
 7090:  2# B-->C
 7091:  1# A-->C
 7092:  3# B-->A
 7093:  1# C-->B
 7094:  2# C-->A
 7095:  1# B-->A
 7096:  4# B-->C
 7097:  1# A-->C
 7098:  2# A-->B
 7099:  1# C-->B
 7100:  3# A-->C
 7101:  1# B-->A
 7102:  2# B-->C
 7103:  1# A-->C
 7104:  7# B-->A
 7105:  1# C-->B
 7106:  2# C-->A
 7107:  1# B-->A
 7108:  3# C-->B
 7109:  1# A-->C
 7110:  2# A-->B
 7111:  1# C-->B
 7112:  4# C-->A
 7113:  1# B-->A
 7114:  2# B-->C
 7115:  1# A-->C
 7116:  3# B-->A
 7117:  1# C-->B
 7118:  2# C-->A
 7119:  1# B-->A
 7120:  5# C-->B
 7121:  1# A-->C
 7122:  2# A-->B
 7123:  1# C-->B
 7124:  3# A-->C
 7125:  1# B-->A
 7126:  2# B-->C
 7127:  1# A-->C
 7128:  4# A-->B
 7129:  1# C-->B
 7130:  2# C-->A
 7131:  1# B-->A
 7132:  3# C-->B
 7133:  1# A-->C
 7134:  2# A-->B
 7135:  1# C-->B
 7136:  6# C-->A
 7137:  1# B-->A
 7138:  2# B-->C
 7139:  1# A-->C
 7140:  3# B-->A
 7141:  1# C-->B
 7142:  2# C-->A
 7143:  1# B-->A
 7144:  4# B-->C
 7145:  1# A-->C
 7146:  2# A-->B
 7147:  1# C-->B
 7148:  3# A-->C
 7149:  1# B-->A
 7150:  2# B-->C
 7151:  1# A-->C
 7152:  5# B-->A
 7153:  1# C-->B
 7154:  2# C-->A
 7155:  1# B-->A
 7156:  3# C-->B
 7157:  1# A-->C
 7158:  2# A-->B
 7159:  1# C-->B
 7160:  4# C-->A
 7161:  1# B-->A
 7162:  2# B-->C
 7163:  1# A-->C
 7164:  3# B-->A
 7165:  1# C-->B
 7166:  2# C-->A
 7167:  1# B-->A
 7168: 11# C-->B
 7169:  1# A-->C
 7170:  2# A-->B
 7171:  1# C-->B
 7172:  3# A-->C
 7173:  1# B-->A
 7174:  2# B-->C
 7175:  1# A-->C
 7176:  4# A-->B
 7177:  1# C-->B
 7178:  2# C-->A
 7179:  1# B-->A
 7180:  3# C-->B
 7181:  1# A-->C
 7182:  2# A-->B
 7183:  1# C-->B
 7184:  5# A-->C
 7185:  1# B-->A
 7186:  2# B-->C
 7187:  1# A-->C
 7188:  3# B-->A
 7189:  1# C-->B
 7190:  2# C-->A
 7191:  1# B-->A
 7192:  4# B-->C
 7193:  1# A-->C
 7194:  2# A-->B
 7195:  1# C-->B
 7196:  3# A-->C
 7197:  1# B-->A
 7198:  2# B-->C
 7199:  1# A-->C
 7200:  6# A-->B
 7201:  1# C-->B
 7202:  2# C-->A
 7203:  1# B-->A
 7204:  3# C-->B
 7205:  1# A-->C
 7206:  2# A-->B
 7207:  1# C-->B
 7208:  4# C-->A
 7209:  1# B-->A
 7210:  2# B-->C
 7211:  1# A-->C
 7212:  3# B-->A
 7213:  1# C-->B
 7214:  2# C-->A
 7215:  1# B-->A
 7216:  5# C-->B
 7217:  1# A-->C
 7218:  2# A-->B
 7219:  1# C-->B
 7220:  3# A-->C
 7221:  1# B-->A
 7222:  2# B-->C
 7223:  1# A-->C
 7224:  4# A-->B
 7225:  1# C-->B
 7226:  2# C-->A
 7227:  1# B-->A
 7228:  3# C-->B
 7229:  1# A-->C
 7230:  2# A-->B
 7231:  1# C-->B
 7232:  7# A-->C
 7233:  1# B-->A
 7234:  2# B-->C
 7235:  1# A-->C
 7236:  3# B-->A
 7237:  1# C-->B
 7238:  2# C-->A
 7239:  1# B-->A
 7240:  4# B-->C
 7241:  1# A-->C
 7242:  2# A-->B
 7243:  1# C-->B
 7244:  3# A-->C
 7245:  1# B-->A
 7246:  2# B-->C
 7247:  1# A-->C
 7248:  5# B-->A
 7249:  1# C-->B
 7250:  2# C-->A
 7251:  1# B-->A
 7252:  3# C-->B
 7253:  1# A-->C
 7254:  2# A-->B
 7255:  1# C-->B
 7256:  4# C-->A
 7257:  1# B-->A
 7258:  2# B-->C
 7259:  1# A-->C
 7260:  3# B-->A
 7261:  1# C-->B
 7262:  2# C-->A
 7263:  1# B-->A
 7264:  6# B-->C
 7265:  1# A-->C
 7266:  2# A-->B
 7267:  1# C-->B
 7268:  3# A-->C
 7269:  1# B-->A
 7270:  2# B-->C
 7271:  1# A-->C
 7272:  4# A-->B
 7273:  1# C-->B
 7274:  2# C-->A
 7275:  1# B-->A
 7276:  3# C-->B
 7277:  1# A-->C
 7278:  2# A-->B
 7279:  1# C-->B
 7280:  5# A-->C
 7281:  1# B-->A
 7282:  2# B-->C
 7283:  1# A-->C
 7284:  3# B-->A
 7285:  1# C-->B
 7286:  2# C-->A
 7287:  1# B-->A
 7288:  4# B-->C
 7289:  1# A-->C
 7290:  2# A-->B
 7291:  1# C-->B
 7292:  3# A-->C
 7293:  1# B-->A
 7294:  2# B-->C
 7295:  1# A-->C
 7296:  8# A-->B
 7297:  1# C-->B
 7298:  2# C-->A
 7299:  1# B-->A
 7300:  3# C-->B
 7301:  1# A-->C
 7302:  2# A-->B
 7303:  1# C-->B
 7304:  4# C-->A
 7305:  1# B-->A
 7306:  2# B-->C
 7307:  1# A-->C
 7308:  3# B-->A
 7309:  1# C-->B
 7310:  2# C-->A
 7311:  1# B-->A
 7312:  5# C-->B
 7313:  1# A-->C
 7314:  2# A-->B
 7315:  1# C-->B
 7316:  3# A-->C
 7317:  1# B-->A
 7318:  2# B-->C
 7319:  1# A-->C
 7320:  4# A-->B
 7321:  1# C-->B
 7322:  2# C-->A
 7323:  1# B-->A
 7324:  3# C-->B
 7325:  1# A-->C
 7326:  2# A-->B
 7327:  1# C-->B
 7328:  6# C-->A
 7329:  1# B-->A
 7330:  2# B-->C
 7331:  1# A-->C
 7332:  3# B-->A
 7333:  1# C-->B
 7334:  2# C-->A
 7335:  1# B-->A
 7336:  4# B-->C
 7337:  1# A-->C
 7338:  2# A-->B
 7339:  1# C-->B
 7340:  3# A-->C
 7341:  1# B-->A
 7342:  2# B-->C
 7343:  1# A-->C
 7344:  5# B-->A
 7345:  1# C-->B
 7346:  2# C-->A
 7347:  1# B-->A
 7348:  3# C-->B
 7349:  1# A-->C
 7350:  2# A-->B
 7351:  1# C-->B
 7352:  4# C-->A
 7353:  1# B-->A
 7354:  2# B-->C
 7355:  1# A-->C
 7356:  3# B-->A
 7357:  1# C-->B
 7358:  2# C-->A
 7359:  1# B-->A
 7360:  7# C-->B
 7361:  1# A-->C
 7362:  2# A-->B
 7363:  1# C-->B
 7364:  3# A-->C
 7365:  1# B-->A
 7366:  2# B-->C
 7367:  1# A-->C
 7368:  4# A-->B
 7369:  1# C-->B
 7370:  2# C-->A
 7371:  1# B-->A
 7372:  3# C-->B
 7373:  1# A-->C
 7374:  2# A-->B
 7375:  1# C-->B
 7376:  5# A-->C
 7377:  1# B-->A
 7378:  2# B-->C
 7379:  1# A-->C
 7380:  3# B-->A
 7381:  1# C-->B
 7382:  2# C-->A
 7383:  1# B-->A
 7384:  4# B-->C
 7385:  1# A-->C
 7386:  2# A-->B
 7387:  1# C-->B
 7388:  3# A-->C
 7389:  1# B-->A
 7390:  2# B-->C
 7391:  1# A-->C
 7392:  6# A-->B
 7393:  1# C-->B
 7394:  2# C-->A
 7395:  1# B-->A
 7396:  3# C-->B
 7397:  1# A-->C
 7398:  2# A-->B
 7399:  1# C-->B
 7400:  4# C-->A
 7401:  1# B-->A
 7402:  2# B-->C
 7403:  1# A-->C
 7404:  3# B-->A
 7405:  1# C-->B
 7406:  2# C-->A
 7407:  1# B-->A
 7408:  5# C-->B
 7409:  1# A-->C
 7410:  2# A-->B
 7411:  1# C-->B
 7412:  3# A-->C
 7413:  1# B-->A
 7414:  2# B-->C
 7415:  1# A-->C
 7416:  4# A-->B
 7417:  1# C-->B
 7418:  2# C-->A
 7419:  1# B-->A
 7420:  3# C-->B
 7421:  1# A-->C
 7422:  2# A-->B
 7423:  1# C-->B
 7424:  9# A-->C
 7425:  1# B-->A
 7426:  2# B-->C
 7427:  1# A-->C
 7428:  3# B-->A
 7429:  1# C-->B
 7430:  2# C-->A
 7431:  1# B-->A
 7432:  4# B-->C
 7433:  1# A-->C
 7434:  2# A-->B
 7435:  1# C-->B
 7436:  3# A-->C
 7437:  1# B-->A
 7438:  2# B-->C
 7439:  1# A-->C
 7440:  5# B-->A
 7441:  1# C-->B
 7442:  2# C-->A
 7443:  1# B-->A
 7444:  3# C-->B
 7445:  1# A-->C
 7446:  2# A-->B
 7447:  1# C-->B
 7448:  4# C-->A
 7449:  1# B-->A
 7450:  2# B-->C
 7451:  1# A-->C
 7452:  3# B-->A
 7453:  1# C-->B
 7454:  2# C-->A
 7455:  1# B-->A
 7456:  6# B-->C
 7457:  1# A-->C
 7458:  2# A-->B
 7459:  1# C-->B
 7460:  3# A-->C
 7461:  1# B-->A
 7462:  2# B-->C
 7463:  1# A-->C
 7464:  4# A-->B
 7465:  1# C-->B
 7466:  2# C-->A
 7467:  1# B-->A
 7468:  3# C-->B
 7469:  1# A-->C
 7470:  2# A-->B
 7471:  1# C-->B
 7472:  5# A-->C
 7473:  1# B-->A
 7474:  2# B-->C
 7475:  1# A-->C
 7476:  3# B-->A
 7477:  1# C-->B
 7478:  2# C-->A
 7479:  1# B-->A
 7480:  4# B-->C
 7481:  1# A-->C
 7482:  2# A-->B
 7483:  1# C-->B
 7484:  3# A-->C
 7485:  1# B-->A
 7486:  2# B-->C
 7487:  1# A-->C
 7488:  7# B-->A
 7489:  1# C-->B
 7490:  2# C-->A
 7491:  1# B-->A
 7492:  3# C-->B
 7493:  1# A-->C
 7494:  2# A-->B
 7495:  1# C-->B
 7496:  4# C-->A
 7497:  1# B-->A
 7498:  2# B-->C
 7499:  1# A-->C
 7500:  3# B-->A
 7501:  1# C-->B
 7502:  2# C-->A
 7503:  1# B-->A
 7504:  5# C-->B
 7505:  1# A-->C
 7506:  2# A-->B
 7507:  1# C-->B
 7508:  3# A-->C
 7509:  1# B-->A
 7510:  2# B-->C
 7511:  1# A-->C
 7512:  4# A-->B
 7513:  1# C-->B
 7514:  2# C-->A
 7515:  1# B-->A
 7516:  3# C-->B
 7517:  1# A-->C
 7518:  2# A-->B
 7519:  1# C-->B
 7520:  6# C-->A
 7521:  1# B-->A
 7522:  2# B-->C
 7523:  1# A-->C
 7524:  3# B-->A
 7525:  1# C-->B
 7526:  2# C-->A
 7527:  1# B-->A
 7528:  4# B-->C
 7529:  1# A-->C
 7530:  2# A-->B
 7531:  1# C-->B
 7532:  3# A-->C
 7533:  1# B-->A
 7534:  2# B-->C
 7535:  1# A-->C
 7536:  5# B-->A
 7537:  1# C-->B
 7538:  2# C-->A
 7539:  1# B-->A
 7540:  3# C-->B
 7541:  1# A-->C
 7542:  2# A-->B
 7543:  1# C-->B
 7544:  4# C-->A
 7545:  1# B-->A
 7546:  2# B-->C
 7547:  1# A-->C
 7548:  3# B-->A
 7549:  1# C-->B
 7550:  2# C-->A
 7551:  1# B-->A
 7552:  8# B-->C
 7553:  1# A-->C
 7554:  2# A-->B
 7555:  1# C-->B
 7556:  3# A-->C
 7557:  1# B-->A
 7558:  2# B-->C
 7559:  1# A-->C
 7560:  4# A-->B
 7561:  1# C-->B
 7562:  2# C-->A
 7563:  1# B-->A
 7564:  3# C-->B
 7565:  1# A-->C
 7566:  2# A-->B
 7567:  1# C-->B
 7568:  5# A-->C
 7569:  1# B-->A
 7570:  2# B-->C
 7571:  1# A-->C
 7572:  3# B-->A
 7573:  1# C-->B
 7574:  2# C-->A
 7575:  1# B-->A
 7576:  4# B-->C
 7577:  1# A-->C
 7578:  2# A-->B
 7579:  1# C-->B
 7580:  3# A-->C
 7581:  1# B-->A
 7582:  2# B-->C
 7583:  1# A-->C
 7584:  6# A-->B
 7585:  1# C-->B
 7586:  2# C-->A
 7587:  1# B-->A
 7588:  3# C-->B
 7589:  1# A-->C
 7590:  2# A-->B
 7591:  1# C-->B
 7592:  4# C-->A
 7593:  1# B-->A
 7594:  2# B-->C
 7595:  1# A-->C
 7596:  3# B-->A
 7597:  1# C-->B
 7598:  2# C-->A
 7599:  1# B-->A
 7600:  5# C-->B
 7601:  1# A-->C
 7602:  2# A-->B
 7603:  1# C-->B
 7604:  3# A-->C
 7605:  1# B-->A
 7606:  2# B-->C
 7607:  1# A-->C
 7608:  4# A-->B
 7609:  1# C-->B
 7610:  2# C-->A
 7611:  1# B-->A
 7612:  3# C-->B
 7613:  1# A-->C
 7614:  2# A-->B
 7615:  1# C-->B
 7616:  7# A-->C
 7617:  1# B-->A
 7618:  2# B-->C
 7619:  1# A-->C
 7620:  3# B-->A
 7621:  1# C-->B
 7622:  2# C-->A
 7623:  1# B-->A
 7624:  4# B-->C
 7625:  1# A-->C
 7626:  2# A-->B
 7627:  1# C-->B
 7628:  3# A-->C
 7629:  1# B-->A
 7630:  2# B-->C
 7631:  1# A-->C
 7632:  5# B-->A
 7633:  1# C-->B
 7634:  2# C-->A
 7635:  1# B-->A
 7636:  3# C-->B
 7637:  1# A-->C
 7638:  2# A-->B
 7639:  1# C-->B
 7640:  4# C-->A
 7641:  1# B-->A
 7642:  2# B-->C
 7643:  1# A-->C
 7644:  3# B-->A
 7645:  1# C-->B
 7646:  2# C-->A
 7647:  1# B-->A
 7648:  6# B-->C
 7649:  1# A-->C
 7650:  2# A-->B
 7651:  1# C-->B
 7652:  3# A-->C
 7653:  1# B-->A
 7654:  2# B-->C
 7655:  1# A-->C
 7656:  4# A-->B
 7657:  1# C-->B
 7658:  2# C-->A
 7659:  1# B-->A
 7660:  3# C-->B
 7661:  1# A-->C
 7662:  2# A-->B
 7663:  1# C-->B
 7664:  5# A-->C
 7665:  1# B-->A
 7666:  2# B-->C
 7667:  1# A-->C
 7668:  3# B-->A
 7669:  1# C-->B
 7670:  2# C-->A
 7671:  1# B-->A
 7672:  4# B-->C
 7673:  1# A-->C
 7674:  2# A-->B
 7675:  1# C-->B
 7676:  3# A-->C
 7677:  1# B-->A
 7678:  2# B-->C
 7679:  1# A-->C
 7680: 10# A-->B
 7681:  1# C-->B
 7682:  2# C-->A
 7683:  1# B-->A
 7684:  3# C-->B
 7685:  1# A-->C
 7686:  2# A-->B
 7687:  1# C-->B
 7688:  4# C-->A
 7689:  1# B-->A
 7690:  2# B-->C
 7691:  1# A-->C
 7692:  3# B-->A
 7693:  1# C-->B
 7694:  2# C-->A
 7695:  1# B-->A
 7696:  5# C-->B
 7697:  1# A-->C
 7698:  2# A-->B
 7699:  1# C-->B
 7700:  3# A-->C
 7701:  1# B-->A
 7702:  2# B-->C
 7703:  1# A-->C
 7704:  4# A-->B
 7705:  1# C-->B
 7706:  2# C-->A
 7707:  1# B-->A
 7708:  3# C-->B
 7709:  1# A-->C
 7710:  2# A-->B
 7711:  1# C-->B
 7712:  6# C-->A
 7713:  1# B-->A
 7714:  2# B-->C
 7715:  1# A-->C
 7716:  3# B-->A
 7717:  1# C-->B
 7718:  2# C-->A
 7719:  1# B-->A
 7720:  4# B-->C
 7721:  1# A-->C
 7722:  2# A-->B
 7723:  1# C-->B
 7724:  3# A-->C
 7725:  1# B-->A
 7726:  2# B-->C
 7727:  1# A-->C
 7728:  5# B-->A
 7729:  1# C-->B
 7730:  2# C-->A
 7731:  1# B-->A
 7732:  3# C-->B
 7733:  1# A-->C
 7734:  2# A-->B
 7735:  1# C-->B
 7736:  4# C-->A
 7737:  1# B-->A
 7738:  2# B-->C
 7739:  1# A-->C
 7740:  3# B-->A
 7741:  1# C-->B
 7742:  2# C-->A
 7743:  1# B-->A
 7744:  7# C-->B
 7745:  1# A-->C
 7746:  2# A-->B
 7747:  1# C-->B
 7748:  3# A-->C
 7749:  1# B-->A
 7750:  2# B-->C
 7751:  1# A-->C
 7752:  4# A-->B
 7753:  1# C-->B
 7754:  2# C-->A
 7755:  1# B-->A
 7756:  3# C-->B
 7757:  1# A-->C
 7758:  2# A-->B
 7759:  1# C-->B
 7760:  5# A-->C
 7761:  1# B-->A
 7762:  2# B-->C
 7763:  1# A-->C
 7764:  3# B-->A
 7765:  1# C-->B
 7766:  2# C-->A
 7767:  1# B-->A
 7768:  4# B-->C
 7769:  1# A-->C
 7770:  2# A-->B
 7771:  1# C-->B
 7772:  3# A-->C
 7773:  1# B-->A
 7774:  2# B-->C
 7775:  1# A-->C
 7776:  6# A-->B
 7777:  1# C-->B
 7778:  2# C-->A
 7779:  1# B-->A
 7780:  3# C-->B
 7781:  1# A-->C
 7782:  2# A-->B
 7783:  1# C-->B
 7784:  4# C-->A
 7785:  1# B-->A
 7786:  2# B-->C
 7787:  1# A-->C
 7788:  3# B-->A
 7789:  1# C-->B
 7790:  2# C-->A
 7791:  1# B-->A
 7792:  5# C-->B
 7793:  1# A-->C
 7794:  2# A-->B
 7795:  1# C-->B
 7796:  3# A-->C
 7797:  1# B-->A
 7798:  2# B-->C
 7799:  1# A-->C
 7800:  4# A-->B
 7801:  1# C-->B
 7802:  2# C-->A
 7803:  1# B-->A
 7804:  3# C-->B
 7805:  1# A-->C
 7806:  2# A-->B
 7807:  1# C-->B
 7808:  8# C-->A
 7809:  1# B-->A
 7810:  2# B-->C
 7811:  1# A-->C
 7812:  3# B-->A
 7813:  1# C-->B
 7814:  2# C-->A
 7815:  1# B-->A
 7816:  4# B-->C
 7817:  1# A-->C
 7818:  2# A-->B
 7819:  1# C-->B
 7820:  3# A-->C
 7821:  1# B-->A
 7822:  2# B-->C
 7823:  1# A-->C
 7824:  5# B-->A
 7825:  1# C-->B
 7826:  2# C-->A
 7827:  1# B-->A
 7828:  3# C-->B
 7829:  1# A-->C
 7830:  2# A-->B
 7831:  1# C-->B
 7832:  4# C-->A
 7833:  1# B-->A
 7834:  2# B-->C
 7835:  1# A-->C
 7836:  3# B-->A
 7837:  1# C-->B
 7838:  2# C-->A
 7839:  1# B-->A
 7840:  6# B-->C
 7841:  1# A-->C
 7842:  2# A-->B
 7843:  1# C-->B
 7844:  3# A-->C
 7845:  1# B-->A
 7846:  2# B-->C
 7847:  1# A-->C
 7848:  4# A-->B
 7849:  1# C-->B
 7850:  2# C-->A
 7851:  1# B-->A
 7852:  3# C-->B
 7853:  1# A-->C
 7854:  2# A-->B
 7855:  1# C-->B
 7856:  5# A-->C
 7857:  1# B-->A
 7858:  2# B-->C
 7859:  1# A-->C
 7860:  3# B-->A
 7861:  1# C-->B
 7862:  2# C-->A
 7863:  1# B-->A
 7864:  4# B-->C
 7865:  1# A-->C
 7866:  2# A-->B
 7867:  1# C-->B
 7868:  3# A-->C
 7869:  1# B-->A
 7870:  2# B-->C
 7871:  1# A-->C
 7872:  7# B-->A
 7873:  1# C-->B
 7874:  2# C-->A
 7875:  1# B-->A
 7876:  3# C-->B
 7877:  1# A-->C
 7878:  2# A-->B
 7879:  1# C-->B
 7880:  4# C-->A
 7881:  1# B-->A
 7882:  2# B-->C
 7883:  1# A-->C
 7884:  3# B-->A
 7885:  1# C-->B
 7886:  2# C-->A
 7887:  1# B-->A
 7888:  5# C-->B
 7889:  1# A-->C
 7890:  2# A-->B
 7891:  1# C-->B
 7892:  3# A-->C
 7893:  1# B-->A
 7894:  2# B-->C
 7895:  1# A-->C
 7896:  4# A-->B
 7897:  1# C-->B
 7898:  2# C-->A
 7899:  1# B-->A
 7900:  3# C-->B
 7901:  1# A-->C
 7902:  2# A-->B
 7903:  1# C-->B
 7904:  6# C-->A
 7905:  1# B-->A
 7906:  2# B-->C
 7907:  1# A-->C
 7908:  3# B-->A
 7909:  1# C-->B
 7910:  2# C-->A
 7911:  1# B-->A
 7912:  4# B-->C
 7913:  1# A-->C
 7914:  2# A-->B
 7915:  1# C-->B
 7916:  3# A-->C
 7917:  1# B-->A
 7918:  2# B-->C
 7919:  1# A-->C
 7920:  5# B-->A
 7921:  1# C-->B
 7922:  2# C-->A
 7923:  1# B-->A
 7924:  3# C-->B
 7925:  1# A-->C
 7926:  2# A-->B
 7927:  1# C-->B
 7928:  4# C-->A
 7929:  1# B-->A
 7930:  2# B-->C
 7931:  1# A-->C
 7932:  3# B-->A
 7933:  1# C-->B
 7934:  2# C-->A
 7935:  1# B-->A
 7936:  9# C-->B
 7937:  1# A-->C
 7938:  2# A-->B
 7939:  1# C-->B
 7940:  3# A-->C
 7941:  1# B-->A
 7942:  2# B-->C
 7943:  1# A-->C
 7944:  4# A-->B
 7945:  1# C-->B
 7946:  2# C-->A
 7947:  1# B-->A
 7948:  3# C-->B
 7949:  1# A-->C
 7950:  2# A-->B
 7951:  1# C-->B
 7952:  5# A-->C
 7953:  1# B-->A
 7954:  2# B-->C
 7955:  1# A-->C
 7956:  3# B-->A
 7957:  1# C-->B
 7958:  2# C-->A
 7959:  1# B-->A
 7960:  4# B-->C
 7961:  1# A-->C
 7962:  2# A-->B
 7963:  1# C-->B
 7964:  3# A-->C
 7965:  1# B-->A
 7966:  2# B-->C
 7967:  1# A-->C
 7968:  6# A-->B
 7969:  1# C-->B
 7970:  2# C-->A
 7971:  1# B-->A
 7972:  3# C-->B
 7973:  1# A-->C
 7974:  2# A-->B
 7975:  1# C-->B
 7976:  4# C-->A
 7977:  1# B-->A
 7978:  2# B-->C
 7979:  1# A-->C
 7980:  3# B-->A
 7981:  1# C-->B
 7982:  2# C-->A
 7983:  1# B-->A
 7984:  5# C-->B
 7985:  1# A-->C
 7986:  2# A-->B
 7987:  1# C-->B
 7988:  3# A-->C
 7989:  1# B-->A
 7990:  2# B-->C
 7991:  1# A-->C
 7992:  4# A-->B
 7993:  1# C-->B
 7994:  2# C-->A
 7995:  1# B-->A
 7996:  3# C-->B
 7997:  1# A-->C
 7998:  2# A-->B
 7999:  1# C-->B
 8000:  7# A-->C
 8001:  1# B-->A
 8002:  2# B-->C
 8003:  1# A-->C
 8004:  3# B-->A
 8005:  1# C-->B
 8006:  2# C-->A
 8007:  1# B-->A
 8008:  4# B-->C
 8009:  1# A-->C
 8010:  2# A-->B
 8011:  1# C-->B
 8012:  3# A-->C
 8013:  1# B-->A
 8014:  2# B-->C
 8015:  1# A-->C
 8016:  5# B-->A
 8017:  1# C-->B
 8018:  2# C-->A
 8019:  1# B-->A
 8020:  3# C-->B
 8021:  1# A-->C
 8022:  2# A-->B
 8023:  1# C-->B
 8024:  4# C-->A
 8025:  1# B-->A
 8026:  2# B-->C
 8027:  1# A-->C
 8028:  3# B-->A
 8029:  1# C-->B
 8030:  2# C-->A
 8031:  1# B-->A
 8032:  6# B-->C
 8033:  1# A-->C
 8034:  2# A-->B
 8035:  1# C-->B
 8036:  3# A-->C
 8037:  1# B-->A
 8038:  2# B-->C
 8039:  1# A-->C
 8040:  4# A-->B
 8041:  1# C-->B
 8042:  2# C-->A
 8043:  1# B-->A
 8044:  3# C-->B
 8045:  1# A-->C
 8046:  2# A-->B
 8047:  1# C-->B
 8048:  5# A-->C
 8049:  1# B-->A
 8050:  2# B-->C
 8051:  1# A-->C
 8052:  3# B-->A
 8053:  1# C-->B
 8054:  2# C-->A
 8055:  1# B-->A
 8056:  4# B-->C
 8057:  1# A-->C
 8058:  2# A-->B
 8059:  1# C-->B
 8060:  3# A-->C
 8061:  1# B-->A
 8062:  2# B-->C
 8063:  1# A-->C
 8064:  8# A-->B
 8065:  1# C-->B
 8066:  2# C-->A
 8067:  1# B-->A
 8068:  3# C-->B
 8069:  1# A-->C
 8070:  2# A-->B
 8071:  1# C-->B
 8072:  4# C-->A
 8073:  1# B-->A
 8074:  2# B-->C
 8075:  1# A-->C
 8076:  3# B-->A
 8077:  1# C-->B
 8078:  2# C-->A
 8079:  1# B-->A
 8080:  5# C-->B
 8081:  1# A-->C
 8082:  2# A-->B
 8083:  1# C-->B
 8084:  3# A-->C
 8085:  1# B-->A
 8086:  2# B-->C
 8087:  1# A-->C
 8088:  4# A-->B
 8089:  1# C-->B
 8090:  2# C-->A
 8091:  1# B-->A
 8092:  3# C-->B
 8093:  1# A-->C
 8094:  2# A-->B
 8095:  1# C-->B
 8096:  6# C-->A
 8097:  1# B-->A
 8098:  2# B-->C
 8099:  1# A-->C
 8100:  3# B-->A
 8101:  1# C-->B
 8102:  2# C-->A
 8103:  1# B-->A
 8104:  4# B-->C
 8105:  1# A-->C
 8106:  2# A-->B
 8107:  1# C-->B
 8108:  3# A-->C
 8109:  1# B-->A
 8110:  2# B-->C
 8111:  1# A-->C
 8112:  5# B-->A
 8113:  1# C-->B
 8114:  2# C-->A
 8115:  1# B-->A
 8116:  3# C-->B
 8117:  1# A-->C
 8118:  2# A-->B
 8119:  1# C-->B
 8120:  4# C-->A
 8121:  1# B-->A
 8122:  2# B-->C
 8123:  1# A-->C
 8124:  3# B-->A
 8125:  1# C-->B
 8126:  2# C-->A
 8127:  1# B-->A
 8128:  7# C-->B
 8129:  1# A-->C
 8130:  2# A-->B
 8131:  1# C-->B
 8132:  3# A-->C
 8133:  1# B-->A
 8134:  2# B-->C
 8135:  1# A-->C
 8136:  4# A-->B
 8137:  1# C-->B
 8138:  2# C-->A
 8139:  1# B-->A
 8140:  3# C-->B
 8141:  1# A-->C
 8142:  2# A-->B
 8143:  1# C-->B
 8144:  5# A-->C
 8145:  1# B-->A
 8146:  2# B-->C
 8147:  1# A-->C
 8148:  3# B-->A
 8149:  1# C-->B
 8150:  2# C-->A
 8151:  1# B-->A
 8152:  4# B-->C
 8153:  1# A-->C
 8154:  2# A-->B
 8155:  1# C-->B
 8156:  3# A-->C
 8157:  1# B-->A
 8158:  2# B-->C
 8159:  1# A-->C
 8160:  6# A-->B
 8161:  1# C-->B
 8162:  2# C-->A
 8163:  1# B-->A
 8164:  3# C-->B
 8165:  1# A-->C
 8166:  2# A-->B
 8167:  1# C-->B
 8168:  4# C-->A
 8169:  1# B-->A
 8170:  2# B-->C
 8171:  1# A-->C
 8172:  3# B-->A
 8173:  1# C-->B
 8174:  2# C-->A
 8175:  1# B-->A
 8176:  5# C-->B
 8177:  1# A-->C
 8178:  2# A-->B
 8179:  1# C-->B
 8180:  3# A-->C
 8181:  1# B-->A
 8182:  2# B-->C
 8183:  1# A-->C
 8184:  4# A-->B
 8185:  1# C-->B
 8186:  2# C-->A
 8187:  1# B-->A
 8188:  3# C-->B
 8189:  1# A-->C
 8190:  2# A-->B
 8191:  1# C-->B
 8192: 14# C-->A
 8193:  1# B-->A
 8194:  2# B-->C
 8195:  1# A-->C
 8196:  3# B-->A
 8197:  1# C-->B
 8198:  2# C-->A
 8199:  1# B-->A
 8200:  4# B-->C
 8201:  1# A-->C
 8202:  2# A-->B
 8203:  1# C-->B
 8204:  3# A-->C
 8205:  1# B-->A
 8206:  2# B-->C
 8207:  1# A-->C
 8208:  5# B-->A
 8209:  1# C-->B
 8210:  2# C-->A
 8211:  1# B-->A
 8212:  3# C-->B
 8213:  1# A-->C
 8214:  2# A-->B
 8215:  1# C-->B
 8216:  4# C-->A
 8217:  1# B-->A
 8218:  2# B-->C
 8219:  1# A-->C
 8220:  3# B-->A
 8221:  1# C-->B
 8222:  2# C-->A
 8223:  1# B-->A
 8224:  6# B-->C
 8225:  1# A-->C
 8226:  2# A-->B
 8227:  1# C-->B
 8228:  3# A-->C
 8229:  1# B-->A
 8230:  2# B-->C
 8231:  1# A-->C
 8232:  4# A-->B
 8233:  1# C-->B
 8234:  2# C-->A
 8235:  1# B-->A
 8236:  3# C-->B
 8237:  1# A-->C
 8238:  2# A-->B
 8239:  1# C-->B
 8240:  5# A-->C
 8241:  1# B-->A
 8242:  2# B-->C
 8243:  1# A-->C
 8244:  3# B-->A
 8245:  1# C-->B
 8246:  2# C-->A
 8247:  1# B-->A
 8248:  4# B-->C
 8249:  1# A-->C
 8250:  2# A-->B
 8251:  1# C-->B
 8252:  3# A-->C
 8253:  1# B-->A
 8254:  2# B-->C
 8255:  1# A-->C
 8256:  7# B-->A
 8257:  1# C-->B
 8258:  2# C-->A
 8259:  1# B-->A
 8260:  3# C-->B
 8261:  1# A-->C
 8262:  2# A-->B
 8263:  1# C-->B
 8264:  4# C-->A
 8265:  1# B-->A
 8266:  2# B-->C
 8267:  1# A-->C
 8268:  3# B-->A
 8269:  1# C-->B
 8270:  2# C-->A
 8271:  1# B-->A
 8272:  5# C-->B
 8273:  1# A-->C
 8274:  2# A-->B
 8275:  1# C-->B
 8276:  3# A-->C
 8277:  1# B-->A
 8278:  2# B-->C
 8279:  1# A-->C
 8280:  4# A-->B
 8281:  1# C-->B
 8282:  2# C-->A
 8283:  1# B-->A
 8284:  3# C-->B
 8285:  1# A-->C
 8286:  2# A-->B
 8287:  1# C-->B
 8288:  6# C-->A
 8289:  1# B-->A
 8290:  2# B-->C
 8291:  1# A-->C
 8292:  3# B-->A
 8293:  1# C-->B
 8294:  2# C-->A
 8295:  1# B-->A
 8296:  4# B-->C
 8297:  1# A-->C
 8298:  2# A-->B
 8299:  1# C-->B
 8300:  3# A-->C
 8301:  1# B-->A
 8302:  2# B-->C
 8303:  1# A-->C
 8304:  5# B-->A
 8305:  1# C-->B
 8306:  2# C-->A
 8307:  1# B-->A
 8308:  3# C-->B
 8309:  1# A-->C
 8310:  2# A-->B
 8311:  1# C-->B
 8312:  4# C-->A
 8313:  1# B-->A
 8314:  2# B-->C
 8315:  1# A-->C
 8316:  3# B-->A
 8317:  1# C-->B
 8318:  2# C-->A
 8319:  1# B-->A
 8320:  8# B-->C
 8321:  1# A-->C
 8322:  2# A-->B
 8323:  1# C-->B
 8324:  3# A-->C
 8325:  1# B-->A
 8326:  2# B-->C
 8327:  1# A-->C
 8328:  4# A-->B
 8329:  1# C-->B
 8330:  2# C-->A
 8331:  1# B-->A
 8332:  3# C-->B
 8333:  1# A-->C
 8334:  2# A-->B
 8335:  1# C-->B
 8336:  5# A-->C
 8337:  1# B-->A
 8338:  2# B-->C
 8339:  1# A-->C
 8340:  3# B-->A
 8341:  1# C-->B
 8342:  2# C-->A
 8343:  1# B-->A
 8344:  4# B-->C
 8345:  1# A-->C
 8346:  2# A-->B
 8347:  1# C-->B
 8348:  3# A-->C
 8349:  1# B-->A
 8350:  2# B-->C
 8351:  1# A-->C
 8352:  6# A-->B
 8353:  1# C-->B
 8354:  2# C-->A
 8355:  1# B-->A
 8356:  3# C-->B
 8357:  1# A-->C
 8358:  2# A-->B
 8359:  1# C-->B
 8360:  4# C-->A
 8361:  1# B-->A
 8362:  2# B-->C
 8363:  1# A-->C
 8364:  3# B-->A
 8365:  1# C-->B
 8366:  2# C-->A
 8367:  1# B-->A
 8368:  5# C-->B
 8369:  1# A-->C
 8370:  2# A-->B
 8371:  1# C-->B
 8372:  3# A-->C
 8373:  1# B-->A
 8374:  2# B-->C
 8375:  1# A-->C
 8376:  4# A-->B
 8377:  1# C-->B
 8378:  2# C-->A
 8379:  1# B-->A
 8380:  3# C-->B
 8381:  1# A-->C
 8382:  2# A-->B
 8383:  1# C-->B
 8384:  7# A-->C
 8385:  1# B-->A
 8386:  2# B-->C
 8387:  1# A-->C
 8388:  3# B-->A
 8389:  1# C-->B
 8390:  2# C-->A
 8391:  1# B-->A
 8392:  4# B-->C
 8393:  1# A-->C
 8394:  2# A-->B
 8395:  1# C-->B
 8396:  3# A-->C
 8397:  1# B-->A
 8398:  2# B-->C
 8399:  1# A-->C
 8400:  5# B-->A
 8401:  1# C-->B
 8402:  2# C-->A
 8403:  1# B-->A
 8404:  3# C-->B
 8405:  1# A-->C
 8406:  2# A-->B
 8407:  1# C-->B
 8408:  4# C-->A
 8409:  1# B-->A
 8410:  2# B-->C
 8411:  1# A-->C
 8412:  3# B-->A
 8413:  1# C-->B
 8414:  2# C-->A
 8415:  1# B-->A
 8416:  6# B-->C
 8417:  1# A-->C
 8418:  2# A-->B
 8419:  1# C-->B
 8420:  3# A-->C
 8421:  1# B-->A
 8422:  2# B-->C
 8423:  1# A-->C
 8424:  4# A-->B
 8425:  1# C-->B
 8426:  2# C-->A
 8427:  1# B-->A
 8428:  3# C-->B
 8429:  1# A-->C
 8430:  2# A-->B
 8431:  1# C-->B
 8432:  5# A-->C
 8433:  1# B-->A
 8434:  2# B-->C
 8435:  1# A-->C
 8436:  3# B-->A
 8437:  1# C-->B
 8438:  2# C-->A
 8439:  1# B-->A
 8440:  4# B-->C
 8441:  1# A-->C
 8442:  2# A-->B
 8443:  1# C-->B
 8444:  3# A-->C
 8445:  1# B-->A
 8446:  2# B-->C
 8447:  1# A-->C
 8448:  9# B-->A
 8449:  1# C-->B
 8450:  2# C-->A
 8451:  1# B-->A
 8452:  3# C-->B
 8453:  1# A-->C
 8454:  2# A-->B
 8455:  1# C-->B
 8456:  4# C-->A
 8457:  1# B-->A
 8458:  2# B-->C
 8459:  1# A-->C
 8460:  3# B-->A
 8461:  1# C-->B
 8462:  2# C-->A
 8463:  1# B-->A
 8464:  5# C-->B
 8465:  1# A-->C
 8466:  2# A-->B
 8467:  1# C-->B
 8468:  3# A-->C
 8469:  1# B-->A
 8470:  2# B-->C
 8471:  1# A-->C
 8472:  4# A-->B
 8473:  1# C-->B
 8474:  2# C-->A
 8475:  1# B-->A
 8476:  3# C-->B
 8477:  1# A-->C
 8478:  2# A-->B
 8479:  1# C-->B
 8480:  6# C-->A
 8481:  1# B-->A
 8482:  2# B-->C
 8483:  1# A-->C
 8484:  3# B-->A
 8485:  1# C-->B
 8486:  2# C-->A
 8487:  1# B-->A
 8488:  4# B-->C
 8489:  1# A-->C
 8490:  2# A-->B
 8491:  1# C-->B
 8492:  3# A-->C
 8493:  1# B-->A
 8494:  2# B-->C
 8495:  1# A-->C
 8496:  5# B-->A
 8497:  1# C-->B
 8498:  2# C-->A
 8499:  1# B-->A
 8500:  3# C-->B
 8501:  1# A-->C
 8502:  2# A-->B
 8503:  1# C-->B
 8504:  4# C-->A
 8505:  1# B-->A
 8506:  2# B-->C
 8507:  1# A-->C
 8508:  3# B-->A
 8509:  1# C-->B
 8510:  2# C-->A
 8511:  1# B-->A
 8512:  7# C-->B
 8513:  1# A-->C
 8514:  2# A-->B
 8515:  1# C-->B
 8516:  3# A-->C
 8517:  1# B-->A
 8518:  2# B-->C
 8519:  1# A-->C
 8520:  4# A-->B
 8521:  1# C-->B
 8522:  2# C-->A
 8523:  1# B-->A
 8524:  3# C-->B
 8525:  1# A-->C
 8526:  2# A-->B
 8527:  1# C-->B
 8528:  5# A-->C
 8529:  1# B-->A
 8530:  2# B-->C
 8531:  1# A-->C
 8532:  3# B-->A
 8533:  1# C-->B
 8534:  2# C-->A
 8535:  1# B-->A
 8536:  4# B-->C
 8537:  1# A-->C
 8538:  2# A-->B
 8539:  1# C-->B
 8540:  3# A-->C
 8541:  1# B-->A
 8542:  2# B-->C
 8543:  1# A-->C
 8544:  6# A-->B
 8545:  1# C-->B
 8546:  2# C-->A
 8547:  1# B-->A
 8548:  3# C-->B
 8549:  1# A-->C
 8550:  2# A-->B
 8551:  1# C-->B
 8552:  4# C-->A
 8553:  1# B-->A
 8554:  2# B-->C
 8555:  1# A-->C
 8556:  3# B-->A
 8557:  1# C-->B
 8558:  2# C-->A
 8559:  1# B-->A
 8560:  5# C-->B
 8561:  1# A-->C
 8562:  2# A-->B
 8563:  1# C-->B
 8564:  3# A-->C
 8565:  1# B-->A
 8566:  2# B-->C
 8567:  1# A-->C
 8568:  4# A-->B
 8569:  1# C-->B
 8570:  2# C-->A
 8571:  1# B-->A
 8572:  3# C-->B
 8573:  1# A-->C
 8574:  2# A-->B
 8575:  1# C-->B
 8576:  8# C-->A
 8577:  1# B-->A
 8578:  2# B-->C
 8579:  1# A-->C
 8580:  3# B-->A
 8581:  1# C-->B
 8582:  2# C-->A
 8583:  1# B-->A
 8584:  4# B-->C
 8585:  1# A-->C
 8586:  2# A-->B
 8587:  1# C-->B
 8588:  3# A-->C
 8589:  1# B-->A
 8590:  2# B-->C
 8591:  1# A-->C
 8592:  5# B-->A
 8593:  1# C-->B
 8594:  2# C-->A
 8595:  1# B-->A
 8596:  3# C-->B
 8597:  1# A-->C
 8598:  2# A-->B
 8599:  1# C-->B
 8600:  4# C-->A
 8601:  1# B-->A
 8602:  2# B-->C
 8603:  1# A-->C
 8604:  3# B-->A
 8605:  1# C-->B
 8606:  2# C-->A
 8607:  1# B-->A
 8608:  6# B-->C
 8609:  1# A-->C
 8610:  2# A-->B
 8611:  1# C-->B
 8612:  3# A-->C
 8613:  1# B-->A
 8614:  2# B-->C
 8615:  1# A-->C
 8616:  4# A-->B
 8617:  1# C-->B
 8618:  2# C-->A
 8619:  1# B-->A
 8620:  3# C-->B
 8621:  1# A-->C
 8622:  2# A-->B
 8623:  1# C-->B
 8624:  5# A-->C
 8625:  1# B-->A
 8626:  2# B-->C
 8627:  1# A-->C
 8628:  3# B-->A
 8629:  1# C-->B
 8630:  2# C-->A
 8631:  1# B-->A
 8632:  4# B-->C
 8633:  1# A-->C
 8634:  2# A-->B
 8635:  1# C-->B
 8636:  3# A-->C
 8637:  1# B-->A
 8638:  2# B-->C
 8639:  1# A-->C
 8640:  7# B-->A
 8641:  1# C-->B
 8642:  2# C-->A
 8643:  1# B-->A
 8644:  3# C-->B
 8645:  1# A-->C
 8646:  2# A-->B
 8647:  1# C-->B
 8648:  4# C-->A
 8649:  1# B-->A
 8650:  2# B-->C
 8651:  1# A-->C
 8652:  3# B-->A
 8653:  1# C-->B
 8654:  2# C-->A
 8655:  1# B-->A
 8656:  5# C-->B
 8657:  1# A-->C
 8658:  2# A-->B
 8659:  1# C-->B
 8660:  3# A-->C
 8661:  1# B-->A
 8662:  2# B-->C
 8663:  1# A-->C
 8664:  4# A-->B
 8665:  1# C-->B
 8666:  2# C-->A
 8667:  1# B-->A
 8668:  3# C-->B
 8669:  1# A-->C
 8670:  2# A-->B
 8671:  1# C-->B
 8672:  6# C-->A
 8673:  1# B-->A
 8674:  2# B-->C
 8675:  1# A-->C
 8676:  3# B-->A
 8677:  1# C-->B
 8678:  2# C-->A
 8679:  1# B-->A
 8680:  4# B-->C
 8681:  1# A-->C
 8682:  2# A-->B
 8683:  1# C-->B
 8684:  3# A-->C
 8685:  1# B-->A
 8686:  2# B-->C
 8687:  1# A-->C
 8688:  5# B-->A
 8689:  1# C-->B
 8690:  2# C-->A
 8691:  1# B-->A
 8692:  3# C-->B
 8693:  1# A-->C
 8694:  2# A-->B
 8695:  1# C-->B
 8696:  4# C-->A
 8697:  1# B-->A
 8698:  2# B-->C
 8699:  1# A-->C
 8700:  3# B-->A
 8701:  1# C-->B
 8702:  2# C-->A
 8703:  1# B-->A
 8704: 10# B-->C
 8705:  1# A-->C
 8706:  2# A-->B
 8707:  1# C-->B
 8708:  3# A-->C
 8709:  1# B-->A
 8710:  2# B-->C
 8711:  1# A-->C
 8712:  4# A-->B
 8713:  1# C-->B
 8714:  2# C-->A
 8715:  1# B-->A
 8716:  3# C-->B
 8717:  1# A-->C
 8718:  2# A-->B
 8719:  1# C-->B
 8720:  5# A-->C
 8721:  1# B-->A
 8722:  2# B-->C
 8723:  1# A-->C
 8724:  3# B-->A
 8725:  1# C-->B
 8726:  2# C-->A
 8727:  1# B-->A
 8728:  4# B-->C
 8729:  1# A-->C
 8730:  2# A-->B
 8731:  1# C-->B
 8732:  3# A-->C
 8733:  1# B-->A
 8734:  2# B-->C
 8735:  1# A-->C
 8736:  6# A-->B
 8737:  1# C-->B
 8738:  2# C-->A
 8739:  1# B-->A
 8740:  3# C-->B
 8741:  1# A-->C
 8742:  2# A-->B
 8743:  1# C-->B
 8744:  4# C-->A
 8745:  1# B-->A
 8746:  2# B-->C
 8747:  1# A-->C
 8748:  3# B-->A
 8749:  1# C-->B
 8750:  2# C-->A
 8751:  1# B-->A
 8752:  5# C-->B
 8753:  1# A-->C
 8754:  2# A-->B
 8755:  1# C-->B
 8756:  3# A-->C
 8757:  1# B-->A
 8758:  2# B-->C
 8759:  1# A-->C
 8760:  4# A-->B
 8761:  1# C-->B
 8762:  2# C-->A
 8763:  1# B-->A
 8764:  3# C-->B
 8765:  1# A-->C
 8766:  2# A-->B
 8767:  1# C-->B
 8768:  7# A-->C
 8769:  1# B-->A
 8770:  2# B-->C
 8771:  1# A-->C
 8772:  3# B-->A
 8773:  1# C-->B
 8774:  2# C-->A
 8775:  1# B-->A
 8776:  4# B-->C
 8777:  1# A-->C
 8778:  2# A-->B
 8779:  1# C-->B
 8780:  3# A-->C
 8781:  1# B-->A
 8782:  2# B-->C
 8783:  1# A-->C
 8784:  5# B-->A
 8785:  1# C-->B
 8786:  2# C-->A
 8787:  1# B-->A
 8788:  3# C-->B
 8789:  1# A-->C
 8790:  2# A-->B
 8791:  1# C-->B
 8792:  4# C-->A
 8793:  1# B-->A
 8794:  2# B-->C
 8795:  1# A-->C
 8796:  3# B-->A
 8797:  1# C-->B
 8798:  2# C-->A
 8799:  1# B-->A
 8800:  6# B-->C
 8801:  1# A-->C
 8802:  2# A-->B
 8803:  1# C-->B
 8804:  3# A-->C
 8805:  1# B-->A
 8806:  2# B-->C
 8807:  1# A-->C
 8808:  4# A-->B
 8809:  1# C-->B
 8810:  2# C-->A
 8811:  1# B-->A
 8812:  3# C-->B
 8813:  1# A-->C
 8814:  2# A-->B
 8815:  1# C-->B
 8816:  5# A-->C
 8817:  1# B-->A
 8818:  2# B-->C
 8819:  1# A-->C
 8820:  3# B-->A
 8821:  1# C-->B
 8822:  2# C-->A
 8823:  1# B-->A
 8824:  4# B-->C
 8825:  1# A-->C
 8826:  2# A-->B
 8827:  1# C-->B
 8828:  3# A-->C
 8829:  1# B-->A
 8830:  2# B-->C
 8831:  1# A-->C
 8832:  8# A-->B
 8833:  1# C-->B
 8834:  2# C-->A
 8835:  1# B-->A
 8836:  3# C-->B
 8837:  1# A-->C
 8838:  2# A-->B
 8839:  1# C-->B
 8840:  4# C-->A
 8841:  1# B-->A
 8842:  2# B-->C
 8843:  1# A-->C
 8844:  3# B-->A
 8845:  1# C-->B
 8846:  2# C-->A
 8847:  1# B-->A
 8848:  5# C-->B
 8849:  1# A-->C
 8850:  2# A-->B
 8851:  1# C-->B
 8852:  3# A-->C
 8853:  1# B-->A
 8854:  2# B-->C
 8855:  1# A-->C
 8856:  4# A-->B
 8857:  1# C-->B
 8858:  2# C-->A
 8859:  1# B-->A
 8860:  3# C-->B
 8861:  1# A-->C
 8862:  2# A-->B
 8863:  1# C-->B
 8864:  6# C-->A
 8865:  1# B-->A
 8866:  2# B-->C
 8867:  1# A-->C
 8868:  3# B-->A
 8869:  1# C-->B
 8870:  2# C-->A
 8871:  1# B-->A
 8872:  4# B-->C
 8873:  1# A-->C
 8874:  2# A-->B
 8875:  1# C-->B
 8876:  3# A-->C
 8877:  1# B-->A
 8878:  2# B-->C
 8879:  1# A-->C
 8880:  5# B-->A
 8881:  1# C-->B
 8882:  2# C-->A
 8883:  1# B-->A
 8884:  3# C-->B
 8885:  1# A-->C
 8886:  2# A-->B
 8887:  1# C-->B
 8888:  4# C-->A
 8889:  1# B-->A
 8890:  2# B-->C
 8891:  1# A-->C
 8892:  3# B-->A
 8893:  1# C-->B
 8894:  2# C-->A
 8895:  1# B-->A
 8896:  7# C-->B
 8897:  1# A-->C
 8898:  2# A-->B
 8899:  1# C-->B
 8900:  3# A-->C
 8901:  1# B-->A
 8902:  2# B-->C
 8903:  1# A-->C
 8904:  4# A-->B
 8905:  1# C-->B
 8906:  2# C-->A
 8907:  1# B-->A
 8908:  3# C-->B
 8909:  1# A-->C
 8910:  2# A-->B
 8911:  1# C-->B
 8912:  5# A-->C
 8913:  1# B-->A
 8914:  2# B-->C
 8915:  1# A-->C
 8916:  3# B-->A
 8917:  1# C-->B
 8918:  2# C-->A
 8919:  1# B-->A
 8920:  4# B-->C
 8921:  1# A-->C
 8922:  2# A-->B
 8923:  1# C-->B
 8924:  3# A-->C
 8925:  1# B-->A
 8926:  2# B-->C
 8927:  1# A-->C
 8928:  6# A-->B
 8929:  1# C-->B
 8930:  2# C-->A
 8931:  1# B-->A
 8932:  3# C-->B
 8933:  1# A-->C
 8934:  2# A-->B
 8935:  1# C-->B
 8936:  4# C-->A
 8937:  1# B-->A
 8938:  2# B-->C
 8939:  1# A-->C
 8940:  3# B-->A
 8941:  1# C-->B
 8942:  2# C-->A
 8943:  1# B-->A
 8944:  5# C-->B
 8945:  1# A-->C
 8946:  2# A-->B
 8947:  1# C-->B
 8948:  3# A-->C
 8949:  1# B-->A
 8950:  2# B-->C
 8951:  1# A-->C
 8952:  4# A-->B
 8953:  1# C-->B
 8954:  2# C-->A
 8955:  1# B-->A
 8956:  3# C-->B
 8957:  1# A-->C
 8958:  2# A-->B
 8959:  1# C-->B
 8960:  9# A-->C
 8961:  1# B-->A
 8962:  2# B-->C
 8963:  1# A-->C
 8964:  3# B-->A
 8965:  1# C-->B
 8966:  2# C-->A
 8967:  1# B-->A
 8968:  4# B-->C
 8969:  1# A-->C
 8970:  2# A-->B
 8971:  1# C-->B
 8972:  3# A-->C
 8973:  1# B-->A
 8974:  2# B-->C
 8975:  1# A-->C
 8976:  5# B-->A
 8977:  1# C-->B
 8978:  2# C-->A
 8979:  1# B-->A
 8980:  3# C-->B
 8981:  1# A-->C
 8982:  2# A-->B
 8983:  1# C-->B
 8984:  4# C-->A
 8985:  1# B-->A
 8986:  2# B-->C
 8987:  1# A-->C
 8988:  3# B-->A
 8989:  1# C-->B
 8990:  2# C-->A
 8991:  1# B-->A
 8992:  6# B-->C
 8993:  1# A-->C
 8994:  2# A-->B
 8995:  1# C-->B
 8996:  3# A-->C
 8997:  1# B-->A
 8998:  2# B-->C
 8999:  1# A-->C
 9000:  4# A-->B
 9001:  1# C-->B
 9002:  2# C-->A
 9003:  1# B-->A
 9004:  3# C-->B
 9005:  1# A-->C
 9006:  2# A-->B
 9007:  1# C-->B
 9008:  5# A-->C
 9009:  1# B-->A
 9010:  2# B-->C
 9011:  1# A-->C
 9012:  3# B-->A
 9013:  1# C-->B
 9014:  2# C-->A
 9015:  1# B-->A
 9016:  4# B-->C
 9017:  1# A-->C
 9018:  2# A-->B
 9019:  1# C-->B
 9020:  3# A-->C
 9021:  1# B-->A
 9022:  2# B-->C
 9023:  1# A-->C
 9024:  7# B-->A
 9025:  1# C-->B
 9026:  2# C-->A
 9027:  1# B-->A
 9028:  3# C-->B
 9029:  1# A-->C
 9030:  2# A-->B
 9031:  1# C-->B
 9032:  4# C-->A
 9033:  1# B-->A
 9034:  2# B-->C
 9035:  1# A-->C
 9036:  3# B-->A
 9037:  1# C-->B
 9038:  2# C-->A
 9039:  1# B-->A
 9040:  5# C-->B
 9041:  1# A-->C
 9042:  2# A-->B
 9043:  1# C-->B
 9044:  3# A-->C
 9045:  1# B-->A
 9046:  2# B-->C
 9047:  1# A-->C
 9048:  4# A-->B
 9049:  1# C-->B
 9050:  2# C-->A
 9051:  1# B-->A
 9052:  3# C-->B
 9053:  1# A-->C
 9054:  2# A-->B
 9055:  1# C-->B
 9056:  6# C-->A
 9057:  1# B-->A
 9058:  2# B-->C
 9059:  1# A-->C
 9060:  3# B-->A
 9061:  1# C-->B
 9062:  2# C-->A
 9063:  1# B-->A
 9064:  4# B-->C
 9065:  1# A-->C
 9066:  2# A-->B
 9067:  1# C-->B
 9068:  3# A-->C
 9069:  1# B-->A
 9070:  2# B-->C
 9071:  1# A-->C
 9072:  5# B-->A
 9073:  1# C-->B
 9074:  2# C-->A
 9075:  1# B-->A
 9076:  3# C-->B
 9077:  1# A-->C
 9078:  2# A-->B
 9079:  1# C-->B
 9080:  4# C-->A
 9081:  1# B-->A
 9082:  2# B-->C
 9083:  1# A-->C
 9084:  3# B-->A
 9085:  1# C-->B
 9086:  2# C-->A
 9087:  1# B-->A
 9088:  8# B-->C
 9089:  1# A-->C
 9090:  2# A-->B
 9091:  1# C-->B
 9092:  3# A-->C
 9093:  1# B-->A
 9094:  2# B-->C
 9095:  1# A-->C
 9096:  4# A-->B
 9097:  1# C-->B
 9098:  2# C-->A
 9099:  1# B-->A
 9100:  3# C-->B
 9101:  1# A-->C
 9102:  2# A-->B
 9103:  1# C-->B
 9104:  5# A-->C
 9105:  1# B-->A
 9106:  2# B-->C
 9107:  1# A-->C
 9108:  3# B-->A
 9109:  1# C-->B
 9110:  2# C-->A
 9111:  1# B-->A
 9112:  4# B-->C
 9113:  1# A-->C
 9114:  2# A-->B
 9115:  1# C-->B
 9116:  3# A-->C
 9117:  1# B-->A
 9118:  2# B-->C
 9119:  1# A-->C
 9120:  6# A-->B
 9121:  1# C-->B
 9122:  2# C-->A
 9123:  1# B-->A
 9124:  3# C-->B
 9125:  1# A-->C
 9126:  2# A-->B
 9127:  1# C-->B
 9128:  4# C-->A
 9129:  1# B-->A
 9130:  2# B-->C
 9131:  1# A-->C
 9132:  3# B-->A
 9133:  1# C-->B
 9134:  2# C-->A
 9135:  1# B-->A
 9136:  5# C-->B
 9137:  1# A-->C
 9138:  2# A-->B
 9139:  1# C-->B
 9140:  3# A-->C
 9141:  1# B-->A
 9142:  2# B-->C
 9143:  1# A-->C
 9144:  4# A-->B
 9145:  1# C-->B
 9146:  2# C-->A
 9147:  1# B-->A
 9148:  3# C-->B
 9149:  1# A-->C
 9150:  2# A-->B
 9151:  1# C-->B
 9152:  7# A-->C
 9153:  1# B-->A
 9154:  2# B-->C
 9155:  1# A-->C
 9156:  3# B-->A
 9157:  1# C-->B
 9158:  2# C-->A
 9159:  1# B-->A
 9160:  4# B-->C
 9161:  1# A-->C
 9162:  2# A-->B
 9163:  1# C-->B
 9164:  3# A-->C
 9165:  1# B-->A
 9166:  2# B-->C
 9167:  1# A-->C
 9168:  5# B-->A
 9169:  1# C-->B
 9170:  2# C-->A
 9171:  1# B-->A
 9172:  3# C-->B
 9173:  1# A-->C
 9174:  2# A-->B
 9175:  1# C-->B
 9176:  4# C-->A
 9177:  1# B-->A
 9178:  2# B-->C
 9179:  1# A-->C
 9180:  3# B-->A
 9181:  1# C-->B
 9182:  2# C-->A
 9183:  1# B-->A
 9184:  6# B-->C
 9185:  1# A-->C
 9186:  2# A-->B
 9187:  1# C-->B
 9188:  3# A-->C
 9189:  1# B-->A
 9190:  2# B-->C
 9191:  1# A-->C
 9192:  4# A-->B
 9193:  1# C-->B
 9194:  2# C-->A
 9195:  1# B-->A
 9196:  3# C-->B
 9197:  1# A-->C
 9198:  2# A-->B
 9199:  1# C-->B
 9200:  5# A-->C
 9201:  1# B-->A
 9202:  2# B-->C
 9203:  1# A-->C
 9204:  3# B-->A
 9205:  1# C-->B
 9206:  2# C-->A
 9207:  1# B-->A
 9208:  4# B-->C
 9209:  1# A-->C
 9210:  2# A-->B
 9211:  1# C-->B
 9212:  3# A-->C
 9213:  1# B-->A
 9214:  2# B-->C
 9215:  1# A-->C
 9216: 11# B-->A
 9217:  1# C-->B
 9218:  2# C-->A
 9219:  1# B-->A
 9220:  3# C-->B
 9221:  1# A-->C
 9222:  2# A-->B
 9223:  1# C-->B
 9224:  4# C-->A
 9225:  1# B-->A
 9226:  2# B-->C
 9227:  1# A-->C
 9228:  3# B-->A
 9229:  1# C-->B
 9230:  2# C-->A
 9231:  1# B-->A
 9232:  5# C-->B
 9233:  1# A-->C
 9234:  2# A-->B
 9235:  1# C-->B
 9236:  3# A-->C
 9237:  1# B-->A
 9238:  2# B-->C
 9239:  1# A-->C
 9240:  4# A-->B
 9241:  1# C-->B
 9242:  2# C-->A
 9243:  1# B-->A
 9244:  3# C-->B
 9245:  1# A-->C
 9246:  2# A-->B
 9247:  1# C-->B
 9248:  6# C-->A
 9249:  1# B-->A
 9250:  2# B-->C
 9251:  1# A-->C
 9252:  3# B-->A
 9253:  1# C-->B
 9254:  2# C-->A
 9255:  1# B-->A
 9256:  4# B-->C
 9257:  1# A-->C
 9258:  2# A-->B
 9259:  1# C-->B
 9260:  3# A-->C
 9261:  1# B-->A
 9262:  2# B-->C
 9263:  1# A-->C
 9264:  5# B-->A
 9265:  1# C-->B
 9266:  2# C-->A
 9267:  1# B-->A
 9268:  3# C-->B
 9269:  1# A-->C
 9270:  2# A-->B
 9271:  1# C-->B
 9272:  4# C-->A
 9273:  1# B-->A
 9274:  2# B-->C
 9275:  1# A-->C
 9276:  3# B-->A
 9277:  1# C-->B
 9278:  2# C-->A
 9279:  1# B-->A
 9280:  7# C-->B
 9281:  1# A-->C
 9282:  2# A-->B
 9283:  1# C-->B
 9284:  3# A-->C
 9285:  1# B-->A
 9286:  2# B-->C
 9287:  1# A-->C
 9288:  4# A-->B
 9289:  1# C-->B
 9290:  2# C-->A
 9291:  1# B-->A
 9292:  3# C-->B
 9293:  1# A-->C
 9294:  2# A-->B
 9295:  1# C-->B
 9296:  5# A-->C
 9297:  1# B-->A
 9298:  2# B-->C
 9299:  1# A-->C
 9300:  3# B-->A
 9301:  1# C-->B
 9302:  2# C-->A
 9303:  1# B-->A
 9304:  4# B-->C
 9305:  1# A-->C
 9306:  2# A-->B
 9307:  1# C-->B
 9308:  3# A-->C
 9309:  1# B-->A
 9310:  2# B-->C
 9311:  1# A-->C
 9312:  6# A-->B
 9313:  1# C-->B
 9314:  2# C-->A
 9315:  1# B-->A
 9316:  3# C-->B
 9317:  1# A-->C
 9318:  2# A-->B
 9319:  1# C-->B
 9320:  4# C-->A
 9321:  1# B-->A
 9322:  2# B-->C
 9323:  1# A-->C
 9324:  3# B-->A
 9325:  1# C-->B
 9326:  2# C-->A
 9327:  1# B-->A
 9328:  5# C-->B
 9329:  1# A-->C
 9330:  2# A-->B
 9331:  1# C-->B
 9332:  3# A-->C
 9333:  1# B-->A
 9334:  2# B-->C
 9335:  1# A-->C
 9336:  4# A-->B
 9337:  1# C-->B
 9338:  2# C-->A
 9339:  1# B-->A
 9340:  3# C-->B
 9341:  1# A-->C
 9342:  2# A-->B
 9343:  1# C-->B
 9344:  8# C-->A
 9345:  1# B-->A
 9346:  2# B-->C
 9347:  1# A-->C
 9348:  3# B-->A
 9349:  1# C-->B
 9350:  2# C-->A
 9351:  1# B-->A
 9352:  4# B-->C
 9353:  1# A-->C
 9354:  2# A-->B
 9355:  1# C-->B
 9356:  3# A-->C
 9357:  1# B-->A
 9358:  2# B-->C
 9359:  1# A-->C
 9360:  5# B-->A
 9361:  1# C-->B
 9362:  2# C-->A
 9363:  1# B-->A
 9364:  3# C-->B
 9365:  1# A-->C
 9366:  2# A-->B
 9367:  1# C-->B
 9368:  4# C-->A
 9369:  1# B-->A
 9370:  2# B-->C
 9371:  1# A-->C
 9372:  3# B-->A
 9373:  1# C-->B
 9374:  2# C-->A
 9375:  1# B-->A
 9376:  6# B-->C
 9377:  1# A-->C
 9378:  2# A-->B
 9379:  1# C-->B
 9380:  3# A-->C
 9381:  1# B-->A
 9382:  2# B-->C
 9383:  1# A-->C
 9384:  4# A-->B
 9385:  1# C-->B
 9386:  2# C-->A
 9387:  1# B-->A
 9388:  3# C-->B
 9389:  1# A-->C
 9390:  2# A-->B
 9391:  1# C-->B
 9392:  5# A-->C
 9393:  1# B-->A
 9394:  2# B-->C
 9395:  1# A-->C
 9396:  3# B-->A
 9397:  1# C-->B
 9398:  2# C-->A
 9399:  1# B-->A
 9400:  4# B-->C
 9401:  1# A-->C
 9402:  2# A-->B
 9403:  1# C-->B
 9404:  3# A-->C
 9405:  1# B-->A
 9406:  2# B-->C
 9407:  1# A-->C
 9408:  7# B-->A
 9409:  1# C-->B
 9410:  2# C-->A
 9411:  1# B-->A
 9412:  3# C-->B
 9413:  1# A-->C
 9414:  2# A-->B
 9415:  1# C-->B
 9416:  4# C-->A
 9417:  1# B-->A
 9418:  2# B-->C
 9419:  1# A-->C
 9420:  3# B-->A
 9421:  1# C-->B
 9422:  2# C-->A
 9423:  1# B-->A
 9424:  5# C-->B
 9425:  1# A-->C
 9426:  2# A-->B
 9427:  1# C-->B
 9428:  3# A-->C
 9429:  1# B-->A
 9430:  2# B-->C
 9431:  1# A-->C
 9432:  4# A-->B
 9433:  1# C-->B
 9434:  2# C-->A
 9435:  1# B-->A
 9436:  3# C-->B
 9437:  1# A-->C
 9438:  2# A-->B
 9439:  1# C-->B
 9440:  6# C-->A
 9441:  1# B-->A
 9442:  2# B-->C
 9443:  1# A-->C
 9444:  3# B-->A
 9445:  1# C-->B
 9446:  2# C-->A
 9447:  1# B-->A
 9448:  4# B-->C
 9449:  1# A-->C
 9450:  2# A-->B
 9451:  1# C-->B
 9452:  3# A-->C
 9453:  1# B-->A
 9454:  2# B-->C
 9455:  1# A-->C
 9456:  5# B-->A
 9457:  1# C-->B
 9458:  2# C-->A
 9459:  1# B-->A
 9460:  3# C-->B
 9461:  1# A-->C
 9462:  2# A-->B
 9463:  1# C-->B
 9464:  4# C-->A
 9465:  1# B-->A
 9466:  2# B-->C
 9467:  1# A-->C
 9468:  3# B-->A
 9469:  1# C-->B
 9470:  2# C-->A
 9471:  1# B-->A
 9472:  9# C-->B
 9473:  1# A-->C
 9474:  2# A-->B
 9475:  1# C-->B
 9476:  3# A-->C
 9477:  1# B-->A
 9478:  2# B-->C
 9479:  1# A-->C
 9480:  4# A-->B
 9481:  1# C-->B
 9482:  2# C-->A
 9483:  1# B-->A
 9484:  3# C-->B
 9485:  1# A-->C
 9486:  2# A-->B
 9487:  1# C-->B
 9488:  5# A-->C
 9489:  1# B-->A
 9490:  2# B-->C
 9491:  1# A-->C
 9492:  3# B-->A
 9493:  1# C-->B
 9494:  2# C-->A
 9495:  1# B-->A
 9496:  4# B-->C
 9497:  1# A-->C
 9498:  2# A-->B
 9499:  1# C-->B
 9500:  3# A-->C
 9501:  1# B-->A
 9502:  2# B-->C
 9503:  1# A-->C
 9504:  6# A-->B
 9505:  1# C-->B
 9506:  2# C-->A
 9507:  1# B-->A
 9508:  3# C-->B
 9509:  1# A-->C
 9510:  2# A-->B
 9511:  1# C-->B
 9512:  4# C-->A
 9513:  1# B-->A
 9514:  2# B-->C
 9515:  1# A-->C
 9516:  3# B-->A
 9517:  1# C-->B
 9518:  2# C-->A
 9519:  1# B-->A
 9520:  5# C-->B
 9521:  1# A-->C
 9522:  2# A-->B
 9523:  1# C-->B
 9524:  3# A-->C
 9525:  1# B-->A
 9526:  2# B-->C
 9527:  1# A-->C
 9528:  4# A-->B
 9529:  1# C-->B
 9530:  2# C-->A
 9531:  1# B-->A
 9532:  3# C-->B
 9533:  1# A-->C
 9534:  2# A-->B
 9535:  1# C-->B
 9536:  7# A-->C
 9537:  1# B-->A
 9538:  2# B-->C
 9539:  1# A-->C
 9540:  3# B-->A
 9541:  1# C-->B
 9542:  2# C-->A
 9543:  1# B-->A
 9544:  4# B-->C
 9545:  1# A-->C
 9546:  2# A-->B
 9547:  1# C-->B
 9548:  3# A-->C
 9549:  1# B-->A
 9550:  2# B-->C
 9551:  1# A-->C
 9552:  5# B-->A
 9553:  1# C-->B
 9554:  2# C-->A
 9555:  1# B-->A
 9556:  3# C-->B
 9557:  1# A-->C
 9558:  2# A-->B
 9559:  1# C-->B
 9560:  4# C-->A
 9561:  1# B-->A
 9562:  2# B-->C
 9563:  1# A-->C
 9564:  3# B-->A
 9565:  1# C-->B
 9566:  2# C-->A
 9567:  1# B-->A
 9568:  6# B-->C
 9569:  1# A-->C
 9570:  2# A-->B
 9571:  1# C-->B
 9572:  3# A-->C
 9573:  1# B-->A
 9574:  2# B-->C
 9575:  1# A-->C
 9576:  4# A-->B
 9577:  1# C-->B
 9578:  2# C-->A
 9579:  1# B-->A
 9580:  3# C-->B
 9581:  1# A-->C
 9582:  2# A-->B
 9583:  1# C-->B
 9584:  5# A-->C
 9585:  1# B-->A
 9586:  2# B-->C
 9587:  1# A-->C
 9588:  3# B-->A
 9589:  1# C-->B
 9590:  2# C-->A
 9591:  1# B-->A
 9592:  4# B-->C
 9593:  1# A-->C
 9594:  2# A-->B
 9595:  1# C-->B
 9596:  3# A-->C
 9597:  1# B-->A
 9598:  2# B-->C
 9599:  1# A-->C
 9600:  8# A-->B
 9601:  1# C-->B
 9602:  2# C-->A
 9603:  1# B-->A
 9604:  3# C-->B
 9605:  1# A-->C
 9606:  2# A-->B
 9607:  1# C-->B
 9608:  4# C-->A
 9609:  1# B-->A
 9610:  2# B-->C
 9611:  1# A-->C
 9612:  3# B-->A
 9613:  1# C-->B
 9614:  2# C-->A
 9615:  1# B-->A
 9616:  5# C-->B
 9617:  1# A-->C
 9618:  2# A-->B
 9619:  1# C-->B
 9620:  3# A-->C
 9621:  1# B-->A
 9622:  2# B-->C
 9623:  1# A-->C
 9624:  4# A-->B
 9625:  1# C-->B
 9626:  2# C-->A
 9627:  1# B-->A
 9628:  3# C-->B
 9629:  1# A-->C
 9630:  2# A-->B
 9631:  1# C-->B
 9632:  6# C-->A
 9633:  1# B-->A
 9634:  2# B-->C
 9635:  1# A-->C
 9636:  3# B-->A
 9637:  1# C-->B
 9638:  2# C-->A
 9639:  1# B-->A
 9640:  4# B-->C
 9641:  1# A-->C
 9642:  2# A-->B
 9643:  1# C-->B
 9644:  3# A-->C
 9645:  1# B-->A
 9646:  2# B-->C
 9647:  1# A-->C
 9648:  5# B-->A
 9649:  1# C-->B
 9650:  2# C-->A
 9651:  1# B-->A
 9652:  3# C-->B
 9653:  1# A-->C
 9654:  2# A-->B
 9655:  1# C-->B
 9656:  4# C-->A
 9657:  1# B-->A
 9658:  2# B-->C
 9659:  1# A-->C
 9660:  3# B-->A
 9661:  1# C-->B
 9662:  2# C-->A
 9663:  1# B-->A
 9664:  7# C-->B
 9665:  1# A-->C
 9666:  2# A-->B
 9667:  1# C-->B
 9668:  3# A-->C
 9669:  1# B-->A
 9670:  2# B-->C
 9671:  1# A-->C
 9672:  4# A-->B
 9673:  1# C-->B
 9674:  2# C-->A
 9675:  1# B-->A
 9676:  3# C-->B
 9677:  1# A-->C
 9678:  2# A-->B
 9679:  1# C-->B
 9680:  5# A-->C
 9681:  1# B-->A
 9682:  2# B-->C
 9683:  1# A-->C
 9684:  3# B-->A
 9685:  1# C-->B
 9686:  2# C-->A
 9687:  1# B-->A
 9688:  4# B-->C
 9689:  1# A-->C
 9690:  2# A-->B
 9691:  1# C-->B
 9692:  3# A-->C
 9693:  1# B-->A
 9694:  2# B-->C
 9695:  1# A-->C
 9696:  6# A-->B
 9697:  1# C-->B
 9698:  2# C-->A
 9699:  1# B-->A
 9700:  3# C-->B
 9701:  1# A-->C
 9702:  2# A-->B
 9703:  1# C-->B
 9704:  4# C-->A
 9705:  1# B-->A
 9706:  2# B-->C
 9707:  1# A-->C
 9708:  3# B-->A
 9709:  1# C-->B
 9710:  2# C-->A
 9711:  1# B-->A
 9712:  5# C-->B
 9713:  1# A-->C
 9714:  2# A-->B
 9715:  1# C-->B
 9716:  3# A-->C
 9717:  1# B-->A
 9718:  2# B-->C
 9719:  1# A-->C
 9720:  4# A-->B
 9721:  1# C-->B
 9722:  2# C-->A
 9723:  1# B-->A
 9724:  3# C-->B
 9725:  1# A-->C
 9726:  2# A-->B
 9727:  1# C-->B
 9728: 10# C-->A
 9729:  1# B-->A
 9730:  2# B-->C
 9731:  1# A-->C
 9732:  3# B-->A
 9733:  1# C-->B
 9734:  2# C-->A
 9735:  1# B-->A
 9736:  4# B-->C
 9737:  1# A-->C
 9738:  2# A-->B
 9739:  1# C-->B
 9740:  3# A-->C
 9741:  1# B-->A
 9742:  2# B-->C
 9743:  1# A-->C
 9744:  5# B-->A
 9745:  1# C-->B
 9746:  2# C-->A
 9747:  1# B-->A
 9748:  3# C-->B
 9749:  1# A-->C
 9750:  2# A-->B
 9751:  1# C-->B
 9752:  4# C-->A
 9753:  1# B-->A
 9754:  2# B-->C
 9755:  1# A-->C
 9756:  3# B-->A
 9757:  1# C-->B
 9758:  2# C-->A
 9759:  1# B-->A
 9760:  6# B-->C
 9761:  1# A-->C
 9762:  2# A-->B
 9763:  1# C-->B
 9764:  3# A-->C
 9765:  1# B-->A
 9766:  2# B-->C
 9767:  1# A-->C
 9768:  4# A-->B
 9769:  1# C-->B
 9770:  2# C-->A
 9771:  1# B-->A
 9772:  3# C-->B
 9773:  1# A-->C
 9774:  2# A-->B
 9775:  1# C-->B
 9776:  5# A-->C
 9777:  1# B-->A
 9778:  2# B-->C
 9779:  1# A-->C
 9780:  3# B-->A
 9781:  1# C-->B
 9782:  2# C-->A
 9783:  1# B-->A
 9784:  4# B-->C
 9785:  1# A-->C
 9786:  2# A-->B
 9787:  1# C-->B
 9788:  3# A-->C
 9789:  1# B-->A
 9790:  2# B-->C
 9791:  1# A-->C
 9792:  7# B-->A
 9793:  1# C-->B
 9794:  2# C-->A
 9795:  1# B-->A
 9796:  3# C-->B
 9797:  1# A-->C
 9798:  2# A-->B
 9799:  1# C-->B
 9800:  4# C-->A
 9801:  1# B-->A
 9802:  2# B-->C
 9803:  1# A-->C
 9804:  3# B-->A
 9805:  1# C-->B
 9806:  2# C-->A
 9807:  1# B-->A
 9808:  5# C-->B
 9809:  1# A-->C
 9810:  2# A-->B
 9811:  1# C-->B
 9812:  3# A-->C
 9813:  1# B-->A
 9814:  2# B-->C
 9815:  1# A-->C
 9816:  4# A-->B
 9817:  1# C-->B
 9818:  2# C-->A
 9819:  1# B-->A
 9820:  3# C-->B
 9821:  1# A-->C
 9822:  2# A-->B
 9823:  1# C-->B
 9824:  6# C-->A
 9825:  1# B-->A
 9826:  2# B-->C
 9827:  1# A-->C
 9828:  3# B-->A
 9829:  1# C-->B
 9830:  2# C-->A
 9831:  1# B-->A
 9832:  4# B-->C
 9833:  1# A-->C
 9834:  2# A-->B
 9835:  1# C-->B
 9836:  3# A-->C
 9837:  1# B-->A
 9838:  2# B-->C
 9839:  1# A-->C
 9840:  5# B-->A
 9841:  1# C-->B
 9842:  2# C-->A
 9843:  1# B-->A
 9844:  3# C-->B
 9845:  1# A-->C
 9846:  2# A-->B
 9847:  1# C-->B
 9848:  4# C-->A
 9849:  1# B-->A
 9850:  2# B-->C
 9851:  1# A-->C
 9852:  3# B-->A
 9853:  1# C-->B
 9854:  2# C-->A
 9855:  1# B-->A
 9856:  8# B-->C
 9857:  1# A-->C
 9858:  2# A-->B
 9859:  1# C-->B
 9860:  3# A-->C
 9861:  1# B-->A
 9862:  2# B-->C
 9863:  1# A-->C
 9864:  4# A-->B
 9865:  1# C-->B
 9866:  2# C-->A
 9867:  1# B-->A
 9868:  3# C-->B
 9869:  1# A-->C
 9870:  2# A-->B
 9871:  1# C-->B
 9872:  5# A-->C
 9873:  1# B-->A
 9874:  2# B-->C
 9875:  1# A-->C
 9876:  3# B-->A
 9877:  1# C-->B
 9878:  2# C-->A
 9879:  1# B-->A
 9880:  4# B-->C
 9881:  1# A-->C
 9882:  2# A-->B
 9883:  1# C-->B
 9884:  3# A-->C
 9885:  1# B-->A
 9886:  2# B-->C
 9887:  1# A-->C
 9888:  6# A-->B
 9889:  1# C-->B
 9890:  2# C-->A
 9891:  1# B-->A
 9892:  3# C-->B
 9893:  1# A-->C
 9894:  2# A-->B
 9895:  1# C-->B
 9896:  4# C-->A
 9897:  1# B-->A
 9898:  2# B-->C
 9899:  1# A-->C
 9900:  3# B-->A
 9901:  1# C-->B
 9902:  2# C-->A
 9903:  1# B-->A
 9904:  5# C-->B
 9905:  1# A-->C
 9906:  2# A-->B
 9907:  1# C-->B
 9908:  3# A-->C
 9909:  1# B-->A
 9910:  2# B-->C
 9911:  1# A-->C
 9912:  4# A-->B
 9913:  1# C-->B
 9914:  2# C-->A
 9915:  1# B-->A
 9916:  3# C-->B
 9917:  1# A-->C
 9918:  2# A-->B
 9919:  1# C-->B
 9920:  7# A-->C
 9921:  1# B-->A
 9922:  2# B-->C
 9923:  1# A-->C
 9924:  3# B-->A
 9925:  1# C-->B
 9926:  2# C-->A
 9927:  1# B-->A
 9928:  4# B-->C
 9929:  1# A-->C
 9930:  2# A-->B
 9931:  1# C-->B
 9932:  3# A-->C
 9933:  1# B-->A
 9934:  2# B-->C
 9935:  1# A-->C
 9936:  5# B-->A
 9937:  1# C-->B
 9938:  2# C-->A
 9939:  1# B-->A
 9940:  3# C-->B
 9941:  1# A-->C
 9942:  2# A-->B
 9943:  1# C-->B
 9944:  4# C-->A
 9945:  1# B-->A
 9946:  2# B-->C
 9947:  1# A-->C
 9948:  3# B-->A
 9949:  1# C-->B
 9950:  2# C-->A
 9951:  1# B-->A
 9952:  6# B-->C
 9953:  1# A-->C
 9954:  2# A-->B
 9955:  1# C-->B
 9956:  3# A-->C
 9957:  1# B-->A
 9958:  2# B-->C
 9959:  1# A-->C
 9960:  4# A-->B
 9961:  1# C-->B
 9962:  2# C-->A
 9963:  1# B-->A
 9964:  3# C-->B
 9965:  1# A-->C
 9966:  2# A-->B
 9967:  1# C-->B
 9968:  5# A-->C
 9969:  1# B-->A
 9970:  2# B-->C
 9971:  1# A-->C
 9972:  3# B-->A
 9973:  1# C-->B
 9974:  2# C-->A
 9975:  1# B-->A
 9976:  4# B-->C
 9977:  1# A-->C
 9978:  2# A-->B
 9979:  1# C-->B
 9980:  3# A-->C
 9981:  1# B-->A
 9982:  2# B-->C
 9983:  1# A-->C
 9984:  9# B-->A
 9985:  1# C-->B
 9986:  2# C-->A
 9987:  1# B-->A
 9988:  3# C-->B
 9989:  1# A-->C
 9990:  2# A-->B
 9991:  1# C-->B
 9992:  4# C-->A
 9993:  1# B-->A
 9994:  2# B-->C
 9995:  1# A-->C
 9996:  3# B-->A
 9997:  1# C-->B
 9998:  2# C-->A
 9999:  1# B-->A
10000:  5# C-->B
10001:  1# A-->C
10002:  2# A-->B
10003:  1# C-->B
10004:  3# A-->C
10005:  1# B-->A
10006:  2# B-->C
10007:  1# A-->C
10008:  4# A-->B
10009:  1# C-->B
10010:  2# C-->A
10011:  1# B-->A
10012:  3# C-->B
10013:  1# A-->C
10014:  2# A-->B
10015:  1# C-->B
10016:  6# C-->A
10017:  1# B-->A
10018:  2# B-->C
10019:  1# A-->C
10020:  3# B-->A
10021:  1# C-->B
10022:  2# C-->A
10023:  1# B-->A
10024:  4# B-->C
10025:  1# A-->C
10026:  2# A-->B
10027:  1# C-->B
10028:  3# A-->C
10029:  1# B-->A
10030:  2# B-->C
10031:  1# A-->C
10032:  5# B-->A
10033:  1# C-->B
10034:  2# C-->A
10035:  1# B-->A
10036:  3# C-->B
10037:  1# A-->C
10038:  2# A-->B
10039:  1# C-->B
10040:  4# C-->A
10041:  1# B-->A
10042:  2# B-->C
10043:  1# A-->C
10044:  3# B-->A
10045:  1# C-->B
10046:  2# C-->A
10047:  1# B-->A
10048:  7# C-->B
10049:  1# A-->C
10050:  2# A-->B
10051:  1# C-->B
10052:  3# A-->C
10053:  1# B-->A
10054:  2# B-->C
10055:  1# A-->C
10056:  4# A-->B
10057:  1# C-->B
10058:  2# C-->A
10059:  1# B-->A
10060:  3# C-->B
10061:  1# A-->C
10062:  2# A-->B
10063:  1# C-->B
10064:  5# A-->C
10065:  1# B-->A
10066:  2# B-->C
10067:  1# A-->C
10068:  3# B-->A
10069:  1# C-->B
10070:  2# C-->A
10071:  1# B-->A
10072:  4# B-->C
10073:  1# A-->C
10074:  2# A-->B
10075:  1# C-->B
10076:  3# A-->C
10077:  1# B-->A
10078:  2# B-->C
10079:  1# A-->C
10080:  6# A-->B
10081:  1# C-->B
10082:  2# C-->A
10083:  1# B-->A
10084:  3# C-->B
10085:  1# A-->C
10086:  2# A-->B
10087:  1# C-->B
10088:  4# C-->A
10089:  1# B-->A
10090:  2# B-->C
10091:  1# A-->C
10092:  3# B-->A
10093:  1# C-->B
10094:  2# C-->A
10095:  1# B-->A
10096:  5# C-->B
10097:  1# A-->C
10098:  2# A-->B
10099:  1# C-->B
10100:  3# A-->C
10101:  1# B-->A
10102:  2# B-->C
10103:  1# A-->C
10104:  4# A-->B
10105:  1# C-->B
10106:  2# C-->A
10107:  1# B-->A
10108:  3# C-->B
10109:  1# A-->C
10110:  2# A-->B
10111:  1# C-->B
10112:  8# C-->A
10113:  1# B-->A
10114:  2# B-->C
10115:  1# A-->C
10116:  3# B-->A
10117:  1# C-->B
10118:  2# C-->A
10119:  1# B-->A
10120:  4# B-->C
10121:  1# A-->C
10122:  2# A-->B
10123:  1# C-->B
10124:  3# A-->C
10125:  1# B-->A
10126:  2# B-->C
10127:  1# A-->C
10128:  5# B-->A
10129:  1# C-->B
10130:  2# C-->A
10131:  1# B-->A
10132:  3# C-->B
10133:  1# A-->C
10134:  2# A-->B
10135:  1# C-->B
10136:  4# C-->A
10137:  1# B-->A
10138:  2# B-->C
10139:  1# A-->C
10140:  3# B-->A
10141:  1# C-->B
10142:  2# C-->A
10143:  1# B-->A
10144:  6# B-->C
10145:  1# A-->C
10146:  2# A-->B
10147:  1# C-->B
10148:  3# A-->C
10149:  1# B-->A
10150:  2# B-->C
10151:  1# A-->C
10152:  4# A-->B
10153:  1# C-->B
10154:  2# C-->A
10155:  1# B-->A
10156:  3# C-->B
10157:  1# A-->C
10158:  2# A-->B
10159:  1# C-->B
10160:  5# A-->C
10161:  1# B-->A
10162:  2# B-->C
10163:  1# A-->C
10164:  3# B-->A
10165:  1# C-->B
10166:  2# C-->A
10167:  1# B-->A
10168:  4# B-->C
10169:  1# A-->C
10170:  2# A-->B
10171:  1# C-->B
10172:  3# A-->C
10173:  1# B-->A
10174:  2# B-->C
10175:  1# A-->C
10176:  7# B-->A
10177:  1# C-->B
10178:  2# C-->A
10179:  1# B-->A
10180:  3# C-->B
10181:  1# A-->C
10182:  2# A-->B
10183:  1# C-->B
10184:  4# C-->A
10185:  1# B-->A
10186:  2# B-->C
10187:  1# A-->C
10188:  3# B-->A
10189:  1# C-->B
10190:  2# C-->A
10191:  1# B-->A
10192:  5# C-->B
10193:  1# A-->C
10194:  2# A-->B
10195:  1# C-->B
10196:  3# A-->C
10197:  1# B-->A
10198:  2# B-->C
10199:  1# A-->C
10200:  4# A-->B
10201:  1# C-->B
10202:  2# C-->A
10203:  1# B-->A
10204:  3# C-->B
10205:  1# A-->C
10206:  2# A-->B
10207:  1# C-->B
10208:  6# C-->A
10209:  1# B-->A
10210:  2# B-->C
10211:  1# A-->C
10212:  3# B-->A
10213:  1# C-->B
10214:  2# C-->A
10215:  1# B-->A
10216:  4# B-->C
10217:  1# A-->C
10218:  2# A-->B
10219:  1# C-->B
10220:  3# A-->C
10221:  1# B-->A
10222:  2# B-->C
10223:  1# A-->C
10224:  5# B-->A
10225:  1# C-->B
10226:  2# C-->A
10227:  1# B-->A
10228:  3# C-->B
10229:  1# A-->C
10230:  2# A-->B
10231:  1# C-->B
10232:  4# C-->A
10233:  1# B-->A
10234:  2# B-->C
10235:  1# A-->C
10236:  3# B-->A
10237:  1# C-->B
10238:  2# C-->A
10239:  1# B-->A
10240: 12# B-->C
10241:  1# A-->C
10242:  2# A-->B
10243:  1# C-->B
10244:  3# A-->C
10245:  1# B-->A
10246:  2# B-->C
10247:  1# A-->C
10248:  4# A-->B
10249:  1# C-->B
10250:  2# C-->A
10251:  1# B-->A
10252:  3# C-->B
10253:  1# A-->C
10254:  2# A-->B
10255:  1# C-->B
10256:  5# A-->C
10257:  1# B-->A
10258:  2# B-->C
10259:  1# A-->C
10260:  3# B-->A
10261:  1# C-->B
10262:  2# C-->A
10263:  1# B-->A
10264:  4# B-->C
10265:  1# A-->C
10266:  2# A-->B
10267:  1# C-->B
10268:  3# A-->C
10269:  1# B-->A
10270:  2# B-->C
10271:  1# A-->C
10272:  6# A-->B
10273:  1# C-->B
10274:  2# C-->A
10275:  1# B-->A
10276:  3# C-->B
10277:  1# A-->C
10278:  2# A-->B
10279:  1# C-->B
10280:  4# C-->A
10281:  1# B-->A
10282:  2# B-->C
10283:  1# A-->C
10284:  3# B-->A
10285:  1# C-->B
10286:  2# C-->A
10287:  1# B-->A
10288:  5# C-->B
10289:  1# A-->C
10290:  2# A-->B
10291:  1# C-->B
10292:  3# A-->C
10293:  1# B-->A
10294:  2# B-->C
10295:  1# A-->C
10296:  4# A-->B
10297:  1# C-->B
10298:  2# C-->A
10299:  1# B-->A
10300:  3# C-->B
10301:  1# A-->C
10302:  2# A-->B
10303:  1# C-->B
10304:  7# A-->C
10305:  1# B-->A
10306:  2# B-->C
10307:  1# A-->C
10308:  3# B-->A
10309:  1# C-->B
10310:  2# C-->A
10311:  1# B-->A
10312:  4# B-->C
10313:  1# A-->C
10314:  2# A-->B
10315:  1# C-->B
10316:  3# A-->C
10317:  1# B-->A
10318:  2# B-->C
10319:  1# A-->C
10320:  5# B-->A
10321:  1# C-->B
10322:  2# C-->A
10323:  1# B-->A
10324:  3# C-->B
10325:  1# A-->C
10326:  2# A-->B
10327:  1# C-->B
10328:  4# C-->A
10329:  1# B-->A
10330:  2# B-->C
10331:  1# A-->C
10332:  3# B-->A
10333:  1# C-->B
10334:  2# C-->A
10335:  1# B-->A
10336:  6# B-->C
10337:  1# A-->C
10338:  2# A-->B
10339:  1# C-->B
10340:  3# A-->C
10341:  1# B-->A
10342:  2# B-->C
10343:  1# A-->C
10344:  4# A-->B
10345:  1# C-->B
10346:  2# C-->A
10347:  1# B-->A
10348:  3# C-->B
10349:  1# A-->C
10350:  2# A-->B
10351:  1# C-->B
10352:  5# A-->C
10353:  1# B-->A
10354:  2# B-->C
10355:  1# A-->C
10356:  3# B-->A
10357:  1# C-->B
10358:  2# C-->A
10359:  1# B-->A
10360:  4# B-->C
10361:  1# A-->C
10362:  2# A-->B
10363:  1# C-->B
10364:  3# A-->C
10365:  1# B-->A
10366:  2# B-->C
10367:  1# A-->C
10368:  8# A-->B
10369:  1# C-->B
10370:  2# C-->A
10371:  1# B-->A
10372:  3# C-->B
10373:  1# A-->C
10374:  2# A-->B
10375:  1# C-->B
10376:  4# C-->A
10377:  1# B-->A
10378:  2# B-->C
10379:  1# A-->C
10380:  3# B-->A
10381:  1# C-->B
10382:  2# C-->A
10383:  1# B-->A
10384:  5# C-->B
10385:  1# A-->C
10386:  2# A-->B
10387:  1# C-->B
10388:  3# A-->C
10389:  1# B-->A
10390:  2# B-->C
10391:  1# A-->C
10392:  4# A-->B
10393:  1# C-->B
10394:  2# C-->A
10395:  1# B-->A
10396:  3# C-->B
10397:  1# A-->C
10398:  2# A-->B
10399:  1# C-->B
10400:  6# C-->A
10401:  1# B-->A
10402:  2# B-->C
10403:  1# A-->C
10404:  3# B-->A
10405:  1# C-->B
10406:  2# C-->A
10407:  1# B-->A
10408:  4# B-->C
10409:  1# A-->C
10410:  2# A-->B
10411:  1# C-->B
10412:  3# A-->C
10413:  1# B-->A
10414:  2# B-->C
10415:  1# A-->C
10416:  5# B-->A
10417:  1# C-->B
10418:  2# C-->A
10419:  1# B-->A
10420:  3# C-->B
10421:  1# A-->C
10422:  2# A-->B
10423:  1# C-->B
10424:  4# C-->A
10425:  1# B-->A
10426:  2# B-->C
10427:  1# A-->C
10428:  3# B-->A
10429:  1# C-->B
10430:  2# C-->A
10431:  1# B-->A
10432:  7# C-->B
10433:  1# A-->C
10434:  2# A-->B
10435:  1# C-->B
10436:  3# A-->C
10437:  1# B-->A
10438:  2# B-->C
10439:  1# A-->C
10440:  4# A-->B
10441:  1# C-->B
10442:  2# C-->A
10443:  1# B-->A
10444:  3# C-->B
10445:  1# A-->C
10446:  2# A-->B
10447:  1# C-->B
10448:  5# A-->C
10449:  1# B-->A
10450:  2# B-->C
10451:  1# A-->C
10452:  3# B-->A
10453:  1# C-->B
10454:  2# C-->A
10455:  1# B-->A
10456:  4# B-->C
10457:  1# A-->C
10458:  2# A-->B
10459:  1# C-->B
10460:  3# A-->C
10461:  1# B-->A
10462:  2# B-->C
10463:  1# A-->C
10464:  6# A-->B
10465:  1# C-->B
10466:  2# C-->A
10467:  1# B-->A
10468:  3# C-->B
10469:  1# A-->C
10470:  2# A-->B
10471:  1# C-->B
10472:  4# C-->A
10473:  1# B-->A
10474:  2# B-->C
10475:  1# A-->C
10476:  3# B-->A
10477:  1# C-->B
10478:  2# C-->A
10479:  1# B-->A
10480:  5# C-->B
10481:  1# A-->C
10482:  2# A-->B
10483:  1# C-->B
10484:  3# A-->C
10485:  1# B-->A
10486:  2# B-->C
10487:  1# A-->C
10488:  4# A-->B
10489:  1# C-->B
10490:  2# C-->A
10491:  1# B-->A
10492:  3# C-->B
10493:  1# A-->C
10494:  2# A-->B
10495:  1# C-->B
10496:  9# A-->C
10497:  1# B-->A
10498:  2# B-->C
10499:  1# A-->C
10500:  3# B-->A
10501:  1# C-->B
10502:  2# C-->A
10503:  1# B-->A
10504:  4# B-->C
10505:  1# A-->C
10506:  2# A-->B
10507:  1# C-->B
10508:  3# A-->C
10509:  1# B-->A
10510:  2# B-->C
10511:  1# A-->C
10512:  5# B-->A
10513:  1# C-->B
10514:  2# C-->A
10515:  1# B-->A
10516:  3# C-->B
10517:  1# A-->C
10518:  2# A-->B
10519:  1# C-->B
10520:  4# C-->A
10521:  1# B-->A
10522:  2# B-->C
10523:  1# A-->C
10524:  3# B-->A
10525:  1# C-->B
10526:  2# C-->A
10527:  1# B-->A
10528:  6# B-->C
10529:  1# A-->C
10530:  2# A-->B
10531:  1# C-->B
10532:  3# A-->C
10533:  1# B-->A
10534:  2# B-->C
10535:  1# A-->C
10536:  4# A-->B
10537:  1# C-->B
10538:  2# C-->A
10539:  1# B-->A
10540:  3# C-->B
10541:  1# A-->C
10542:  2# A-->B
10543:  1# C-->B
10544:  5# A-->C
10545:  1# B-->A
10546:  2# B-->C
10547:  1# A-->C
10548:  3# B-->A
10549:  1# C-->B
10550:  2# C-->A
10551:  1# B-->A
10552:  4# B-->C
10553:  1# A-->C
10554:  2# A-->B
10555:  1# C-->B
10556:  3# A-->C
10557:  1# B-->A
10558:  2# B-->C
10559:  1# A-->C
10560:  7# B-->A
10561:  1# C-->B
10562:  2# C-->A
10563:  1# B-->A
10564:  3# C-->B
10565:  1# A-->C
10566:  2# A-->B
10567:  1# C-->B
10568:  4# C-->A
10569:  1# B-->A
10570:  2# B-->C
10571:  1# A-->C
10572:  3# B-->A
10573:  1# C-->B
10574:  2# C-->A
10575:  1# B-->A
10576:  5# C-->B
10577:  1# A-->C
10578:  2# A-->B
10579:  1# C-->B
10580:  3# A-->C
10581:  1# B-->A
10582:  2# B-->C
10583:  1# A-->C
10584:  4# A-->B
10585:  1# C-->B
10586:  2# C-->A
10587:  1# B-->A
10588:  3# C-->B
10589:  1# A-->C
10590:  2# A-->B
10591:  1# C-->B
10592:  6# C-->A
10593:  1# B-->A
10594:  2# B-->C
10595:  1# A-->C
10596:  3# B-->A
10597:  1# C-->B
10598:  2# C-->A
10599:  1# B-->A
10600:  4# B-->C
10601:  1# A-->C
10602:  2# A-->B
10603:  1# C-->B
10604:  3# A-->C
10605:  1# B-->A
10606:  2# B-->C
10607:  1# A-->C
10608:  5# B-->A
10609:  1# C-->B
10610:  2# C-->A
10611:  1# B-->A
10612:  3# C-->B
10613:  1# A-->C
10614:  2# A-->B
10615:  1# C-->B
10616:  4# C-->A
10617:  1# B-->A
10618:  2# B-->C
10619:  1# A-->C
10620:  3# B-->A
10621:  1# C-->B
10622:  2# C-->A
10623:  1# B-->A
10624:  8# B-->C
10625:  1# A-->C
10626:  2# A-->B
10627:  1# C-->B
10628:  3# A-->C
10629:  1# B-->A
10630:  2# B-->C
10631:  1# A-->C
10632:  4# A-->B
10633:  1# C-->B
10634:  2# C-->A
10635:  1# B-->A
10636:  3# C-->B
10637:  1# A-->C
10638:  2# A-->B
10639:  1# C-->B
10640:  5# A-->C
10641:  1# B-->A
10642:  2# B-->C
10643:  1# A-->C
10644:  3# B-->A
10645:  1# C-->B
10646:  2# C-->A
10647:  1# B-->A
10648:  4# B-->C
10649:  1# A-->C
10650:  2# A-->B
10651:  1# C-->B
10652:  3# A-->C
10653:  1# B-->A
10654:  2# B-->C
10655:  1# A-->C
10656:  6# A-->B
10657:  1# C-->B
10658:  2# C-->A
10659:  1# B-->A
10660:  3# C-->B
10661:  1# A-->C
10662:  2# A-->B
10663:  1# C-->B
10664:  4# C-->A
10665:  1# B-->A
10666:  2# B-->C
10667:  1# A-->C
10668:  3# B-->A
10669:  1# C-->B
10670:  2# C-->A
10671:  1# B-->A
10672:  5# C-->B
10673:  1# A-->C
10674:  2# A-->B
10675:  1# C-->B
10676:  3# A-->C
10677:  1# B-->A
10678:  2# B-->C
10679:  1# A-->C
10680:  4# A-->B
10681:  1# C-->B
10682:  2# C-->A
10683:  1# B-->A
10684:  3# C-->B
10685:  1# A-->C
10686:  2# A-->B
10687:  1# C-->B
10688:  7# A-->C
10689:  1# B-->A
10690:  2# B-->C
10691:  1# A-->C
10692:  3# B-->A
10693:  1# C-->B
10694:  2# C-->A
10695:  1# B-->A
10696:  4# B-->C
10697:  1# A-->C
10698:  2# A-->B
10699:  1# C-->B
10700:  3# A-->C
10701:  1# B-->A
10702:  2# B-->C
10703:  1# A-->C
10704:  5# B-->A
10705:  1# C-->B
10706:  2# C-->A
10707:  1# B-->A
10708:  3# C-->B
10709:  1# A-->C
10710:  2# A-->B
10711:  1# C-->B
10712:  4# C-->A
10713:  1# B-->A
10714:  2# B-->C
10715:  1# A-->C
10716:  3# B-->A
10717:  1# C-->B
10718:  2# C-->A
10719:  1# B-->A
10720:  6# B-->C
10721:  1# A-->C
10722:  2# A-->B
10723:  1# C-->B
10724:  3# A-->C
10725:  1# B-->A
10726:  2# B-->C
10727:  1# A-->C
10728:  4# A-->B
10729:  1# C-->B
10730:  2# C-->A
10731:  1# B-->A
10732:  3# C-->B
10733:  1# A-->C
10734:  2# A-->B
10735:  1# C-->B
10736:  5# A-->C
10737:  1# B-->A
10738:  2# B-->C
10739:  1# A-->C
10740:  3# B-->A
10741:  1# C-->B
10742:  2# C-->A
10743:  1# B-->A
10744:  4# B-->C
10745:  1# A-->C
10746:  2# A-->B
10747:  1# C-->B
10748:  3# A-->C
10749:  1# B-->A
10750:  2# B-->C
10751:  1# A-->C
10752: 10# A-->B
10753:  1# C-->B
10754:  2# C-->A
10755:  1# B-->A
10756:  3# C-->B
10757:  1# A-->C
10758:  2# A-->B
10759:  1# C-->B
10760:  4# C-->A
10761:  1# B-->A
10762:  2# B-->C
10763:  1# A-->C
10764:  3# B-->A
10765:  1# C-->B
10766:  2# C-->A
10767:  1# B-->A
10768:  5# C-->B
10769:  1# A-->C
10770:  2# A-->B
10771:  1# C-->B
10772:  3# A-->C
10773:  1# B-->A
10774:  2# B-->C
10775:  1# A-->C
10776:  4# A-->B
10777:  1# C-->B
10778:  2# C-->A
10779:  1# B-->A
10780:  3# C-->B
10781:  1# A-->C
10782:  2# A-->B
10783:  1# C-->B
10784:  6# C-->A
10785:  1# B-->A
10786:  2# B-->C
10787:  1# A-->C
10788:  3# B-->A
10789:  1# C-->B
10790:  2# C-->A
10791:  1# B-->A
10792:  4# B-->C
10793:  1# A-->C
10794:  2# A-->B
10795:  1# C-->B
10796:  3# A-->C
10797:  1# B-->A
10798:  2# B-->C
10799:  1# A-->C
10800:  5# B-->A
10801:  1# C-->B
10802:  2# C-->A
10803:  1# B-->A
10804:  3# C-->B
10805:  1# A-->C
10806:  2# A-->B
10807:  1# C-->B
10808:  4# C-->A
10809:  1# B-->A
10810:  2# B-->C
10811:  1# A-->C
10812:  3# B-->A
10813:  1# C-->B
10814:  2# C-->A
10815:  1# B-->A
10816:  7# C-->B
10817:  1# A-->C
10818:  2# A-->B
10819:  1# C-->B
10820:  3# A-->C
10821:  1# B-->A
10822:  2# B-->C
10823:  1# A-->C
10824:  4# A-->B
10825:  1# C-->B
10826:  2# C-->A
10827:  1# B-->A
10828:  3# C-->B
10829:  1# A-->C
10830:  2# A-->B
10831:  1# C-->B
10832:  5# A-->C
10833:  1# B-->A
10834:  2# B-->C
10835:  1# A-->C
10836:  3# B-->A
10837:  1# C-->B
10838:  2# C-->A
10839:  1# B-->A
10840:  4# B-->C
10841:  1# A-->C
10842:  2# A-->B
10843:  1# C-->B
10844:  3# A-->C
10845:  1# B-->A
10846:  2# B-->C
10847:  1# A-->C
10848:  6# A-->B
10849:  1# C-->B
10850:  2# C-->A
10851:  1# B-->A
10852:  3# C-->B
10853:  1# A-->C
10854:  2# A-->B
10855:  1# C-->B
10856:  4# C-->A
10857:  1# B-->A
10858:  2# B-->C
10859:  1# A-->C
10860:  3# B-->A
10861:  1# C-->B
10862:  2# C-->A
10863:  1# B-->A
10864:  5# C-->B
10865:  1# A-->C
10866:  2# A-->B
10867:  1# C-->B
10868:  3# A-->C
10869:  1# B-->A
10870:  2# B-->C
10871:  1# A-->C
10872:  4# A-->B
10873:  1# C-->B
10874:  2# C-->A
10875:  1# B-->A
10876:  3# C-->B
10877:  1# A-->C
10878:  2# A-->B
10879:  1# C-->B
10880:  8# C-->A
10881:  1# B-->A
10882:  2# B-->C
10883:  1# A-->C
10884:  3# B-->A
10885:  1# C-->B
10886:  2# C-->A
10887:  1# B-->A
10888:  4# B-->C
10889:  1# A-->C
10890:  2# A-->B
10891:  1# C-->B
10892:  3# A-->C
10893:  1# B-->A
10894:  2# B-->C
10895:  1# A-->C
10896:  5# B-->A
10897:  1# C-->B
10898:  2# C-->A
10899:  1# B-->A
10900:  3# C-->B
10901:  1# A-->C
10902:  2# A-->B
10903:  1# C-->B
10904:  4# C-->A
10905:  1# B-->A
10906:  2# B-->C
10907:  1# A-->C
10908:  3# B-->A
10909:  1# C-->B
10910:  2# C-->A
10911:  1# B-->A
10912:  6# B-->C
10913:  1# A-->C
10914:  2# A-->B
10915:  1# C-->B
10916:  3# A-->C
10917:  1# B-->A
10918:  2# B-->C
10919:  1# A-->C
10920:  4# A-->B
10921:  1# C-->B
10922:  2# C-->A
10923:  1# B-->A
10924:  3# C-->B
10925:  1# A-->C
10926:  2# A-->B
10927:  1# C-->B
10928:  5# A-->C
10929:  1# B-->A
10930:  2# B-->C
10931:  1# A-->C
10932:  3# B-->A
10933:  1# C-->B
10934:  2# C-->A
10935:  1# B-->A
10936:  4# B-->C
10937:  1# A-->C
10938:  2# A-->B
10939:  1# C-->B
10940:  3# A-->C
10941:  1# B-->A
10942:  2# B-->C
10943:  1# A-->C
10944:  7# B-->A
10945:  1# C-->B
10946:  2# C-->A
10947:  1# B-->A
10948:  3# C-->B
10949:  1# A-->C
10950:  2# A-->B
10951:  1# C-->B
10952:  4# C-->A
10953:  1# B-->A
10954:  2# B-->C
10955:  1# A-->C
10956:  3# B-->A
10957:  1# C-->B
10958:  2# C-->A
10959:  1# B-->A
10960:  5# C-->B
10961:  1# A-->C
10962:  2# A-->B
10963:  1# C-->B
10964:  3# A-->C
10965:  1# B-->A
10966:  2# B-->C
10967:  1# A-->C
10968:  4# A-->B
10969:  1# C-->B
10970:  2# C-->A
10971:  1# B-->A
10972:  3# C-->B
10973:  1# A-->C
10974:  2# A-->B
10975:  1# C-->B
10976:  6# C-->A
10977:  1# B-->A
10978:  2# B-->C
10979:  1# A-->C
10980:  3# B-->A
10981:  1# C-->B
10982:  2# C-->A
10983:  1# B-->A
10984:  4# B-->C
10985:  1# A-->C
10986:  2# A-->B
10987:  1# C-->B
10988:  3# A-->C
10989:  1# B-->A
10990:  2# B-->C
10991:  1# A-->C
10992:  5# B-->A
10993:  1# C-->B
10994:  2# C-->A
10995:  1# B-->A
10996:  3# C-->B
10997:  1# A-->C
10998:  2# A-->B
10999:  1# C-->B
11000:  4# C-->A
11001:  1# B-->A
11002:  2# B-->C
11003:  1# A-->C
11004:  3# B-->A
11005:  1# C-->B
11006:  2# C-->A
11007:  1# B-->A
11008:  9# C-->B
11009:  1# A-->C
11010:  2# A-->B
11011:  1# C-->B
11012:  3# A-->C
11013:  1# B-->A
11014:  2# B-->C
11015:  1# A-->C
11016:  4# A-->B
11017:  1# C-->B
11018:  2# C-->A
11019:  1# B-->A
11020:  3# C-->B
11021:  1# A-->C
11022:  2# A-->B
11023:  1# C-->B
11024:  5# A-->C
11025:  1# B-->A
11026:  2# B-->C
11027:  1# A-->C
11028:  3# B-->A
11029:  1# C-->B
11030:  2# C-->A
11031:  1# B-->A
11032:  4# B-->C
11033:  1# A-->C
11034:  2# A-->B
11035:  1# C-->B
11036:  3# A-->C
11037:  1# B-->A
11038:  2# B-->C
11039:  1# A-->C
11040:  6# A-->B
11041:  1# C-->B
11042:  2# C-->A
11043:  1# B-->A
11044:  3# C-->B
11045:  1# A-->C
11046:  2# A-->B
11047:  1# C-->B
11048:  4# C-->A
11049:  1# B-->A
11050:  2# B-->C
11051:  1# A-->C
11052:  3# B-->A
11053:  1# C-->B
11054:  2# C-->A
11055:  1# B-->A
11056:  5# C-->B
11057:  1# A-->C
11058:  2# A-->B
11059:  1# C-->B
11060:  3# A-->C
11061:  1# B-->A
11062:  2# B-->C
11063:  1# A-->C
11064:  4# A-->B
11065:  1# C-->B
11066:  2# C-->A
11067:  1# B-->A
11068:  3# C-->B
11069:  1# A-->C
11070:  2# A-->B
11071:  1# C-->B
11072:  7# A-->C
11073:  1# B-->A
11074:  2# B-->C
11075:  1# A-->C
11076:  3# B-->A
11077:  1# C-->B
11078:  2# C-->A
11079:  1# B-->A
11080:  4# B-->C
11081:  1# A-->C
11082:  2# A-->B
11083:  1# C-->B
11084:  3# A-->C
11085:  1# B-->A
11086:  2# B-->C
11087:  1# A-->C
11088:  5# B-->A
11089:  1# C-->B
11090:  2# C-->A
11091:  1# B-->A
11092:  3# C-->B
11093:  1# A-->C
11094:  2# A-->B
11095:  1# C-->B
11096:  4# C-->A
11097:  1# B-->A
11098:  2# B-->C
11099:  1# A-->C
11100:  3# B-->A
11101:  1# C-->B
11102:  2# C-->A
11103:  1# B-->A
11104:  6# B-->C
11105:  1# A-->C
11106:  2# A-->B
11107:  1# C-->B
11108:  3# A-->C
11109:  1# B-->A
11110:  2# B-->C
11111:  1# A-->C
11112:  4# A-->B
11113:  1# C-->B
11114:  2# C-->A
11115:  1# B-->A
11116:  3# C-->B
11117:  1# A-->C
11118:  2# A-->B
11119:  1# C-->B
11120:  5# A-->C
11121:  1# B-->A
11122:  2# B-->C
11123:  1# A-->C
11124:  3# B-->A
11125:  1# C-->B
11126:  2# C-->A
11127:  1# B-->A
11128:  4# B-->C
11129:  1# A-->C
11130:  2# A-->B
11131:  1# C-->B
11132:  3# A-->C
11133:  1# B-->A
11134:  2# B-->C
11135:  1# A-->C
11136:  8# A-->B
11137:  1# C-->B
11138:  2# C-->A
11139:  1# B-->A
11140:  3# C-->B
11141:  1# A-->C
11142:  2# A-->B
11143:  1# C-->B
11144:  4# C-->A
11145:  1# B-->A
11146:  2# B-->C
11147:  1# A-->C
11148:  3# B-->A
11149:  1# C-->B
11150:  2# C-->A
11151:  1# B-->A
11152:  5# C-->B
11153:  1# A-->C
11154:  2# A-->B
11155:  1# C-->B
11156:  3# A-->C
11157:  1# B-->A
11158:  2# B-->C
11159:  1# A-->C
11160:  4# A-->B
11161:  1# C-->B
11162:  2# C-->A
11163:  1# B-->A
11164:  3# C-->B
11165:  1# A-->C
11166:  2# A-->B
11167:  1# C-->B
11168:  6# C-->A
11169:  1# B-->A
11170:  2# B-->C
11171:  1# A-->C
11172:  3# B-->A
11173:  1# C-->B
11174:  2# C-->A
11175:  1# B-->A
11176:  4# B-->C
11177:  1# A-->C
11178:  2# A-->B
11179:  1# C-->B
11180:  3# A-->C
11181:  1# B-->A
11182:  2# B-->C
11183:  1# A-->C
11184:  5# B-->A
11185:  1# C-->B
11186:  2# C-->A
11187:  1# B-->A
11188:  3# C-->B
11189:  1# A-->C
11190:  2# A-->B
11191:  1# C-->B
11192:  4# C-->A
11193:  1# B-->A
11194:  2# B-->C
11195:  1# A-->C
11196:  3# B-->A
11197:  1# C-->B
11198:  2# C-->A
11199:  1# B-->A
11200:  7# C-->B
11201:  1# A-->C
11202:  2# A-->B
11203:  1# C-->B
11204:  3# A-->C
11205:  1# B-->A
11206:  2# B-->C
11207:  1# A-->C
11208:  4# A-->B
11209:  1# C-->B
11210:  2# C-->A
11211:  1# B-->A
11212:  3# C-->B
11213:  1# A-->C
11214:  2# A-->B
11215:  1# C-->B
11216:  5# A-->C
11217:  1# B-->A
11218:  2# B-->C
11219:  1# A-->C
11220:  3# B-->A
11221:  1# C-->B
11222:  2# C-->A
11223:  1# B-->A
11224:  4# B-->C
11225:  1# A-->C
11226:  2# A-->B
11227:  1# C-->B
11228:  3# A-->C
11229:  1# B-->A
11230:  2# B-->C
11231:  1# A-->C
11232:  6# A-->B
11233:  1# C-->B
11234:  2# C-->A
11235:  1# B-->A
11236:  3# C-->B
11237:  1# A-->C
11238:  2# A-->B
11239:  1# C-->B
11240:  4# C-->A
11241:  1# B-->A
11242:  2# B-->C
11243:  1# A-->C
11244:  3# B-->A
11245:  1# C-->B
11246:  2# C-->A
11247:  1# B-->A
11248:  5# C-->B
11249:  1# A-->C
11250:  2# A-->B
11251:  1# C-->B
11252:  3# A-->C
11253:  1# B-->A
11254:  2# B-->C
11255:  1# A-->C
11256:  4# A-->B
11257:  1# C-->B
11258:  2# C-->A
11259:  1# B-->A
11260:  3# C-->B
11261:  1# A-->C
11262:  2# A-->B
11263:  1# C-->B
11264: 11# A-->C
11265:  1# B-->A
11266:  2# B-->C
11267:  1# A-->C
11268:  3# B-->A
11269:  1# C-->B
11270:  2# C-->A
11271:  1# B-->A
11272:  4# B-->C
11273:  1# A-->C
11274:  2# A-->B
11275:  1# C-->B
11276:  3# A-->C
11277:  1# B-->A
11278:  2# B-->C
11279:  1# A-->C
11280:  5# B-->A
11281:  1# C-->B
11282:  2# C-->A
11283:  1# B-->A
11284:  3# C-->B
11285:  1# A-->C
11286:  2# A-->B
11287:  1# C-->B
11288:  4# C-->A
11289:  1# B-->A
11290:  2# B-->C
11291:  1# A-->C
11292:  3# B-->A
11293:  1# C-->B
11294:  2# C-->A
11295:  1# B-->A
11296:  6# B-->C
11297:  1# A-->C
11298:  2# A-->B
11299:  1# C-->B
11300:  3# A-->C
11301:  1# B-->A
11302:  2# B-->C
11303:  1# A-->C
11304:  4# A-->B
11305:  1# C-->B
11306:  2# C-->A
11307:  1# B-->A
11308:  3# C-->B
11309:  1# A-->C
11310:  2# A-->B
11311:  1# C-->B
11312:  5# A-->C
11313:  1# B-->A
11314:  2# B-->C
11315:  1# A-->C
11316:  3# B-->A
11317:  1# C-->B
11318:  2# C-->A
11319:  1# B-->A
11320:  4# B-->C
11321:  1# A-->C
11322:  2# A-->B
11323:  1# C-->B
11324:  3# A-->C
11325:  1# B-->A
11326:  2# B-->C
11327:  1# A-->C
11328:  7# B-->A
11329:  1# C-->B
11330:  2# C-->A
11331:  1# B-->A
11332:  3# C-->B
11333:  1# A-->C
11334:  2# A-->B
11335:  1# C-->B
11336:  4# C-->A
11337:  1# B-->A
11338:  2# B-->C
11339:  1# A-->C
11340:  3# B-->A
11341:  1# C-->B
11342:  2# C-->A
11343:  1# B-->A
11344:  5# C-->B
11345:  1# A-->C
11346:  2# A-->B
11347:  1# C-->B
11348:  3# A-->C
11349:  1# B-->A
11350:  2# B-->C
11351:  1# A-->C
11352:  4# A-->B
11353:  1# C-->B
11354:  2# C-->A
11355:  1# B-->A
11356:  3# C-->B
11357:  1# A-->C
11358:  2# A-->B
11359:  1# C-->B
11360:  6# C-->A
11361:  1# B-->A
11362:  2# B-->C
11363:  1# A-->C
11364:  3# B-->A
11365:  1# C-->B
11366:  2# C-->A
11367:  1# B-->A
11368:  4# B-->C
11369:  1# A-->C
11370:  2# A-->B
11371:  1# C-->B
11372:  3# A-->C
11373:  1# B-->A
11374:  2# B-->C
11375:  1# A-->C
11376:  5# B-->A
11377:  1# C-->B
11378:  2# C-->A
11379:  1# B-->A
11380:  3# C-->B
11381:  1# A-->C
11382:  2# A-->B
11383:  1# C-->B
11384:  4# C-->A
11385:  1# B-->A
11386:  2# B-->C
11387:  1# A-->C
11388:  3# B-->A
11389:  1# C-->B
11390:  2# C-->A
11391:  1# B-->A
11392:  8# B-->C
11393:  1# A-->C
11394:  2# A-->B
11395:  1# C-->B
11396:  3# A-->C
11397:  1# B-->A
11398:  2# B-->C
11399:  1# A-->C
11400:  4# A-->B
11401:  1# C-->B
11402:  2# C-->A
11403:  1# B-->A
11404:  3# C-->B
11405:  1# A-->C
11406:  2# A-->B
11407:  1# C-->B
11408:  5# A-->C
11409:  1# B-->A
11410:  2# B-->C
11411:  1# A-->C
11412:  3# B-->A
11413:  1# C-->B
11414:  2# C-->A
11415:  1# B-->A
11416:  4# B-->C
11417:  1# A-->C
11418:  2# A-->B
11419:  1# C-->B
11420:  3# A-->C
11421:  1# B-->A
11422:  2# B-->C
11423:  1# A-->C
11424:  6# A-->B
11425:  1# C-->B
11426:  2# C-->A
11427:  1# B-->A
11428:  3# C-->B
11429:  1# A-->C
11430:  2# A-->B
11431:  1# C-->B
11432:  4# C-->A
11433:  1# B-->A
11434:  2# B-->C
11435:  1# A-->C
11436:  3# B-->A
11437:  1# C-->B
11438:  2# C-->A
11439:  1# B-->A
11440:  5# C-->B
11441:  1# A-->C
11442:  2# A-->B
11443:  1# C-->B
11444:  3# A-->C
11445:  1# B-->A
11446:  2# B-->C
11447:  1# A-->C
11448:  4# A-->B
11449:  1# C-->B
11450:  2# C-->A
11451:  1# B-->A
11452:  3# C-->B
11453:  1# A-->C
11454:  2# A-->B
11455:  1# C-->B
11456:  7# A-->C
11457:  1# B-->A
11458:  2# B-->C
11459:  1# A-->C
11460:  3# B-->A
11461:  1# C-->B
11462:  2# C-->A
11463:  1# B-->A
11464:  4# B-->C
11465:  1# A-->C
11466:  2# A-->B
11467:  1# C-->B
11468:  3# A-->C
11469:  1# B-->A
11470:  2# B-->C
11471:  1# A-->C
11472:  5# B-->A
11473:  1# C-->B
11474:  2# C-->A
11475:  1# B-->A
11476:  3# C-->B
11477:  1# A-->C
11478:  2# A-->B
11479:  1# C-->B
11480:  4# C-->A
11481:  1# B-->A
11482:  2# B-->C
11483:  1# A-->C
11484:  3# B-->A
11485:  1# C-->B
11486:  2# C-->A
11487:  1# B-->A
11488:  6# B-->C
11489:  1# A-->C
11490:  2# A-->B
11491:  1# C-->B
11492:  3# A-->C
11493:  1# B-->A
11494:  2# B-->C
11495:  1# A-->C
11496:  4# A-->B
11497:  1# C-->B
11498:  2# C-->A
11499:  1# B-->A
11500:  3# C-->B
11501:  1# A-->C
11502:  2# A-->B
11503:  1# C-->B
11504:  5# A-->C
11505:  1# B-->A
11506:  2# B-->C
11507:  1# A-->C
11508:  3# B-->A
11509:  1# C-->B
11510:  2# C-->A
11511:  1# B-->A
11512:  4# B-->C
11513:  1# A-->C
11514:  2# A-->B
11515:  1# C-->B
11516:  3# A-->C
11517:  1# B-->A
11518:  2# B-->C
11519:  1# A-->C
11520:  9# B-->A
11521:  1# C-->B
11522:  2# C-->A
11523:  1# B-->A
11524:  3# C-->B
11525:  1# A-->C
11526:  2# A-->B
11527:  1# C-->B
11528:  4# C-->A
11529:  1# B-->A
11530:  2# B-->C
11531:  1# A-->C
11532:  3# B-->A
11533:  1# C-->B
11534:  2# C-->A
11535:  1# B-->A
11536:  5# C-->B
11537:  1# A-->C
11538:  2# A-->B
11539:  1# C-->B
11540:  3# A-->C
11541:  1# B-->A
11542:  2# B-->C
11543:  1# A-->C
11544:  4# A-->B
11545:  1# C-->B
11546:  2# C-->A
11547:  1# B-->A
11548:  3# C-->B
11549:  1# A-->C
11550:  2# A-->B
11551:  1# C-->B
11552:  6# C-->A
11553:  1# B-->A
11554:  2# B-->C
11555:  1# A-->C
11556:  3# B-->A
11557:  1# C-->B
11558:  2# C-->A
11559:  1# B-->A
11560:  4# B-->C
11561:  1# A-->C
11562:  2# A-->B
11563:  1# C-->B
11564:  3# A-->C
11565:  1# B-->A
11566:  2# B-->C
11567:  1# A-->C
11568:  5# B-->A
11569:  1# C-->B
11570:  2# C-->A
11571:  1# B-->A
11572:  3# C-->B
11573:  1# A-->C
11574:  2# A-->B
11575:  1# C-->B
11576:  4# C-->A
11577:  1# B-->A
11578:  2# B-->C
11579:  1# A-->C
11580:  3# B-->A
11581:  1# C-->B
11582:  2# C-->A
11583:  1# B-->A
11584:  7# C-->B
11585:  1# A-->C
11586:  2# A-->B
11587:  1# C-->B
11588:  3# A-->C
11589:  1# B-->A
11590:  2# B-->C
11591:  1# A-->C
11592:  4# A-->B
11593:  1# C-->B
11594:  2# C-->A
11595:  1# B-->A
11596:  3# C-->B
11597:  1# A-->C
11598:  2# A-->B
11599:  1# C-->B
11600:  5# A-->C
11601:  1# B-->A
11602:  2# B-->C
11603:  1# A-->C
11604:  3# B-->A
11605:  1# C-->B
11606:  2# C-->A
11607:  1# B-->A
11608:  4# B-->C
11609:  1# A-->C
11610:  2# A-->B
11611:  1# C-->B
11612:  3# A-->C
11613:  1# B-->A
11614:  2# B-->C
11615:  1# A-->C
11616:  6# A-->B
11617:  1# C-->B
11618:  2# C-->A
11619:  1# B-->A
11620:  3# C-->B
11621:  1# A-->C
11622:  2# A-->B
11623:  1# C-->B
11624:  4# C-->A
11625:  1# B-->A
11626:  2# B-->C
11627:  1# A-->C
11628:  3# B-->A
11629:  1# C-->B
11630:  2# C-->A
11631:  1# B-->A
11632:  5# C-->B
11633:  1# A-->C
11634:  2# A-->B
11635:  1# C-->B
11636:  3# A-->C
11637:  1# B-->A
11638:  2# B-->C
11639:  1# A-->C
11640:  4# A-->B
11641:  1# C-->B
11642:  2# C-->A
11643:  1# B-->A
11644:  3# C-->B
11645:  1# A-->C
11646:  2# A-->B
11647:  1# C-->B
11648:  8# C-->A
11649:  1# B-->A
11650:  2# B-->C
11651:  1# A-->C
11652:  3# B-->A
11653:  1# C-->B
11654:  2# C-->A
11655:  1# B-->A
11656:  4# B-->C
11657:  1# A-->C
11658:  2# A-->B
11659:  1# C-->B
11660:  3# A-->C
11661:  1# B-->A
11662:  2# B-->C
11663:  1# A-->C
11664:  5# B-->A
11665:  1# C-->B
11666:  2# C-->A
11667:  1# B-->A
11668:  3# C-->B
11669:  1# A-->C
11670:  2# A-->B
11671:  1# C-->B
11672:  4# C-->A
11673:  1# B-->A
11674:  2# B-->C
11675:  1# A-->C
11676:  3# B-->A
11677:  1# C-->B
11678:  2# C-->A
11679:  1# B-->A
11680:  6# B-->C
11681:  1# A-->C
11682:  2# A-->B
11683:  1# C-->B
11684:  3# A-->C
11685:  1# B-->A
11686:  2# B-->C
11687:  1# A-->C
11688:  4# A-->B
11689:  1# C-->B
11690:  2# C-->A
11691:  1# B-->A
11692:  3# C-->B
11693:  1# A-->C
11694:  2# A-->B
11695:  1# C-->B
11696:  5# A-->C
11697:  1# B-->A
11698:  2# B-->C
11699:  1# A-->C
11700:  3# B-->A
11701:  1# C-->B
11702:  2# C-->A
11703:  1# B-->A
11704:  4# B-->C
11705:  1# A-->C
11706:  2# A-->B
11707:  1# C-->B
11708:  3# A-->C
11709:  1# B-->A
11710:  2# B-->C
11711:  1# A-->C
11712:  7# B-->A
11713:  1# C-->B
11714:  2# C-->A
11715:  1# B-->A
11716:  3# C-->B
11717:  1# A-->C
11718:  2# A-->B
11719:  1# C-->B
11720:  4# C-->A
11721:  1# B-->A
11722:  2# B-->C
11723:  1# A-->C
11724:  3# B-->A
11725:  1# C-->B
11726:  2# C-->A
11727:  1# B-->A
11728:  5# C-->B
11729:  1# A-->C
11730:  2# A-->B
11731:  1# C-->B
11732:  3# A-->C
11733:  1# B-->A
11734:  2# B-->C
11735:  1# A-->C
11736:  4# A-->B
11737:  1# C-->B
11738:  2# C-->A
11739:  1# B-->A
11740:  3# C-->B
11741:  1# A-->C
11742:  2# A-->B
11743:  1# C-->B
11744:  6# C-->A
11745:  1# B-->A
11746:  2# B-->C
11747:  1# A-->C
11748:  3# B-->A
11749:  1# C-->B
11750:  2# C-->A
11751:  1# B-->A
11752:  4# B-->C
11753:  1# A-->C
11754:  2# A-->B
11755:  1# C-->B
11756:  3# A-->C
11757:  1# B-->A
11758:  2# B-->C
11759:  1# A-->C
11760:  5# B-->A
11761:  1# C-->B
11762:  2# C-->A
11763:  1# B-->A
11764:  3# C-->B
11765:  1# A-->C
11766:  2# A-->B
11767:  1# C-->B
11768:  4# C-->A
11769:  1# B-->A
11770:  2# B-->C
11771:  1# A-->C
11772:  3# B-->A
11773:  1# C-->B
11774:  2# C-->A
11775:  1# B-->A
11776: 10# B-->C
11777:  1# A-->C
11778:  2# A-->B
11779:  1# C-->B
11780:  3# A-->C
11781:  1# B-->A
11782:  2# B-->C
11783:  1# A-->C
11784:  4# A-->B
11785:  1# C-->B
11786:  2# C-->A
11787:  1# B-->A
11788:  3# C-->B
11789:  1# A-->C
11790:  2# A-->B
11791:  1# C-->B
11792:  5# A-->C
11793:  1# B-->A
11794:  2# B-->C
11795:  1# A-->C
11796:  3# B-->A
11797:  1# C-->B
11798:  2# C-->A
11799:  1# B-->A
11800:  4# B-->C
11801:  1# A-->C
11802:  2# A-->B
11803:  1# C-->B
11804:  3# A-->C
11805:  1# B-->A
11806:  2# B-->C
11807:  1# A-->C
11808:  6# A-->B
11809:  1# C-->B
11810:  2# C-->A
11811:  1# B-->A
11812:  3# C-->B
11813:  1# A-->C
11814:  2# A-->B
11815:  1# C-->B
11816:  4# C-->A
11817:  1# B-->A
11818:  2# B-->C
11819:  1# A-->C
11820:  3# B-->A
11821:  1# C-->B
11822:  2# C-->A
11823:  1# B-->A
11824:  5# C-->B
11825:  1# A-->C
11826:  2# A-->B
11827:  1# C-->B
11828:  3# A-->C
11829:  1# B-->A
11830:  2# B-->C
11831:  1# A-->C
11832:  4# A-->B
11833:  1# C-->B
11834:  2# C-->A
11835:  1# B-->A
11836:  3# C-->B
11837:  1# A-->C
11838:  2# A-->B
11839:  1# C-->B
11840:  7# A-->C
11841:  1# B-->A
11842:  2# B-->C
11843:  1# A-->C
11844:  3# B-->A
11845:  1# C-->B
11846:  2# C-->A
11847:  1# B-->A
11848:  4# B-->C
11849:  1# A-->C
11850:  2# A-->B
11851:  1# C-->B
11852:  3# A-->C
11853:  1# B-->A
11854:  2# B-->C
11855:  1# A-->C
11856:  5# B-->A
11857:  1# C-->B
11858:  2# C-->A
11859:  1# B-->A
11860:  3# C-->B
11861:  1# A-->C
11862:  2# A-->B
11863:  1# C-->B
11864:  4# C-->A
11865:  1# B-->A
11866:  2# B-->C
11867:  1# A-->C
11868:  3# B-->A
11869:  1# C-->B
11870:  2# C-->A
11871:  1# B-->A
11872:  6# B-->C
11873:  1# A-->C
11874:  2# A-->B
11875:  1# C-->B
11876:  3# A-->C
11877:  1# B-->A
11878:  2# B-->C
11879:  1# A-->C
11880:  4# A-->B
11881:  1# C-->B
11882:  2# C-->A
11883:  1# B-->A
11884:  3# C-->B
11885:  1# A-->C
11886:  2# A-->B
11887:  1# C-->B
11888:  5# A-->C
11889:  1# B-->A
11890:  2# B-->C
11891:  1# A-->C
11892:  3# B-->A
11893:  1# C-->B
11894:  2# C-->A
11895:  1# B-->A
11896:  4# B-->C
11897:  1# A-->C
11898:  2# A-->B
11899:  1# C-->B
11900:  3# A-->C
11901:  1# B-->A
11902:  2# B-->C
11903:  1# A-->C
11904:  8# A-->B
11905:  1# C-->B
11906:  2# C-->A
11907:  1# B-->A
11908:  3# C-->B
11909:  1# A-->C
11910:  2# A-->B
11911:  1# C-->B
11912:  4# C-->A
11913:  1# B-->A
11914:  2# B-->C
11915:  1# A-->C
11916:  3# B-->A
11917:  1# C-->B
11918:  2# C-->A
11919:  1# B-->A
11920:  5# C-->B
11921:  1# A-->C
11922:  2# A-->B
11923:  1# C-->B
11924:  3# A-->C
11925:  1# B-->A
11926:  2# B-->C
11927:  1# A-->C
11928:  4# A-->B
11929:  1# C-->B
11930:  2# C-->A
11931:  1# B-->A
11932:  3# C-->B
11933:  1# A-->C
11934:  2# A-->B
11935:  1# C-->B
11936:  6# C-->A
11937:  1# B-->A
11938:  2# B-->C
11939:  1# A-->C
11940:  3# B-->A
11941:  1# C-->B
11942:  2# C-->A
11943:  1# B-->A
11944:  4# B-->C
11945:  1# A-->C
11946:  2# A-->B
11947:  1# C-->B
11948:  3# A-->C
11949:  1# B-->A
11950:  2# B-->C
11951:  1# A-->C
11952:  5# B-->A
11953:  1# C-->B
11954:  2# C-->A
11955:  1# B-->A
11956:  3# C-->B
11957:  1# A-->C
11958:  2# A-->B
11959:  1# C-->B
11960:  4# C-->A
11961:  1# B-->A
11962:  2# B-->C
11963:  1# A-->C
11964:  3# B-->A
11965:  1# C-->B
11966:  2# C-->A
11967:  1# B-->A
11968:  7# C-->B
11969:  1# A-->C
11970:  2# A-->B
11971:  1# C-->B
11972:  3# A-->C
11973:  1# B-->A
11974:  2# B-->C
11975:  1# A-->C
11976:  4# A-->B
11977:  1# C-->B
11978:  2# C-->A
11979:  1# B-->A
11980:  3# C-->B
11981:  1# A-->C
11982:  2# A-->B
11983:  1# C-->B
11984:  5# A-->C
11985:  1# B-->A
11986:  2# B-->C
11987:  1# A-->C
11988:  3# B-->A
11989:  1# C-->B
11990:  2# C-->A
11991:  1# B-->A
11992:  4# B-->C
11993:  1# A-->C
11994:  2# A-->B
11995:  1# C-->B
11996:  3# A-->C
11997:  1# B-->A
11998:  2# B-->C
11999:  1# A-->C
12000:  6# A-->B
12001:  1# C-->B
12002:  2# C-->A
12003:  1# B-->A
12004:  3# C-->B
12005:  1# A-->C
12006:  2# A-->B
12007:  1# C-->B
12008:  4# C-->A
12009:  1# B-->A
12010:  2# B-->C
12011:  1# A-->C
12012:  3# B-->A
12013:  1# C-->B
12014:  2# C-->A
12015:  1# B-->A
12016:  5# C-->B
12017:  1# A-->C
12018:  2# A-->B
12019:  1# C-->B
12020:  3# A-->C
12021:  1# B-->A
12022:  2# B-->C
12023:  1# A-->C
12024:  4# A-->B
12025:  1# C-->B
12026:  2# C-->A
12027:  1# B-->A
12028:  3# C-->B
12029:  1# A-->C
12030:  2# A-->B
12031:  1# C-->B
12032:  9# A-->C
12033:  1# B-->A
12034:  2# B-->C
12035:  1# A-->C
12036:  3# B-->A
12037:  1# C-->B
12038:  2# C-->A
12039:  1# B-->A
12040:  4# B-->C
12041:  1# A-->C
12042:  2# A-->B
12043:  1# C-->B
12044:  3# A-->C
12045:  1# B-->A
12046:  2# B-->C
12047:  1# A-->C
12048:  5# B-->A
12049:  1# C-->B
12050:  2# C-->A
12051:  1# B-->A
12052:  3# C-->B
12053:  1# A-->C
12054:  2# A-->B
12055:  1# C-->B
12056:  4# C-->A
12057:  1# B-->A
12058:  2# B-->C
12059:  1# A-->C
12060:  3# B-->A
12061:  1# C-->B
12062:  2# C-->A
12063:  1# B-->A
12064:  6# B-->C
12065:  1# A-->C
12066:  2# A-->B
12067:  1# C-->B
12068:  3# A-->C
12069:  1# B-->A
12070:  2# B-->C
12071:  1# A-->C
12072:  4# A-->B
12073:  1# C-->B
12074:  2# C-->A
12075:  1# B-->A
12076:  3# C-->B
12077:  1# A-->C
12078:  2# A-->B
12079:  1# C-->B
12080:  5# A-->C
12081:  1# B-->A
12082:  2# B-->C
12083:  1# A-->C
12084:  3# B-->A
12085:  1# C-->B
12086:  2# C-->A
12087:  1# B-->A
12088:  4# B-->C
12089:  1# A-->C
12090:  2# A-->B
12091:  1# C-->B
12092:  3# A-->C
12093:  1# B-->A
12094:  2# B-->C
12095:  1# A-->C
12096:  7# B-->A
12097:  1# C-->B
12098:  2# C-->A
12099:  1# B-->A
12100:  3# C-->B
12101:  1# A-->C
12102:  2# A-->B
12103:  1# C-->B
12104:  4# C-->A
12105:  1# B-->A
12106:  2# B-->C
12107:  1# A-->C
12108:  3# B-->A
12109:  1# C-->B
12110:  2# C-->A
12111:  1# B-->A
12112:  5# C-->B
12113:  1# A-->C
12114:  2# A-->B
12115:  1# C-->B
12116:  3# A-->C
12117:  1# B-->A
12118:  2# B-->C
12119:  1# A-->C
12120:  4# A-->B
12121:  1# C-->B
12122:  2# C-->A
12123:  1# B-->A
12124:  3# C-->B
12125:  1# A-->C
12126:  2# A-->B
12127:  1# C-->B
12128:  6# C-->A
12129:  1# B-->A
12130:  2# B-->C
12131:  1# A-->C
12132:  3# B-->A
12133:  1# C-->B
12134:  2# C-->A
12135:  1# B-->A
12136:  4# B-->C
12137:  1# A-->C
12138:  2# A-->B
12139:  1# C-->B
12140:  3# A-->C
12141:  1# B-->A
12142:  2# B-->C
12143:  1# A-->C
12144:  5# B-->A
12145:  1# C-->B
12146:  2# C-->A
12147:  1# B-->A
12148:  3# C-->B
12149:  1# A-->C
12150:  2# A-->B
12151:  1# C-->B
12152:  4# C-->A
12153:  1# B-->A
12154:  2# B-->C
12155:  1# A-->C
12156:  3# B-->A
12157:  1# C-->B
12158:  2# C-->A
12159:  1# B-->A
12160:  8# B-->C
12161:  1# A-->C
12162:  2# A-->B
12163:  1# C-->B
12164:  3# A-->C
12165:  1# B-->A
12166:  2# B-->C
12167:  1# A-->C
12168:  4# A-->B
12169:  1# C-->B
12170:  2# C-->A
12171:  1# B-->A
12172:  3# C-->B
12173:  1# A-->C
12174:  2# A-->B
12175:  1# C-->B
12176:  5# A-->C
12177:  1# B-->A
12178:  2# B-->C
12179:  1# A-->C
12180:  3# B-->A
12181:  1# C-->B
12182:  2# C-->A
12183:  1# B-->A
12184:  4# B-->C
12185:  1# A-->C
12186:  2# A-->B
12187:  1# C-->B
12188:  3# A-->C
12189:  1# B-->A
12190:  2# B-->C
12191:  1# A-->C
12192:  6# A-->B
12193:  1# C-->B
12194:  2# C-->A
12195:  1# B-->A
12196:  3# C-->B
12197:  1# A-->C
12198:  2# A-->B
12199:  1# C-->B
12200:  4# C-->A
12201:  1# B-->A
12202:  2# B-->C
12203:  1# A-->C
12204:  3# B-->A
12205:  1# C-->B
12206:  2# C-->A
12207:  1# B-->A
12208:  5# C-->B
12209:  1# A-->C
12210:  2# A-->B
12211:  1# C-->B
12212:  3# A-->C
12213:  1# B-->A
12214:  2# B-->C
12215:  1# A-->C
12216:  4# A-->B
12217:  1# C-->B
12218:  2# C-->A
12219:  1# B-->A
12220:  3# C-->B
12221:  1# A-->C
12222:  2# A-->B
12223:  1# C-->B
12224:  7# A-->C
12225:  1# B-->A
12226:  2# B-->C
12227:  1# A-->C
12228:  3# B-->A
12229:  1# C-->B
12230:  2# C-->A
12231:  1# B-->A
12232:  4# B-->C
12233:  1# A-->C
12234:  2# A-->B
12235:  1# C-->B
12236:  3# A-->C
12237:  1# B-->A
12238:  2# B-->C
12239:  1# A-->C
12240:  5# B-->A
12241:  1# C-->B
12242:  2# C-->A
12243:  1# B-->A
12244:  3# C-->B
12245:  1# A-->C
12246:  2# A-->B
12247:  1# C-->B
12248:  4# C-->A
12249:  1# B-->A
12250:  2# B-->C
12251:  1# A-->C
12252:  3# B-->A
12253:  1# C-->B
12254:  2# C-->A
12255:  1# B-->A
12256:  6# B-->C
12257:  1# A-->C
12258:  2# A-->B
12259:  1# C-->B
12260:  3# A-->C
12261:  1# B-->A
12262:  2# B-->C
12263:  1# A-->C
12264:  4# A-->B
12265:  1# C-->B
12266:  2# C-->A
12267:  1# B-->A
12268:  3# C-->B
12269:  1# A-->C
12270:  2# A-->B
12271:  1# C-->B
12272:  5# A-->C
12273:  1# B-->A
12274:  2# B-->C
12275:  1# A-->C
12276:  3# B-->A
12277:  1# C-->B
12278:  2# C-->A
12279:  1# B-->A
12280:  4# B-->C
12281:  1# A-->C
12282:  2# A-->B
12283:  1# C-->B
12284:  3# A-->C
12285:  1# B-->A
12286:  2# B-->C
12287:  1# A-->C
12288: 13# B-->A
12289:  1# C-->B
12290:  2# C-->A
12291:  1# B-->A
12292:  3# C-->B
12293:  1# A-->C
12294:  2# A-->B
12295:  1# C-->B
12296:  4# C-->A
12297:  1# B-->A
12298:  2# B-->C
12299:  1# A-->C
12300:  3# B-->A
12301:  1# C-->B
12302:  2# C-->A
12303:  1# B-->A
12304:  5# C-->B
12305:  1# A-->C
12306:  2# A-->B
12307:  1# C-->B
12308:  3# A-->C
12309:  1# B-->A
12310:  2# B-->C
12311:  1# A-->C
12312:  4# A-->B
12313:  1# C-->B
12314:  2# C-->A
12315:  1# B-->A
12316:  3# C-->B
12317:  1# A-->C
12318:  2# A-->B
12319:  1# C-->B
12320:  6# C-->A
12321:  1# B-->A
12322:  2# B-->C
12323:  1# A-->C
12324:  3# B-->A
12325:  1# C-->B
12326:  2# C-->A
12327:  1# B-->A
12328:  4# B-->C
12329:  1# A-->C
12330:  2# A-->B
12331:  1# C-->B
12332:  3# A-->C
12333:  1# B-->A
12334:  2# B-->C
12335:  1# A-->C
12336:  5# B-->A
12337:  1# C-->B
12338:  2# C-->A
12339:  1# B-->A
12340:  3# C-->B
12341:  1# A-->C
12342:  2# A-->B
12343:  1# C-->B
12344:  4# C-->A
12345:  1# B-->A
12346:  2# B-->C
12347:  1# A-->C
12348:  3# B-->A
12349:  1# C-->B
12350:  2# C-->A
12351:  1# B-->A
12352:  7# C-->B
12353:  1# A-->C
12354:  2# A-->B
12355:  1# C-->B
12356:  3# A-->C
12357:  1# B-->A
12358:  2# B-->C
12359:  1# A-->C
12360:  4# A-->B
12361:  1# C-->B
12362:  2# C-->A
12363:  1# B-->A
12364:  3# C-->B
12365:  1# A-->C
12366:  2# A-->B
12367:  1# C-->B
12368:  5# A-->C
12369:  1# B-->A
12370:  2# B-->C
12371:  1# A-->C
12372:  3# B-->A
12373:  1# C-->B
12374:  2# C-->A
12375:  1# B-->A
12376:  4# B-->C
12377:  1# A-->C
12378:  2# A-->B
12379:  1# C-->B
12380:  3# A-->C
12381:  1# B-->A
12382:  2# B-->C
12383:  1# A-->C
12384:  6# A-->B
12385:  1# C-->B
12386:  2# C-->A
12387:  1# B-->A
12388:  3# C-->B
12389:  1# A-->C
12390:  2# A-->B
12391:  1# C-->B
12392:  4# C-->A
12393:  1# B-->A
12394:  2# B-->C
12395:  1# A-->C
12396:  3# B-->A
12397:  1# C-->B
12398:  2# C-->A
12399:  1# B-->A
12400:  5# C-->B
12401:  1# A-->C
12402:  2# A-->B
12403:  1# C-->B
12404:  3# A-->C
12405:  1# B-->A
12406:  2# B-->C
12407:  1# A-->C
12408:  4# A-->B
12409:  1# C-->B
12410:  2# C-->A
12411:  1# B-->A
12412:  3# C-->B
12413:  1# A-->C
12414:  2# A-->B
12415:  1# C-->B
12416:  8# C-->A
12417:  1# B-->A
12418:  2# B-->C
12419:  1# A-->C
12420:  3# B-->A
12421:  1# C-->B
12422:  2# C-->A
12423:  1# B-->A
12424:  4# B-->C
12425:  1# A-->C
12426:  2# A-->B
12427:  1# C-->B
12428:  3# A-->C
12429:  1# B-->A
12430:  2# B-->C
12431:  1# A-->C
12432:  5# B-->A
12433:  1# C-->B
12434:  2# C-->A
12435:  1# B-->A
12436:  3# C-->B
12437:  1# A-->C
12438:  2# A-->B
12439:  1# C-->B
12440:  4# C-->A
12441:  1# B-->A
12442:  2# B-->C
12443:  1# A-->C
12444:  3# B-->A
12445:  1# C-->B
12446:  2# C-->A
12447:  1# B-->A
12448:  6# B-->C
12449:  1# A-->C
12450:  2# A-->B
12451:  1# C-->B
12452:  3# A-->C
12453:  1# B-->A
12454:  2# B-->C
12455:  1# A-->C
12456:  4# A-->B
12457:  1# C-->B
12458:  2# C-->A
12459:  1# B-->A
12460:  3# C-->B
12461:  1# A-->C
12462:  2# A-->B
12463:  1# C-->B
12464:  5# A-->C
12465:  1# B-->A
12466:  2# B-->C
12467:  1# A-->C
12468:  3# B-->A
12469:  1# C-->B
12470:  2# C-->A
12471:  1# B-->A
12472:  4# B-->C
12473:  1# A-->C
12474:  2# A-->B
12475:  1# C-->B
12476:  3# A-->C
12477:  1# B-->A
12478:  2# B-->C
12479:  1# A-->C
12480:  7# B-->A
12481:  1# C-->B
12482:  2# C-->A
12483:  1# B-->A
12484:  3# C-->B
12485:  1# A-->C
12486:  2# A-->B
12487:  1# C-->B
12488:  4# C-->A
12489:  1# B-->A
12490:  2# B-->C
12491:  1# A-->C
12492:  3# B-->A
12493:  1# C-->B
12494:  2# C-->A
12495:  1# B-->A
12496:  5# C-->B
12497:  1# A-->C
12498:  2# A-->B
12499:  1# C-->B
12500:  3# A-->C
12501:  1# B-->A
12502:  2# B-->C
12503:  1# A-->C
12504:  4# A-->B
12505:  1# C-->B
12506:  2# C-->A
12507:  1# B-->A
12508:  3# C-->B
12509:  1# A-->C
12510:  2# A-->B
12511:  1# C-->B
12512:  6# C-->A
12513:  1# B-->A
12514:  2# B-->C
12515:  1# A-->C
12516:  3# B-->A
12517:  1# C-->B
12518:  2# C-->A
12519:  1# B-->A
12520:  4# B-->C
12521:  1# A-->C
12522:  2# A-->B
12523:  1# C-->B
12524:  3# A-->C
12525:  1# B-->A
12526:  2# B-->C
12527:  1# A-->C
12528:  5# B-->A
12529:  1# C-->B
12530:  2# C-->A
12531:  1# B-->A
12532:  3# C-->B
12533:  1# A-->C
12534:  2# A-->B
12535:  1# C-->B
12536:  4# C-->A
12537:  1# B-->A
12538:  2# B-->C
12539:  1# A-->C
12540:  3# B-->A
12541:  1# C-->B
12542:  2# C-->A
12543:  1# B-->A
12544:  9# C-->B
12545:  1# A-->C
12546:  2# A-->B
12547:  1# C-->B
12548:  3# A-->C
12549:  1# B-->A
12550:  2# B-->C
12551:  1# A-->C
12552:  4# A-->B
12553:  1# C-->B
12554:  2# C-->A
12555:  1# B-->A
12556:  3# C-->B
12557:  1# A-->C
12558:  2# A-->B
12559:  1# C-->B
12560:  5# A-->C
12561:  1# B-->A
12562:  2# B-->C
12563:  1# A-->C
12564:  3# B-->A
12565:  1# C-->B
12566:  2# C-->A
12567:  1# B-->A
12568:  4# B-->C
12569:  1# A-->C
12570:  2# A-->B
12571:  1# C-->B
12572:  3# A-->C
12573:  1# B-->A
12574:  2# B-->C
12575:  1# A-->C
12576:  6# A-->B
12577:  1# C-->B
12578:  2# C-->A
12579:  1# B-->A
12580:  3# C-->B
12581:  1# A-->C
12582:  2# A-->B
12583:  1# C-->B
12584:  4# C-->A
12585:  1# B-->A
12586:  2# B-->C
12587:  1# A-->C
12588:  3# B-->A
12589:  1# C-->B
12590:  2# C-->A
12591:  1# B-->A
12592:  5# C-->B
12593:  1# A-->C
12594:  2# A-->B
12595:  1# C-->B
12596:  3# A-->C
12597:  1# B-->A
12598:  2# B-->C
12599:  1# A-->C
12600:  4# A-->B
12601:  1# C-->B
12602:  2# C-->A
12603:  1# B-->A
12604:  3# C-->B
12605:  1# A-->C
12606:  2# A-->B
12607:  1# C-->B
12608:  7# A-->C
12609:  1# B-->A
12610:  2# B-->C
12611:  1# A-->C
12612:  3# B-->A
12613:  1# C-->B
12614:  2# C-->A
12615:  1# B-->A
12616:  4# B-->C
12617:  1# A-->C
12618:  2# A-->B
12619:  1# C-->B
12620:  3# A-->C
12621:  1# B-->A
12622:  2# B-->C
12623:  1# A-->C
12624:  5# B-->A
12625:  1# C-->B
12626:  2# C-->A
12627:  1# B-->A
12628:  3# C-->B
12629:  1# A-->C
12630:  2# A-->B
12631:  1# C-->B
12632:  4# C-->A
12633:  1# B-->A
12634:  2# B-->C
12635:  1# A-->C
12636:  3# B-->A
12637:  1# C-->B
12638:  2# C-->A
12639:  1# B-->A
12640:  6# B-->C
12641:  1# A-->C
12642:  2# A-->B
12643:  1# C-->B
12644:  3# A-->C
12645:  1# B-->A
12646:  2# B-->C
12647:  1# A-->C
12648:  4# A-->B
12649:  1# C-->B
12650:  2# C-->A
12651:  1# B-->A
12652:  3# C-->B
12653:  1# A-->C
12654:  2# A-->B
12655:  1# C-->B
12656:  5# A-->C
12657:  1# B-->A
12658:  2# B-->C
12659:  1# A-->C
12660:  3# B-->A
12661:  1# C-->B
12662:  2# C-->A
12663:  1# B-->A
12664:  4# B-->C
12665:  1# A-->C
12666:  2# A-->B
12667:  1# C-->B
12668:  3# A-->C
12669:  1# B-->A
12670:  2# B-->C
12671:  1# A-->C
12672:  8# A-->B
12673:  1# C-->B
12674:  2# C-->A
12675:  1# B-->A
12676:  3# C-->B
12677:  1# A-->C
12678:  2# A-->B
12679:  1# C-->B
12680:  4# C-->A
12681:  1# B-->A
12682:  2# B-->C
12683:  1# A-->C
12684:  3# B-->A
12685:  1# C-->B
12686:  2# C-->A
12687:  1# B-->A
12688:  5# C-->B
12689:  1# A-->C
12690:  2# A-->B
12691:  1# C-->B
12692:  3# A-->C
12693:  1# B-->A
12694:  2# B-->C
12695:  1# A-->C
12696:  4# A-->B
12697:  1# C-->B
12698:  2# C-->A
12699:  1# B-->A
12700:  3# C-->B
12701:  1# A-->C
12702:  2# A-->B
12703:  1# C-->B
12704:  6# C-->A
12705:  1# B-->A
12706:  2# B-->C
12707:  1# A-->C
12708:  3# B-->A
12709:  1# C-->B
12710:  2# C-->A
12711:  1# B-->A
12712:  4# B-->C
12713:  1# A-->C
12714:  2# A-->B
12715:  1# C-->B
12716:  3# A-->C
12717:  1# B-->A
12718:  2# B-->C
12719:  1# A-->C
12720:  5# B-->A
12721:  1# C-->B
12722:  2# C-->A
12723:  1# B-->A
12724:  3# C-->B
12725:  1# A-->C
12726:  2# A-->B
12727:  1# C-->B
12728:  4# C-->A
12729:  1# B-->A
12730:  2# B-->C
12731:  1# A-->C
12732:  3# B-->A
12733:  1# C-->B
12734:  2# C-->A
12735:  1# B-->A
12736:  7# C-->B
12737:  1# A-->C
12738:  2# A-->B
12739:  1# C-->B
12740:  3# A-->C
12741:  1# B-->A
12742:  2# B-->C
12743:  1# A-->C
12744:  4# A-->B
12745:  1# C-->B
12746:  2# C-->A
12747:  1# B-->A
12748:  3# C-->B
12749:  1# A-->C
12750:  2# A-->B
12751:  1# C-->B
12752:  5# A-->C
12753:  1# B-->A
12754:  2# B-->C
12755:  1# A-->C
12756:  3# B-->A
12757:  1# C-->B
12758:  2# C-->A
12759:  1# B-->A
12760:  4# B-->C
12761:  1# A-->C
12762:  2# A-->B
12763:  1# C-->B
12764:  3# A-->C
12765:  1# B-->A
12766:  2# B-->C
12767:  1# A-->C
12768:  6# A-->B
12769:  1# C-->B
12770:  2# C-->A
12771:  1# B-->A
12772:  3# C-->B
12773:  1# A-->C
12774:  2# A-->B
12775:  1# C-->B
12776:  4# C-->A
12777:  1# B-->A
12778:  2# B-->C
12779:  1# A-->C
12780:  3# B-->A
12781:  1# C-->B
12782:  2# C-->A
12783:  1# B-->A
12784:  5# C-->B
12785:  1# A-->C
12786:  2# A-->B
12787:  1# C-->B
12788:  3# A-->C
12789:  1# B-->A
12790:  2# B-->C
12791:  1# A-->C
12792:  4# A-->B
12793:  1# C-->B
12794:  2# C-->A
12795:  1# B-->A
12796:  3# C-->B
12797:  1# A-->C
12798:  2# A-->B
12799:  1# C-->B
12800: 10# C-->A
12801:  1# B-->A
12802:  2# B-->C
12803:  1# A-->C
12804:  3# B-->A
12805:  1# C-->B
12806:  2# C-->A
12807:  1# B-->A
12808:  4# B-->C
12809:  1# A-->C
12810:  2# A-->B
12811:  1# C-->B
12812:  3# A-->C
12813:  1# B-->A
12814:  2# B-->C
12815:  1# A-->C
12816:  5# B-->A
12817:  1# C-->B
12818:  2# C-->A
12819:  1# B-->A
12820:  3# C-->B
12821:  1# A-->C
12822:  2# A-->B
12823:  1# C-->B
12824:  4# C-->A
12825:  1# B-->A
12826:  2# B-->C
12827:  1# A-->C
12828:  3# B-->A
12829:  1# C-->B
12830:  2# C-->A
12831:  1# B-->A
12832:  6# B-->C
12833:  1# A-->C
12834:  2# A-->B
12835:  1# C-->B
12836:  3# A-->C
12837:  1# B-->A
12838:  2# B-->C
12839:  1# A-->C
12840:  4# A-->B
12841:  1# C-->B
12842:  2# C-->A
12843:  1# B-->A
12844:  3# C-->B
12845:  1# A-->C
12846:  2# A-->B
12847:  1# C-->B
12848:  5# A-->C
12849:  1# B-->A
12850:  2# B-->C
12851:  1# A-->C
12852:  3# B-->A
12853:  1# C-->B
12854:  2# C-->A
12855:  1# B-->A
12856:  4# B-->C
12857:  1# A-->C
12858:  2# A-->B
12859:  1# C-->B
12860:  3# A-->C
12861:  1# B-->A
12862:  2# B-->C
12863:  1# A-->C
12864:  7# B-->A
12865:  1# C-->B
12866:  2# C-->A
12867:  1# B-->A
12868:  3# C-->B
12869:  1# A-->C
12870:  2# A-->B
12871:  1# C-->B
12872:  4# C-->A
12873:  1# B-->A
12874:  2# B-->C
12875:  1# A-->C
12876:  3# B-->A
12877:  1# C-->B
12878:  2# C-->A
12879:  1# B-->A
12880:  5# C-->B
12881:  1# A-->C
12882:  2# A-->B
12883:  1# C-->B
12884:  3# A-->C
12885:  1# B-->A
12886:  2# B-->C
12887:  1# A-->C
12888:  4# A-->B
12889:  1# C-->B
12890:  2# C-->A
12891:  1# B-->A
12892:  3# C-->B
12893:  1# A-->C
12894:  2# A-->B
12895:  1# C-->B
12896:  6# C-->A
12897:  1# B-->A
12898:  2# B-->C
12899:  1# A-->C
12900:  3# B-->A
12901:  1# C-->B
12902:  2# C-->A
12903:  1# B-->A
12904:  4# B-->C
12905:  1# A-->C
12906:  2# A-->B
12907:  1# C-->B
12908:  3# A-->C
12909:  1# B-->A
12910:  2# B-->C
12911:  1# A-->C
12912:  5# B-->A
12913:  1# C-->B
12914:  2# C-->A
12915:  1# B-->A
12916:  3# C-->B
12917:  1# A-->C
12918:  2# A-->B
12919:  1# C-->B
12920:  4# C-->A
12921:  1# B-->A
12922:  2# B-->C
12923:  1# A-->C
12924:  3# B-->A
12925:  1# C-->B
12926:  2# C-->A
12927:  1# B-->A
12928:  8# B-->C
12929:  1# A-->C
12930:  2# A-->B
12931:  1# C-->B
12932:  3# A-->C
12933:  1# B-->A
12934:  2# B-->C
12935:  1# A-->C
12936:  4# A-->B
12937:  1# C-->B
12938:  2# C-->A
12939:  1# B-->A
12940:  3# C-->B
12941:  1# A-->C
12942:  2# A-->B
12943:  1# C-->B
12944:  5# A-->C
12945:  1# B-->A
12946:  2# B-->C
12947:  1# A-->C
12948:  3# B-->A
12949:  1# C-->B
12950:  2# C-->A
12951:  1# B-->A
12952:  4# B-->C
12953:  1# A-->C
12954:  2# A-->B
12955:  1# C-->B
12956:  3# A-->C
12957:  1# B-->A
12958:  2# B-->C
12959:  1# A-->C
12960:  6# A-->B
12961:  1# C-->B
12962:  2# C-->A
12963:  1# B-->A
12964:  3# C-->B
12965:  1# A-->C
12966:  2# A-->B
12967:  1# C-->B
12968:  4# C-->A
12969:  1# B-->A
12970:  2# B-->C
12971:  1# A-->C
12972:  3# B-->A
12973:  1# C-->B
12974:  2# C-->A
12975:  1# B-->A
12976:  5# C-->B
12977:  1# A-->C
12978:  2# A-->B
12979:  1# C-->B
12980:  3# A-->C
12981:  1# B-->A
12982:  2# B-->C
12983:  1# A-->C
12984:  4# A-->B
12985:  1# C-->B
12986:  2# C-->A
12987:  1# B-->A
12988:  3# C-->B
12989:  1# A-->C
12990:  2# A-->B
12991:  1# C-->B
12992:  7# A-->C
12993:  1# B-->A
12994:  2# B-->C
12995:  1# A-->C
12996:  3# B-->A
12997:  1# C-->B
12998:  2# C-->A
12999:  1# B-->A
13000:  4# B-->C
13001:  1# A-->C
13002:  2# A-->B
13003:  1# C-->B
13004:  3# A-->C
13005:  1# B-->A
13006:  2# B-->C
13007:  1# A-->C
13008:  5# B-->A
13009:  1# C-->B
13010:  2# C-->A
13011:  1# B-->A
13012:  3# C-->B
13013:  1# A-->C
13014:  2# A-->B
13015:  1# C-->B
13016:  4# C-->A
13017:  1# B-->A
13018:  2# B-->C
13019:  1# A-->C
13020:  3# B-->A
13021:  1# C-->B
13022:  2# C-->A
13023:  1# B-->A
13024:  6# B-->C
13025:  1# A-->C
13026:  2# A-->B
13027:  1# C-->B
13028:  3# A-->C
13029:  1# B-->A
13030:  2# B-->C
13031:  1# A-->C
13032:  4# A-->B
13033:  1# C-->B
13034:  2# C-->A
13035:  1# B-->A
13036:  3# C-->B
13037:  1# A-->C
13038:  2# A-->B
13039:  1# C-->B
13040:  5# A-->C
13041:  1# B-->A
13042:  2# B-->C
13043:  1# A-->C
13044:  3# B-->A
13045:  1# C-->B
13046:  2# C-->A
13047:  1# B-->A
13048:  4# B-->C
13049:  1# A-->C
13050:  2# A-->B
13051:  1# C-->B
13052:  3# A-->C
13053:  1# B-->A
13054:  2# B-->C
13055:  1# A-->C
13056:  9# B-->A
13057:  1# C-->B
13058:  2# C-->A
13059:  1# B-->A
13060:  3# C-->B
13061:  1# A-->C
13062:  2# A-->B
13063:  1# C-->B
13064:  4# C-->A
13065:  1# B-->A
13066:  2# B-->C
13067:  1# A-->C
13068:  3# B-->A
13069:  1# C-->B
13070:  2# C-->A
13071:  1# B-->A
13072:  5# C-->B
13073:  1# A-->C
13074:  2# A-->B
13075:  1# C-->B
13076:  3# A-->C
13077:  1# B-->A
13078:  2# B-->C
13079:  1# A-->C
13080:  4# A-->B
13081:  1# C-->B
13082:  2# C-->A
13083:  1# B-->A
13084:  3# C-->B
13085:  1# A-->C
13086:  2# A-->B
13087:  1# C-->B
13088:  6# C-->A
13089:  1# B-->A
13090:  2# B-->C
13091:  1# A-->C
13092:  3# B-->A
13093:  1# C-->B
13094:  2# C-->A
13095:  1# B-->A
13096:  4# B-->C
13097:  1# A-->C
13098:  2# A-->B
13099:  1# C-->B
13100:  3# A-->C
13101:  1# B-->A
13102:  2# B-->C
13103:  1# A-->C
13104:  5# B-->A
13105:  1# C-->B
13106:  2# C-->A
13107:  1# B-->A
13108:  3# C-->B
13109:  1# A-->C
13110:  2# A-->B
13111:  1# C-->B
13112:  4# C-->A
13113:  1# B-->A
13114:  2# B-->C
13115:  1# A-->C
13116:  3# B-->A
13117:  1# C-->B
13118:  2# C-->A
13119:  1# B-->A
13120:  7# C-->B
13121:  1# A-->C
13122:  2# A-->B
13123:  1# C-->B
13124:  3# A-->C
13125:  1# B-->A
13126:  2# B-->C
13127:  1# A-->C
13128:  4# A-->B
13129:  1# C-->B
13130:  2# C-->A
13131:  1# B-->A
13132:  3# C-->B
13133:  1# A-->C
13134:  2# A-->B
13135:  1# C-->B
13136:  5# A-->C
13137:  1# B-->A
13138:  2# B-->C
13139:  1# A-->C
13140:  3# B-->A
13141:  1# C-->B
13142:  2# C-->A
13143:  1# B-->A
13144:  4# B-->C
13145:  1# A-->C
13146:  2# A-->B
13147:  1# C-->B
13148:  3# A-->C
13149:  1# B-->A
13150:  2# B-->C
13151:  1# A-->C
13152:  6# A-->B
13153:  1# C-->B
13154:  2# C-->A
13155:  1# B-->A
13156:  3# C-->B
13157:  1# A-->C
13158:  2# A-->B
13159:  1# C-->B
13160:  4# C-->A
13161:  1# B-->A
13162:  2# B-->C
13163:  1# A-->C
13164:  3# B-->A
13165:  1# C-->B
13166:  2# C-->A
13167:  1# B-->A
13168:  5# C-->B
13169:  1# A-->C
13170:  2# A-->B
13171:  1# C-->B
13172:  3# A-->C
13173:  1# B-->A
13174:  2# B-->C
13175:  1# A-->C
13176:  4# A-->B
13177:  1# C-->B
13178:  2# C-->A
13179:  1# B-->A
13180:  3# C-->B
13181:  1# A-->C
13182:  2# A-->B
13183:  1# C-->B
13184:  8# C-->A
13185:  1# B-->A
13186:  2# B-->C
13187:  1# A-->C
13188:  3# B-->A
13189:  1# C-->B
13190:  2# C-->A
13191:  1# B-->A
13192:  4# B-->C
13193:  1# A-->C
13194:  2# A-->B
13195:  1# C-->B
13196:  3# A-->C
13197:  1# B-->A
13198:  2# B-->C
13199:  1# A-->C
13200:  5# B-->A
13201:  1# C-->B
13202:  2# C-->A
13203:  1# B-->A
13204:  3# C-->B
13205:  1# A-->C
13206:  2# A-->B
13207:  1# C-->B
13208:  4# C-->A
13209:  1# B-->A
13210:  2# B-->C
13211:  1# A-->C
13212:  3# B-->A
13213:  1# C-->B
13214:  2# C-->A
13215:  1# B-->A
13216:  6# B-->C
13217:  1# A-->C
13218:  2# A-->B
13219:  1# C-->B
13220:  3# A-->C
13221:  1# B-->A
13222:  2# B-->C
13223:  1# A-->C
13224:  4# A-->B
13225:  1# C-->B
13226:  2# C-->A
13227:  1# B-->A
13228:  3# C-->B
13229:  1# A-->C
13230:  2# A-->B
13231:  1# C-->B
13232:  5# A-->C
13233:  1# B-->A
13234:  2# B-->C
13235:  1# A-->C
13236:  3# B-->A
13237:  1# C-->B
13238:  2# C-->A
13239:  1# B-->A
13240:  4# B-->C
13241:  1# A-->C
13242:  2# A-->B
13243:  1# C-->B
13244:  3# A-->C
13245:  1# B-->A
13246:  2# B-->C
13247:  1# A-->C
13248:  7# B-->A
13249:  1# C-->B
13250:  2# C-->A
13251:  1# B-->A
13252:  3# C-->B
13253:  1# A-->C
13254:  2# A-->B
13255:  1# C-->B
13256:  4# C-->A
13257:  1# B-->A
13258:  2# B-->C
13259:  1# A-->C
13260:  3# B-->A
13261:  1# C-->B
13262:  2# C-->A
13263:  1# B-->A
13264:  5# C-->B
13265:  1# A-->C
13266:  2# A-->B
13267:  1# C-->B
13268:  3# A-->C
13269:  1# B-->A
13270:  2# B-->C
13271:  1# A-->C
13272:  4# A-->B
13273:  1# C-->B
13274:  2# C-->A
13275:  1# B-->A
13276:  3# C-->B
13277:  1# A-->C
13278:  2# A-->B
13279:  1# C-->B
13280:  6# C-->A
13281:  1# B-->A
13282:  2# B-->C
13283:  1# A-->C
13284:  3# B-->A
13285:  1# C-->B
13286:  2# C-->A
13287:  1# B-->A
13288:  4# B-->C
13289:  1# A-->C
13290:  2# A-->B
13291:  1# C-->B
13292:  3# A-->C
13293:  1# B-->A
13294:  2# B-->C
13295:  1# A-->C
13296:  5# B-->A
13297:  1# C-->B
13298:  2# C-->A
13299:  1# B-->A
13300:  3# C-->B
13301:  1# A-->C
13302:  2# A-->B
13303:  1# C-->B
13304:  4# C-->A
13305:  1# B-->A
13306:  2# B-->C
13307:  1# A-->C
13308:  3# B-->A
13309:  1# C-->B
13310:  2# C-->A
13311:  1# B-->A
13312: 11# C-->B
13313:  1# A-->C
13314:  2# A-->B
13315:  1# C-->B
13316:  3# A-->C
13317:  1# B-->A
13318:  2# B-->C
13319:  1# A-->C
13320:  4# A-->B
13321:  1# C-->B
13322:  2# C-->A
13323:  1# B-->A
13324:  3# C-->B
13325:  1# A-->C
13326:  2# A-->B
13327:  1# C-->B
13328:  5# A-->C
13329:  1# B-->A
13330:  2# B-->C
13331:  1# A-->C
13332:  3# B-->A
13333:  1# C-->B
13334:  2# C-->A
13335:  1# B-->A
13336:  4# B-->C
13337:  1# A-->C
13338:  2# A-->B
13339:  1# C-->B
13340:  3# A-->C
13341:  1# B-->A
13342:  2# B-->C
13343:  1# A-->C
13344:  6# A-->B
13345:  1# C-->B
13346:  2# C-->A
13347:  1# B-->A
13348:  3# C-->B
13349:  1# A-->C
13350:  2# A-->B
13351:  1# C-->B
13352:  4# C-->A
13353:  1# B-->A
13354:  2# B-->C
13355:  1# A-->C
13356:  3# B-->A
13357:  1# C-->B
13358:  2# C-->A
13359:  1# B-->A
13360:  5# C-->B
13361:  1# A-->C
13362:  2# A-->B
13363:  1# C-->B
13364:  3# A-->C
13365:  1# B-->A
13366:  2# B-->C
13367:  1# A-->C
13368:  4# A-->B
13369:  1# C-->B
13370:  2# C-->A
13371:  1# B-->A
13372:  3# C-->B
13373:  1# A-->C
13374:  2# A-->B
13375:  1# C-->B
13376:  7# A-->C
13377:  1# B-->A
13378:  2# B-->C
13379:  1# A-->C
13380:  3# B-->A
13381:  1# C-->B
13382:  2# C-->A
13383:  1# B-->A
13384:  4# B-->C
13385:  1# A-->C
13386:  2# A-->B
13387:  1# C-->B
13388:  3# A-->C
13389:  1# B-->A
13390:  2# B-->C
13391:  1# A-->C
13392:  5# B-->A
13393:  1# C-->B
13394:  2# C-->A
13395:  1# B-->A
13396:  3# C-->B
13397:  1# A-->C
13398:  2# A-->B
13399:  1# C-->B
13400:  4# C-->A
13401:  1# B-->A
13402:  2# B-->C
13403:  1# A-->C
13404:  3# B-->A
13405:  1# C-->B
13406:  2# C-->A
13407:  1# B-->A
13408:  6# B-->C
13409:  1# A-->C
13410:  2# A-->B
13411:  1# C-->B
13412:  3# A-->C
13413:  1# B-->A
13414:  2# B-->C
13415:  1# A-->C
13416:  4# A-->B
13417:  1# C-->B
13418:  2# C-->A
13419:  1# B-->A
13420:  3# C-->B
13421:  1# A-->C
13422:  2# A-->B
13423:  1# C-->B
13424:  5# A-->C
13425:  1# B-->A
13426:  2# B-->C
13427:  1# A-->C
13428:  3# B-->A
13429:  1# C-->B
13430:  2# C-->A
13431:  1# B-->A
13432:  4# B-->C
13433:  1# A-->C
13434:  2# A-->B
13435:  1# C-->B
13436:  3# A-->C
13437:  1# B-->A
13438:  2# B-->C
13439:  1# A-->C
13440:  8# A-->B
13441:  1# C-->B
13442:  2# C-->A
13443:  1# B-->A
13444:  3# C-->B
13445:  1# A-->C
13446:  2# A-->B
13447:  1# C-->B
13448:  4# C-->A
13449:  1# B-->A
13450:  2# B-->C
13451:  1# A-->C
13452:  3# B-->A
13453:  1# C-->B
13454:  2# C-->A
13455:  1# B-->A
13456:  5# C-->B
13457:  1# A-->C
13458:  2# A-->B
13459:  1# C-->B
13460:  3# A-->C
13461:  1# B-->A
13462:  2# B-->C
13463:  1# A-->C
13464:  4# A-->B
13465:  1# C-->B
13466:  2# C-->A
13467:  1# B-->A
13468:  3# C-->B
13469:  1# A-->C
13470:  2# A-->B
13471:  1# C-->B
13472:  6# C-->A
13473:  1# B-->A
13474:  2# B-->C
13475:  1# A-->C
13476:  3# B-->A
13477:  1# C-->B
13478:  2# C-->A
13479:  1# B-->A
13480:  4# B-->C
13481:  1# A-->C
13482:  2# A-->B
13483:  1# C-->B
13484:  3# A-->C
13485:  1# B-->A
13486:  2# B-->C
13487:  1# A-->C
13488:  5# B-->A
13489:  1# C-->B
13490:  2# C-->A
13491:  1# B-->A
13492:  3# C-->B
13493:  1# A-->C
13494:  2# A-->B
13495:  1# C-->B
13496:  4# C-->A
13497:  1# B-->A
13498:  2# B-->C
13499:  1# A-->C
13500:  3# B-->A
13501:  1# C-->B
13502:  2# C-->A
13503:  1# B-->A
13504:  7# C-->B
13505:  1# A-->C
13506:  2# A-->B
13507:  1# C-->B
13508:  3# A-->C
13509:  1# B-->A
13510:  2# B-->C
13511:  1# A-->C
13512:  4# A-->B
13513:  1# C-->B
13514:  2# C-->A
13515:  1# B-->A
13516:  3# C-->B
13517:  1# A-->C
13518:  2# A-->B
13519:  1# C-->B
13520:  5# A-->C
13521:  1# B-->A
13522:  2# B-->C
13523:  1# A-->C
13524:  3# B-->A
13525:  1# C-->B
13526:  2# C-->A
13527:  1# B-->A
13528:  4# B-->C
13529:  1# A-->C
13530:  2# A-->B
13531:  1# C-->B
13532:  3# A-->C
13533:  1# B-->A
13534:  2# B-->C
13535:  1# A-->C
13536:  6# A-->B
13537:  1# C-->B
13538:  2# C-->A
13539:  1# B-->A
13540:  3# C-->B
13541:  1# A-->C
13542:  2# A-->B
13543:  1# C-->B
13544:  4# C-->A
13545:  1# B-->A
13546:  2# B-->C
13547:  1# A-->C
13548:  3# B-->A
13549:  1# C-->B
13550:  2# C-->A
13551:  1# B-->A
13552:  5# C-->B
13553:  1# A-->C
13554:  2# A-->B
13555:  1# C-->B
13556:  3# A-->C
13557:  1# B-->A
13558:  2# B-->C
13559:  1# A-->C
13560:  4# A-->B
13561:  1# C-->B
13562:  2# C-->A
13563:  1# B-->A
13564:  3# C-->B
13565:  1# A-->C
13566:  2# A-->B
13567:  1# C-->B
13568:  9# A-->C
13569:  1# B-->A
13570:  2# B-->C
13571:  1# A-->C
13572:  3# B-->A
13573:  1# C-->B
13574:  2# C-->A
13575:  1# B-->A
13576:  4# B-->C
13577:  1# A-->C
13578:  2# A-->B
13579:  1# C-->B
13580:  3# A-->C
13581:  1# B-->A
13582:  2# B-->C
13583:  1# A-->C
13584:  5# B-->A
13585:  1# C-->B
13586:  2# C-->A
13587:  1# B-->A
13588:  3# C-->B
13589:  1# A-->C
13590:  2# A-->B
13591:  1# C-->B
13592:  4# C-->A
13593:  1# B-->A
13594:  2# B-->C
13595:  1# A-->C
13596:  3# B-->A
13597:  1# C-->B
13598:  2# C-->A
13599:  1# B-->A
13600:  6# B-->C
13601:  1# A-->C
13602:  2# A-->B
13603:  1# C-->B
13604:  3# A-->C
13605:  1# B-->A
13606:  2# B-->C
13607:  1# A-->C
13608:  4# A-->B
13609:  1# C-->B
13610:  2# C-->A
13611:  1# B-->A
13612:  3# C-->B
13613:  1# A-->C
13614:  2# A-->B
13615:  1# C-->B
13616:  5# A-->C
13617:  1# B-->A
13618:  2# B-->C
13619:  1# A-->C
13620:  3# B-->A
13621:  1# C-->B
13622:  2# C-->A
13623:  1# B-->A
13624:  4# B-->C
13625:  1# A-->C
13626:  2# A-->B
13627:  1# C-->B
13628:  3# A-->C
13629:  1# B-->A
13630:  2# B-->C
13631:  1# A-->C
13632:  7# B-->A
13633:  1# C-->B
13634:  2# C-->A
13635:  1# B-->A
13636:  3# C-->B
13637:  1# A-->C
13638:  2# A-->B
13639:  1# C-->B
13640:  4# C-->A
13641:  1# B-->A
13642:  2# B-->C
13643:  1# A-->C
13644:  3# B-->A
13645:  1# C-->B
13646:  2# C-->A
13647:  1# B-->A
13648:  5# C-->B
13649:  1# A-->C
13650:  2# A-->B
13651:  1# C-->B
13652:  3# A-->C
13653:  1# B-->A
13654:  2# B-->C
13655:  1# A-->C
13656:  4# A-->B
13657:  1# C-->B
13658:  2# C-->A
13659:  1# B-->A
13660:  3# C-->B
13661:  1# A-->C
13662:  2# A-->B
13663:  1# C-->B
13664:  6# C-->A
13665:  1# B-->A
13666:  2# B-->C
13667:  1# A-->C
13668:  3# B-->A
13669:  1# C-->B
13670:  2# C-->A
13671:  1# B-->A
13672:  4# B-->C
13673:  1# A-->C
13674:  2# A-->B
13675:  1# C-->B
13676:  3# A-->C
13677:  1# B-->A
13678:  2# B-->C
13679:  1# A-->C
13680:  5# B-->A
13681:  1# C-->B
13682:  2# C-->A
13683:  1# B-->A
13684:  3# C-->B
13685:  1# A-->C
13686:  2# A-->B
13687:  1# C-->B
13688:  4# C-->A
13689:  1# B-->A
13690:  2# B-->C
13691:  1# A-->C
13692:  3# B-->A
13693:  1# C-->B
13694:  2# C-->A
13695:  1# B-->A
13696:  8# B-->C
13697:  1# A-->C
13698:  2# A-->B
13699:  1# C-->B
13700:  3# A-->C
13701:  1# B-->A
13702:  2# B-->C
13703:  1# A-->C
13704:  4# A-->B
13705:  1# C-->B
13706:  2# C-->A
13707:  1# B-->A
13708:  3# C-->B
13709:  1# A-->C
13710:  2# A-->B
13711:  1# C-->B
13712:  5# A-->C
13713:  1# B-->A
13714:  2# B-->C
13715:  1# A-->C
13716:  3# B-->A
13717:  1# C-->B
13718:  2# C-->A
13719:  1# B-->A
13720:  4# B-->C
13721:  1# A-->C
13722:  2# A-->B
13723:  1# C-->B
13724:  3# A-->C
13725:  1# B-->A
13726:  2# B-->C
13727:  1# A-->C
13728:  6# A-->B
13729:  1# C-->B
13730:  2# C-->A
13731:  1# B-->A
13732:  3# C-->B
13733:  1# A-->C
13734:  2# A-->B
13735:  1# C-->B
13736:  4# C-->A
13737:  1# B-->A
13738:  2# B-->C
13739:  1# A-->C
13740:  3# B-->A
13741:  1# C-->B
13742:  2# C-->A
13743:  1# B-->A
13744:  5# C-->B
13745:  1# A-->C
13746:  2# A-->B
13747:  1# C-->B
13748:  3# A-->C
13749:  1# B-->A
13750:  2# B-->C
13751:  1# A-->C
13752:  4# A-->B
13753:  1# C-->B
13754:  2# C-->A
13755:  1# B-->A
13756:  3# C-->B
13757:  1# A-->C
13758:  2# A-->B
13759:  1# C-->B
13760:  7# A-->C
13761:  1# B-->A
13762:  2# B-->C
13763:  1# A-->C
13764:  3# B-->A
13765:  1# C-->B
13766:  2# C-->A
13767:  1# B-->A
13768:  4# B-->C
13769:  1# A-->C
13770:  2# A-->B
13771:  1# C-->B
13772:  3# A-->C
13773:  1# B-->A
13774:  2# B-->C
13775:  1# A-->C
13776:  5# B-->A
13777:  1# C-->B
13778:  2# C-->A
13779:  1# B-->A
13780:  3# C-->B
13781:  1# A-->C
13782:  2# A-->B
13783:  1# C-->B
13784:  4# C-->A
13785:  1# B-->A
13786:  2# B-->C
13787:  1# A-->C
13788:  3# B-->A
13789:  1# C-->B
13790:  2# C-->A
13791:  1# B-->A
13792:  6# B-->C
13793:  1# A-->C
13794:  2# A-->B
13795:  1# C-->B
13796:  3# A-->C
13797:  1# B-->A
13798:  2# B-->C
13799:  1# A-->C
13800:  4# A-->B
13801:  1# C-->B
13802:  2# C-->A
13803:  1# B-->A
13804:  3# C-->B
13805:  1# A-->C
13806:  2# A-->B
13807:  1# C-->B
13808:  5# A-->C
13809:  1# B-->A
13810:  2# B-->C
13811:  1# A-->C
13812:  3# B-->A
13813:  1# C-->B
13814:  2# C-->A
13815:  1# B-->A
13816:  4# B-->C
13817:  1# A-->C
13818:  2# A-->B
13819:  1# C-->B
13820:  3# A-->C
13821:  1# B-->A
13822:  2# B-->C
13823:  1# A-->C
13824: 10# A-->B
13825:  1# C-->B
13826:  2# C-->A
13827:  1# B-->A
13828:  3# C-->B
13829:  1# A-->C
13830:  2# A-->B
13831:  1# C-->B
13832:  4# C-->A
13833:  1# B-->A
13834:  2# B-->C
13835:  1# A-->C
13836:  3# B-->A
13837:  1# C-->B
13838:  2# C-->A
13839:  1# B-->A
13840:  5# C-->B
13841:  1# A-->C
13842:  2# A-->B
13843:  1# C-->B
13844:  3# A-->C
13845:  1# B-->A
13846:  2# B-->C
13847:  1# A-->C
13848:  4# A-->B
13849:  1# C-->B
13850:  2# C-->A
13851:  1# B-->A
13852:  3# C-->B
13853:  1# A-->C
13854:  2# A-->B
13855:  1# C-->B
13856:  6# C-->A
13857:  1# B-->A
13858:  2# B-->C
13859:  1# A-->C
13860:  3# B-->A
13861:  1# C-->B
13862:  2# C-->A
13863:  1# B-->A
13864:  4# B-->C
13865:  1# A-->C
13866:  2# A-->B
13867:  1# C-->B
13868:  3# A-->C
13869:  1# B-->A
13870:  2# B-->C
13871:  1# A-->C
13872:  5# B-->A
13873:  1# C-->B
13874:  2# C-->A
13875:  1# B-->A
13876:  3# C-->B
13877:  1# A-->C
13878:  2# A-->B
13879:  1# C-->B
13880:  4# C-->A
13881:  1# B-->A
13882:  2# B-->C
13883:  1# A-->C
13884:  3# B-->A
13885:  1# C-->B
13886:  2# C-->A
13887:  1# B-->A
13888:  7# C-->B
13889:  1# A-->C
13890:  2# A-->B
13891:  1# C-->B
13892:  3# A-->C
13893:  1# B-->A
13894:  2# B-->C
13895:  1# A-->C
13896:  4# A-->B
13897:  1# C-->B
13898:  2# C-->A
13899:  1# B-->A
13900:  3# C-->B
13901:  1# A-->C
13902:  2# A-->B
13903:  1# C-->B
13904:  5# A-->C
13905:  1# B-->A
13906:  2# B-->C
13907:  1# A-->C
13908:  3# B-->A
13909:  1# C-->B
13910:  2# C-->A
13911:  1# B-->A
13912:  4# B-->C
13913:  1# A-->C
13914:  2# A-->B
13915:  1# C-->B
13916:  3# A-->C
13917:  1# B-->A
13918:  2# B-->C
13919:  1# A-->C
13920:  6# A-->B
13921:  1# C-->B
13922:  2# C-->A
13923:  1# B-->A
13924:  3# C-->B
13925:  1# A-->C
13926:  2# A-->B
13927:  1# C-->B
13928:  4# C-->A
13929:  1# B-->A
13930:  2# B-->C
13931:  1# A-->C
13932:  3# B-->A
13933:  1# C-->B
13934:  2# C-->A
13935:  1# B-->A
13936:  5# C-->B
13937:  1# A-->C
13938:  2# A-->B
13939:  1# C-->B
13940:  3# A-->C
13941:  1# B-->A
13942:  2# B-->C
13943:  1# A-->C
13944:  4# A-->B
13945:  1# C-->B
13946:  2# C-->A
13947:  1# B-->A
13948:  3# C-->B
13949:  1# A-->C
13950:  2# A-->B
13951:  1# C-->B
13952:  8# C-->A
13953:  1# B-->A
13954:  2# B-->C
13955:  1# A-->C
13956:  3# B-->A
13957:  1# C-->B
13958:  2# C-->A
13959:  1# B-->A
13960:  4# B-->C
13961:  1# A-->C
13962:  2# A-->B
13963:  1# C-->B
13964:  3# A-->C
13965:  1# B-->A
13966:  2# B-->C
13967:  1# A-->C
13968:  5# B-->A
13969:  1# C-->B
13970:  2# C-->A
13971:  1# B-->A
13972:  3# C-->B
13973:  1# A-->C
13974:  2# A-->B
13975:  1# C-->B
13976:  4# C-->A
13977:  1# B-->A
13978:  2# B-->C
13979:  1# A-->C
13980:  3# B-->A
13981:  1# C-->B
13982:  2# C-->A
13983:  1# B-->A
13984:  6# B-->C
13985:  1# A-->C
13986:  2# A-->B
13987:  1# C-->B
13988:  3# A-->C
13989:  1# B-->A
13990:  2# B-->C
13991:  1# A-->C
13992:  4# A-->B
13993:  1# C-->B
13994:  2# C-->A
13995:  1# B-->A
13996:  3# C-->B
13997:  1# A-->C
13998:  2# A-->B
13999:  1# C-->B
14000:  5# A-->C
14001:  1# B-->A
14002:  2# B-->C
14003:  1# A-->C
14004:  3# B-->A
14005:  1# C-->B
14006:  2# C-->A
14007:  1# B-->A
14008:  4# B-->C
14009:  1# A-->C
14010:  2# A-->B
14011:  1# C-->B
14012:  3# A-->C
14013:  1# B-->A
14014:  2# B-->C
14015:  1# A-->C
14016:  7# B-->A
14017:  1# C-->B
14018:  2# C-->A
14019:  1# B-->A
14020:  3# C-->B
14021:  1# A-->C
14022:  2# A-->B
14023:  1# C-->B
14024:  4# C-->A
14025:  1# B-->A
14026:  2# B-->C
14027:  1# A-->C
14028:  3# B-->A
14029:  1# C-->B
14030:  2# C-->A
14031:  1# B-->A
14032:  5# C-->B
14033:  1# A-->C
14034:  2# A-->B
14035:  1# C-->B
14036:  3# A-->C
14037:  1# B-->A
14038:  2# B-->C
14039:  1# A-->C
14040:  4# A-->B
14041:  1# C-->B
14042:  2# C-->A
14043:  1# B-->A
14044:  3# C-->B
14045:  1# A-->C
14046:  2# A-->B
14047:  1# C-->B
14048:  6# C-->A
14049:  1# B-->A
14050:  2# B-->C
14051:  1# A-->C
14052:  3# B-->A
14053:  1# C-->B
14054:  2# C-->A
14055:  1# B-->A
14056:  4# B-->C
14057:  1# A-->C
14058:  2# A-->B
14059:  1# C-->B
14060:  3# A-->C
14061:  1# B-->A
14062:  2# B-->C
14063:  1# A-->C
14064:  5# B-->A
14065:  1# C-->B
14066:  2# C-->A
14067:  1# B-->A
14068:  3# C-->B
14069:  1# A-->C
14070:  2# A-->B
14071:  1# C-->B
14072:  4# C-->A
14073:  1# B-->A
14074:  2# B-->C
14075:  1# A-->C
14076:  3# B-->A
14077:  1# C-->B
14078:  2# C-->A
14079:  1# B-->A
14080:  9# C-->B
14081:  1# A-->C
14082:  2# A-->B
14083:  1# C-->B
14084:  3# A-->C
14085:  1# B-->A
14086:  2# B-->C
14087:  1# A-->C
14088:  4# A-->B
14089:  1# C-->B
14090:  2# C-->A
14091:  1# B-->A
14092:  3# C-->B
14093:  1# A-->C
14094:  2# A-->B
14095:  1# C-->B
14096:  5# A-->C
14097:  1# B-->A
14098:  2# B-->C
14099:  1# A-->C
14100:  3# B-->A
14101:  1# C-->B
14102:  2# C-->A
14103:  1# B-->A
14104:  4# B-->C
14105:  1# A-->C
14106:  2# A-->B
14107:  1# C-->B
14108:  3# A-->C
14109:  1# B-->A
14110:  2# B-->C
14111:  1# A-->C
14112:  6# A-->B
14113:  1# C-->B
14114:  2# C-->A
14115:  1# B-->A
14116:  3# C-->B
14117:  1# A-->C
14118:  2# A-->B
14119:  1# C-->B
14120:  4# C-->A
14121:  1# B-->A
14122:  2# B-->C
14123:  1# A-->C
14124:  3# B-->A
14125:  1# C-->B
14126:  2# C-->A
14127:  1# B-->A
14128:  5# C-->B
14129:  1# A-->C
14130:  2# A-->B
14131:  1# C-->B
14132:  3# A-->C
14133:  1# B-->A
14134:  2# B-->C
14135:  1# A-->C
14136:  4# A-->B
14137:  1# C-->B
14138:  2# C-->A
14139:  1# B-->A
14140:  3# C-->B
14141:  1# A-->C
14142:  2# A-->B
14143:  1# C-->B
14144:  7# A-->C
14145:  1# B-->A
14146:  2# B-->C
14147:  1# A-->C
14148:  3# B-->A
14149:  1# C-->B
14150:  2# C-->A
14151:  1# B-->A
14152:  4# B-->C
14153:  1# A-->C
14154:  2# A-->B
14155:  1# C-->B
14156:  3# A-->C
14157:  1# B-->A
14158:  2# B-->C
14159:  1# A-->C
14160:  5# B-->A
14161:  1# C-->B
14162:  2# C-->A
14163:  1# B-->A
14164:  3# C-->B
14165:  1# A-->C
14166:  2# A-->B
14167:  1# C-->B
14168:  4# C-->A
14169:  1# B-->A
14170:  2# B-->C
14171:  1# A-->C
14172:  3# B-->A
14173:  1# C-->B
14174:  2# C-->A
14175:  1# B-->A
14176:  6# B-->C
14177:  1# A-->C
14178:  2# A-->B
14179:  1# C-->B
14180:  3# A-->C
14181:  1# B-->A
14182:  2# B-->C
14183:  1# A-->C
14184:  4# A-->B
14185:  1# C-->B
14186:  2# C-->A
14187:  1# B-->A
14188:  3# C-->B
14189:  1# A-->C
14190:  2# A-->B
14191:  1# C-->B
14192:  5# A-->C
14193:  1# B-->A
14194:  2# B-->C
14195:  1# A-->C
14196:  3# B-->A
14197:  1# C-->B
14198:  2# C-->A
14199:  1# B-->A
14200:  4# B-->C
14201:  1# A-->C
14202:  2# A-->B
14203:  1# C-->B
14204:  3# A-->C
14205:  1# B-->A
14206:  2# B-->C
14207:  1# A-->C
14208:  8# A-->B
14209:  1# C-->B
14210:  2# C-->A
14211:  1# B-->A
14212:  3# C-->B
14213:  1# A-->C
14214:  2# A-->B
14215:  1# C-->B
14216:  4# C-->A
14217:  1# B-->A
14218:  2# B-->C
14219:  1# A-->C
14220:  3# B-->A
14221:  1# C-->B
14222:  2# C-->A
14223:  1# B-->A
14224:  5# C-->B
14225:  1# A-->C
14226:  2# A-->B
14227:  1# C-->B
14228:  3# A-->C
14229:  1# B-->A
14230:  2# B-->C
14231:  1# A-->C
14232:  4# A-->B
14233:  1# C-->B
14234:  2# C-->A
14235:  1# B-->A
14236:  3# C-->B
14237:  1# A-->C
14238:  2# A-->B
14239:  1# C-->B
14240:  6# C-->A
14241:  1# B-->A
14242:  2# B-->C
14243:  1# A-->C
14244:  3# B-->A
14245:  1# C-->B
14246:  2# C-->A
14247:  1# B-->A
14248:  4# B-->C
14249:  1# A-->C
14250:  2# A-->B
14251:  1# C-->B
14252:  3# A-->C
14253:  1# B-->A
14254:  2# B-->C
14255:  1# A-->C
14256:  5# B-->A
14257:  1# C-->B
14258:  2# C-->A
14259:  1# B-->A
14260:  3# C-->B
14261:  1# A-->C
14262:  2# A-->B
14263:  1# C-->B
14264:  4# C-->A
14265:  1# B-->A
14266:  2# B-->C
14267:  1# A-->C
14268:  3# B-->A
14269:  1# C-->B
14270:  2# C-->A
14271:  1# B-->A
14272:  7# C-->B
14273:  1# A-->C
14274:  2# A-->B
14275:  1# C-->B
14276:  3# A-->C
14277:  1# B-->A
14278:  2# B-->C
14279:  1# A-->C
14280:  4# A-->B
14281:  1# C-->B
14282:  2# C-->A
14283:  1# B-->A
14284:  3# C-->B
14285:  1# A-->C
14286:  2# A-->B
14287:  1# C-->B
14288:  5# A-->C
14289:  1# B-->A
14290:  2# B-->C
14291:  1# A-->C
14292:  3# B-->A
14293:  1# C-->B
14294:  2# C-->A
14295:  1# B-->A
14296:  4# B-->C
14297:  1# A-->C
14298:  2# A-->B
14299:  1# C-->B
14300:  3# A-->C
14301:  1# B-->A
14302:  2# B-->C
14303:  1# A-->C
14304:  6# A-->B
14305:  1# C-->B
14306:  2# C-->A
14307:  1# B-->A
14308:  3# C-->B
14309:  1# A-->C
14310:  2# A-->B
14311:  1# C-->B
14312:  4# C-->A
14313:  1# B-->A
14314:  2# B-->C
14315:  1# A-->C
14316:  3# B-->A
14317:  1# C-->B
14318:  2# C-->A
14319:  1# B-->A
14320:  5# C-->B
14321:  1# A-->C
14322:  2# A-->B
14323:  1# C-->B
14324:  3# A-->C
14325:  1# B-->A
14326:  2# B-->C
14327:  1# A-->C
14328:  4# A-->B
14329:  1# C-->B
14330:  2# C-->A
14331:  1# B-->A
14332:  3# C-->B
14333:  1# A-->C
14334:  2# A-->B
14335:  1# C-->B
14336: 12# C-->A
14337:  1# B-->A
14338:  2# B-->C
14339:  1# A-->C
14340:  3# B-->A
14341:  1# C-->B
14342:  2# C-->A
14343:  1# B-->A
14344:  4# B-->C
14345:  1# A-->C
14346:  2# A-->B
14347:  1# C-->B
14348:  3# A-->C
14349:  1# B-->A
14350:  2# B-->C
14351:  1# A-->C
14352:  5# B-->A
14353:  1# C-->B
14354:  2# C-->A
14355:  1# B-->A
14356:  3# C-->B
14357:  1# A-->C
14358:  2# A-->B
14359:  1# C-->B
14360:  4# C-->A
14361:  1# B-->A
14362:  2# B-->C
14363:  1# A-->C
14364:  3# B-->A
14365:  1# C-->B
14366:  2# C-->A
14367:  1# B-->A
14368:  6# B-->C
14369:  1# A-->C
14370:  2# A-->B
14371:  1# C-->B
14372:  3# A-->C
14373:  1# B-->A
14374:  2# B-->C
14375:  1# A-->C
14376:  4# A-->B
14377:  1# C-->B
14378:  2# C-->A
14379:  1# B-->A
14380:  3# C-->B
14381:  1# A-->C
14382:  2# A-->B
14383:  1# C-->B
14384:  5# A-->C
14385:  1# B-->A
14386:  2# B-->C
14387:  1# A-->C
14388:  3# B-->A
14389:  1# C-->B
14390:  2# C-->A
14391:  1# B-->A
14392:  4# B-->C
14393:  1# A-->C
14394:  2# A-->B
14395:  1# C-->B
14396:  3# A-->C
14397:  1# B-->A
14398:  2# B-->C
14399:  1# A-->C
14400:  7# B-->A
14401:  1# C-->B
14402:  2# C-->A
14403:  1# B-->A
14404:  3# C-->B
14405:  1# A-->C
14406:  2# A-->B
14407:  1# C-->B
14408:  4# C-->A
14409:  1# B-->A
14410:  2# B-->C
14411:  1# A-->C
14412:  3# B-->A
14413:  1# C-->B
14414:  2# C-->A
14415:  1# B-->A
14416:  5# C-->B
14417:  1# A-->C
14418:  2# A-->B
14419:  1# C-->B
14420:  3# A-->C
14421:  1# B-->A
14422:  2# B-->C
14423:  1# A-->C
14424:  4# A-->B
14425:  1# C-->B
14426:  2# C-->A
14427:  1# B-->A
14428:  3# C-->B
14429:  1# A-->C
14430:  2# A-->B
14431:  1# C-->B
14432:  6# C-->A
14433:  1# B-->A
14434:  2# B-->C
14435:  1# A-->C
14436:  3# B-->A
14437:  1# C-->B
14438:  2# C-->A
14439:  1# B-->A
14440:  4# B-->C
14441:  1# A-->C
14442:  2# A-->B
14443:  1# C-->B
14444:  3# A-->C
14445:  1# B-->A
14446:  2# B-->C
14447:  1# A-->C
14448:  5# B-->A
14449:  1# C-->B
14450:  2# C-->A
14451:  1# B-->A
14452:  3# C-->B
14453:  1# A-->C
14454:  2# A-->B
14455:  1# C-->B
14456:  4# C-->A
14457:  1# B-->A
14458:  2# B-->C
14459:  1# A-->C
14460:  3# B-->A
14461:  1# C-->B
14462:  2# C-->A
14463:  1# B-->A
14464:  8# B-->C
14465:  1# A-->C
14466:  2# A-->B
14467:  1# C-->B
14468:  3# A-->C
14469:  1# B-->A
14470:  2# B-->C
14471:  1# A-->C
14472:  4# A-->B
14473:  1# C-->B
14474:  2# C-->A
14475:  1# B-->A
14476:  3# C-->B
14477:  1# A-->C
14478:  2# A-->B
14479:  1# C-->B
14480:  5# A-->C
14481:  1# B-->A
14482:  2# B-->C
14483:  1# A-->C
14484:  3# B-->A
14485:  1# C-->B
14486:  2# C-->A
14487:  1# B-->A
14488:  4# B-->C
14489:  1# A-->C
14490:  2# A-->B
14491:  1# C-->B
14492:  3# A-->C
14493:  1# B-->A
14494:  2# B-->C
14495:  1# A-->C
14496:  6# A-->B
14497:  1# C-->B
14498:  2# C-->A
14499:  1# B-->A
14500:  3# C-->B
14501:  1# A-->C
14502:  2# A-->B
14503:  1# C-->B
14504:  4# C-->A
14505:  1# B-->A
14506:  2# B-->C
14507:  1# A-->C
14508:  3# B-->A
14509:  1# C-->B
14510:  2# C-->A
14511:  1# B-->A
14512:  5# C-->B
14513:  1# A-->C
14514:  2# A-->B
14515:  1# C-->B
14516:  3# A-->C
14517:  1# B-->A
14518:  2# B-->C
14519:  1# A-->C
14520:  4# A-->B
14521:  1# C-->B
14522:  2# C-->A
14523:  1# B-->A
14524:  3# C-->B
14525:  1# A-->C
14526:  2# A-->B
14527:  1# C-->B
14528:  7# A-->C
14529:  1# B-->A
14530:  2# B-->C
14531:  1# A-->C
14532:  3# B-->A
14533:  1# C-->B
14534:  2# C-->A
14535:  1# B-->A
14536:  4# B-->C
14537:  1# A-->C
14538:  2# A-->B
14539:  1# C-->B
14540:  3# A-->C
14541:  1# B-->A
14542:  2# B-->C
14543:  1# A-->C
14544:  5# B-->A
14545:  1# C-->B
14546:  2# C-->A
14547:  1# B-->A
14548:  3# C-->B
14549:  1# A-->C
14550:  2# A-->B
14551:  1# C-->B
14552:  4# C-->A
14553:  1# B-->A
14554:  2# B-->C
14555:  1# A-->C
14556:  3# B-->A
14557:  1# C-->B
14558:  2# C-->A
14559:  1# B-->A
14560:  6# B-->C
14561:  1# A-->C
14562:  2# A-->B
14563:  1# C-->B
14564:  3# A-->C
14565:  1# B-->A
14566:  2# B-->C
14567:  1# A-->C
14568:  4# A-->B
14569:  1# C-->B
14570:  2# C-->A
14571:  1# B-->A
14572:  3# C-->B
14573:  1# A-->C
14574:  2# A-->B
14575:  1# C-->B
14576:  5# A-->C
14577:  1# B-->A
14578:  2# B-->C
14579:  1# A-->C
14580:  3# B-->A
14581:  1# C-->B
14582:  2# C-->A
14583:  1# B-->A
14584:  4# B-->C
14585:  1# A-->C
14586:  2# A-->B
14587:  1# C-->B
14588:  3# A-->C
14589:  1# B-->A
14590:  2# B-->C
14591:  1# A-->C
14592:  9# B-->A
14593:  1# C-->B
14594:  2# C-->A
14595:  1# B-->A
14596:  3# C-->B
14597:  1# A-->C
14598:  2# A-->B
14599:  1# C-->B
14600:  4# C-->A
14601:  1# B-->A
14602:  2# B-->C
14603:  1# A-->C
14604:  3# B-->A
14605:  1# C-->B
14606:  2# C-->A
14607:  1# B-->A
14608:  5# C-->B
14609:  1# A-->C
14610:  2# A-->B
14611:  1# C-->B
14612:  3# A-->C
14613:  1# B-->A
14614:  2# B-->C
14615:  1# A-->C
14616:  4# A-->B
14617:  1# C-->B
14618:  2# C-->A
14619:  1# B-->A
14620:  3# C-->B
14621:  1# A-->C
14622:  2# A-->B
14623:  1# C-->B
14624:  6# C-->A
14625:  1# B-->A
14626:  2# B-->C
14627:  1# A-->C
14628:  3# B-->A
14629:  1# C-->B
14630:  2# C-->A
14631:  1# B-->A
14632:  4# B-->C
14633:  1# A-->C
14634:  2# A-->B
14635:  1# C-->B
14636:  3# A-->C
14637:  1# B-->A
14638:  2# B-->C
14639:  1# A-->C
14640:  5# B-->A
14641:  1# C-->B
14642:  2# C-->A
14643:  1# B-->A
14644:  3# C-->B
14645:  1# A-->C
14646:  2# A-->B
14647:  1# C-->B
14648:  4# C-->A
14649:  1# B-->A
14650:  2# B-->C
14651:  1# A-->C
14652:  3# B-->A
14653:  1# C-->B
14654:  2# C-->A
14655:  1# B-->A
14656:  7# C-->B
14657:  1# A-->C
14658:  2# A-->B
14659:  1# C-->B
14660:  3# A-->C
14661:  1# B-->A
14662:  2# B-->C
14663:  1# A-->C
14664:  4# A-->B
14665:  1# C-->B
14666:  2# C-->A
14667:  1# B-->A
14668:  3# C-->B
14669:  1# A-->C
14670:  2# A-->B
14671:  1# C-->B
14672:  5# A-->C
14673:  1# B-->A
14674:  2# B-->C
14675:  1# A-->C
14676:  3# B-->A
14677:  1# C-->B
14678:  2# C-->A
14679:  1# B-->A
14680:  4# B-->C
14681:  1# A-->C
14682:  2# A-->B
14683:  1# C-->B
14684:  3# A-->C
14685:  1# B-->A
14686:  2# B-->C
14687:  1# A-->C
14688:  6# A-->B
14689:  1# C-->B
14690:  2# C-->A
14691:  1# B-->A
14692:  3# C-->B
14693:  1# A-->C
14694:  2# A-->B
14695:  1# C-->B
14696:  4# C-->A
14697:  1# B-->A
14698:  2# B-->C
14699:  1# A-->C
14700:  3# B-->A
14701:  1# C-->B
14702:  2# C-->A
14703:  1# B-->A
14704:  5# C-->B
14705:  1# A-->C
14706:  2# A-->B
14707:  1# C-->B
14708:  3# A-->C
14709:  1# B-->A
14710:  2# B-->C
14711:  1# A-->C
14712:  4# A-->B
14713:  1# C-->B
14714:  2# C-->A
14715:  1# B-->A
14716:  3# C-->B
14717:  1# A-->C
14718:  2# A-->B
14719:  1# C-->B
14720:  8# C-->A
14721:  1# B-->A
14722:  2# B-->C
14723:  1# A-->C
14724:  3# B-->A
14725:  1# C-->B
14726:  2# C-->A
14727:  1# B-->A
14728:  4# B-->C
14729:  1# A-->C
14730:  2# A-->B
14731:  1# C-->B
14732:  3# A-->C
14733:  1# B-->A
14734:  2# B-->C
14735:  1# A-->C
14736:  5# B-->A
14737:  1# C-->B
14738:  2# C-->A
14739:  1# B-->A
14740:  3# C-->B
14741:  1# A-->C
14742:  2# A-->B
14743:  1# C-->B
14744:  4# C-->A
14745:  1# B-->A
14746:  2# B-->C
14747:  1# A-->C
14748:  3# B-->A
14749:  1# C-->B
14750:  2# C-->A
14751:  1# B-->A
14752:  6# B-->C
14753:  1# A-->C
14754:  2# A-->B
14755:  1# C-->B
14756:  3# A-->C
14757:  1# B-->A
14758:  2# B-->C
14759:  1# A-->C
14760:  4# A-->B
14761:  1# C-->B
14762:  2# C-->A
14763:  1# B-->A
14764:  3# C-->B
14765:  1# A-->C
14766:  2# A-->B
14767:  1# C-->B
14768:  5# A-->C
14769:  1# B-->A
14770:  2# B-->C
14771:  1# A-->C
14772:  3# B-->A
14773:  1# C-->B
14774:  2# C-->A
14775:  1# B-->A
14776:  4# B-->C
14777:  1# A-->C
14778:  2# A-->B
14779:  1# C-->B
14780:  3# A-->C
14781:  1# B-->A
14782:  2# B-->C
14783:  1# A-->C
14784:  7# B-->A
14785:  1# C-->B
14786:  2# C-->A
14787:  1# B-->A
14788:  3# C-->B
14789:  1# A-->C
14790:  2# A-->B
14791:  1# C-->B
14792:  4# C-->A
14793:  1# B-->A
14794:  2# B-->C
14795:  1# A-->C
14796:  3# B-->A
14797:  1# C-->B
14798:  2# C-->A
14799:  1# B-->A
14800:  5# C-->B
14801:  1# A-->C
14802:  2# A-->B
14803:  1# C-->B
14804:  3# A-->C
14805:  1# B-->A
14806:  2# B-->C
14807:  1# A-->C
14808:  4# A-->B
14809:  1# C-->B
14810:  2# C-->A
14811:  1# B-->A
14812:  3# C-->B
14813:  1# A-->C
14814:  2# A-->B
14815:  1# C-->B
14816:  6# C-->A
14817:  1# B-->A
14818:  2# B-->C
14819:  1# A-->C
14820:  3# B-->A
14821:  1# C-->B
14822:  2# C-->A
14823:  1# B-->A
14824:  4# B-->C
14825:  1# A-->C
14826:  2# A-->B
14827:  1# C-->B
14828:  3# A-->C
14829:  1# B-->A
14830:  2# B-->C
14831:  1# A-->C
14832:  5# B-->A
14833:  1# C-->B
14834:  2# C-->A
14835:  1# B-->A
14836:  3# C-->B
14837:  1# A-->C
14838:  2# A-->B
14839:  1# C-->B
14840:  4# C-->A
14841:  1# B-->A
14842:  2# B-->C
14843:  1# A-->C
14844:  3# B-->A
14845:  1# C-->B
14846:  2# C-->A
14847:  1# B-->A
14848: 10# B-->C
14849:  1# A-->C
14850:  2# A-->B
14851:  1# C-->B
14852:  3# A-->C
14853:  1# B-->A
14854:  2# B-->C
14855:  1# A-->C
14856:  4# A-->B
14857:  1# C-->B
14858:  2# C-->A
14859:  1# B-->A
14860:  3# C-->B
14861:  1# A-->C
14862:  2# A-->B
14863:  1# C-->B
14864:  5# A-->C
14865:  1# B-->A
14866:  2# B-->C
14867:  1# A-->C
14868:  3# B-->A
14869:  1# C-->B
14870:  2# C-->A
14871:  1# B-->A
14872:  4# B-->C
14873:  1# A-->C
14874:  2# A-->B
14875:  1# C-->B
14876:  3# A-->C
14877:  1# B-->A
14878:  2# B-->C
14879:  1# A-->C
14880:  6# A-->B
14881:  1# C-->B
14882:  2# C-->A
14883:  1# B-->A
14884:  3# C-->B
14885:  1# A-->C
14886:  2# A-->B
14887:  1# C-->B
14888:  4# C-->A
14889:  1# B-->A
14890:  2# B-->C
14891:  1# A-->C
14892:  3# B-->A
14893:  1# C-->B
14894:  2# C-->A
14895:  1# B-->A
14896:  5# C-->B
14897:  1# A-->C
14898:  2# A-->B
14899:  1# C-->B
14900:  3# A-->C
14901:  1# B-->A
14902:  2# B-->C
14903:  1# A-->C
14904:  4# A-->B
14905:  1# C-->B
14906:  2# C-->A
14907:  1# B-->A
14908:  3# C-->B
14909:  1# A-->C
14910:  2# A-->B
14911:  1# C-->B
14912:  7# A-->C
14913:  1# B-->A
14914:  2# B-->C
14915:  1# A-->C
14916:  3# B-->A
14917:  1# C-->B
14918:  2# C-->A
14919:  1# B-->A
14920:  4# B-->C
14921:  1# A-->C
14922:  2# A-->B
14923:  1# C-->B
14924:  3# A-->C
14925:  1# B-->A
14926:  2# B-->C
14927:  1# A-->C
14928:  5# B-->A
14929:  1# C-->B
14930:  2# C-->A
14931:  1# B-->A
14932:  3# C-->B
14933:  1# A-->C
14934:  2# A-->B
14935:  1# C-->B
14936:  4# C-->A
14937:  1# B-->A
14938:  2# B-->C
14939:  1# A-->C
14940:  3# B-->A
14941:  1# C-->B
14942:  2# C-->A
14943:  1# B-->A
14944:  6# B-->C
14945:  1# A-->C
14946:  2# A-->B
14947:  1# C-->B
14948:  3# A-->C
14949:  1# B-->A
14950:  2# B-->C
14951:  1# A-->C
14952:  4# A-->B
14953:  1# C-->B
14954:  2# C-->A
14955:  1# B-->A
14956:  3# C-->B
14957:  1# A-->C
14958:  2# A-->B
14959:  1# C-->B
14960:  5# A-->C
14961:  1# B-->A
14962:  2# B-->C
14963:  1# A-->C
14964:  3# B-->A
14965:  1# C-->B
14966:  2# C-->A
14967:  1# B-->A
14968:  4# B-->C
14969:  1# A-->C
14970:  2# A-->B
14971:  1# C-->B
14972:  3# A-->C
14973:  1# B-->A
14974:  2# B-->C
14975:  1# A-->C
14976:  8# A-->B
14977:  1# C-->B
14978:  2# C-->A
14979:  1# B-->A
14980:  3# C-->B
14981:  1# A-->C
14982:  2# A-->B
14983:  1# C-->B
14984:  4# C-->A
14985:  1# B-->A
14986:  2# B-->C
14987:  1# A-->C
14988:  3# B-->A
14989:  1# C-->B
14990:  2# C-->A
14991:  1# B-->A
14992:  5# C-->B
14993:  1# A-->C
14994:  2# A-->B
14995:  1# C-->B
14996:  3# A-->C
14997:  1# B-->A
14998:  2# B-->C
14999:  1# A-->C
15000:  4# A-->B
15001:  1# C-->B
15002:  2# C-->A
15003:  1# B-->A
15004:  3# C-->B
15005:  1# A-->C
15006:  2# A-->B
15007:  1# C-->B
15008:  6# C-->A
15009:  1# B-->A
15010:  2# B-->C
15011:  1# A-->C
15012:  3# B-->A
15013:  1# C-->B
15014:  2# C-->A
15015:  1# B-->A
15016:  4# B-->C
15017:  1# A-->C
15018:  2# A-->B
15019:  1# C-->B
15020:  3# A-->C
15021:  1# B-->A
15022:  2# B-->C
15023:  1# A-->C
15024:  5# B-->A
15025:  1# C-->B
15026:  2# C-->A
15027:  1# B-->A
15028:  3# C-->B
15029:  1# A-->C
15030:  2# A-->B
15031:  1# C-->B
15032:  4# C-->A
15033:  1# B-->A
15034:  2# B-->C
15035:  1# A-->C
15036:  3# B-->A
15037:  1# C-->B
15038:  2# C-->A
15039:  1# B-->A
15040:  7# C-->B
15041:  1# A-->C
15042:  2# A-->B
15043:  1# C-->B
15044:  3# A-->C
15045:  1# B-->A
15046:  2# B-->C
15047:  1# A-->C
15048:  4# A-->B
15049:  1# C-->B
15050:  2# C-->A
15051:  1# B-->A
15052:  3# C-->B
15053:  1# A-->C
15054:  2# A-->B
15055:  1# C-->B
15056:  5# A-->C
15057:  1# B-->A
15058:  2# B-->C
15059:  1# A-->C
15060:  3# B-->A
15061:  1# C-->B
15062:  2# C-->A
15063:  1# B-->A
15064:  4# B-->C
15065:  1# A-->C
15066:  2# A-->B
15067:  1# C-->B
15068:  3# A-->C
15069:  1# B-->A
15070:  2# B-->C
15071:  1# A-->C
15072:  6# A-->B
15073:  1# C-->B
15074:  2# C-->A
15075:  1# B-->A
15076:  3# C-->B
15077:  1# A-->C
15078:  2# A-->B
15079:  1# C-->B
15080:  4# C-->A
15081:  1# B-->A
15082:  2# B-->C
15083:  1# A-->C
15084:  3# B-->A
15085:  1# C-->B
15086:  2# C-->A
15087:  1# B-->A
15088:  5# C-->B
15089:  1# A-->C
15090:  2# A-->B
15091:  1# C-->B
15092:  3# A-->C
15093:  1# B-->A
15094:  2# B-->C
15095:  1# A-->C
15096:  4# A-->B
15097:  1# C-->B
15098:  2# C-->A
15099:  1# B-->A
15100:  3# C-->B
15101:  1# A-->C
15102:  2# A-->B
15103:  1# C-->B
15104:  9# A-->C
15105:  1# B-->A
15106:  2# B-->C
15107:  1# A-->C
15108:  3# B-->A
15109:  1# C-->B
15110:  2# C-->A
15111:  1# B-->A
15112:  4# B-->C
15113:  1# A-->C
15114:  2# A-->B
15115:  1# C-->B
15116:  3# A-->C
15117:  1# B-->A
15118:  2# B-->C
15119:  1# A-->C
15120:  5# B-->A
15121:  1# C-->B
15122:  2# C-->A
15123:  1# B-->A
15124:  3# C-->B
15125:  1# A-->C
15126:  2# A-->B
15127:  1# C-->B
15128:  4# C-->A
15129:  1# B-->A
15130:  2# B-->C
15131:  1# A-->C
15132:  3# B-->A
15133:  1# C-->B
15134:  2# C-->A
15135:  1# B-->A
15136:  6# B-->C
15137:  1# A-->C
15138:  2# A-->B
15139:  1# C-->B
15140:  3# A-->C
15141:  1# B-->A
15142:  2# B-->C
15143:  1# A-->C
15144:  4# A-->B
15145:  1# C-->B
15146:  2# C-->A
15147:  1# B-->A
15148:  3# C-->B
15149:  1# A-->C
15150:  2# A-->B
15151:  1# C-->B
15152:  5# A-->C
15153:  1# B-->A
15154:  2# B-->C
15155:  1# A-->C
15156:  3# B-->A
15157:  1# C-->B
15158:  2# C-->A
15159:  1# B-->A
15160:  4# B-->C
15161:  1# A-->C
15162:  2# A-->B
15163:  1# C-->B
15164:  3# A-->C
15165:  1# B-->A
15166:  2# B-->C
15167:  1# A-->C
15168:  7# B-->A
15169:  1# C-->B
15170:  2# C-->A
15171:  1# B-->A
15172:  3# C-->B
15173:  1# A-->C
15174:  2# A-->B
15175:  1# C-->B
15176:  4# C-->A
15177:  1# B-->A
15178:  2# B-->C
15179:  1# A-->C
15180:  3# B-->A
15181:  1# C-->B
15182:  2# C-->A
15183:  1# B-->A
15184:  5# C-->B
15185:  1# A-->C
15186:  2# A-->B
15187:  1# C-->B
15188:  3# A-->C
15189:  1# B-->A
15190:  2# B-->C
15191:  1# A-->C
15192:  4# A-->B
15193:  1# C-->B
15194:  2# C-->A
15195:  1# B-->A
15196:  3# C-->B
15197:  1# A-->C
15198:  2# A-->B
15199:  1# C-->B
15200:  6# C-->A
15201:  1# B-->A
15202:  2# B-->C
15203:  1# A-->C
15204:  3# B-->A
15205:  1# C-->B
15206:  2# C-->A
15207:  1# B-->A
15208:  4# B-->C
15209:  1# A-->C
15210:  2# A-->B
15211:  1# C-->B
15212:  3# A-->C
15213:  1# B-->A
15214:  2# B-->C
15215:  1# A-->C
15216:  5# B-->A
15217:  1# C-->B
15218:  2# C-->A
15219:  1# B-->A
15220:  3# C-->B
15221:  1# A-->C
15222:  2# A-->B
15223:  1# C-->B
15224:  4# C-->A
15225:  1# B-->A
15226:  2# B-->C
15227:  1# A-->C
15228:  3# B-->A
15229:  1# C-->B
15230:  2# C-->A
15231:  1# B-->A
15232:  8# B-->C
15233:  1# A-->C
15234:  2# A-->B
15235:  1# C-->B
15236:  3# A-->C
15237:  1# B-->A
15238:  2# B-->C
15239:  1# A-->C
15240:  4# A-->B
15241:  1# C-->B
15242:  2# C-->A
15243:  1# B-->A
15244:  3# C-->B
15245:  1# A-->C
15246:  2# A-->B
15247:  1# C-->B
15248:  5# A-->C
15249:  1# B-->A
15250:  2# B-->C
15251:  1# A-->C
15252:  3# B-->A
15253:  1# C-->B
15254:  2# C-->A
15255:  1# B-->A
15256:  4# B-->C
15257:  1# A-->C
15258:  2# A-->B
15259:  1# C-->B
15260:  3# A-->C
15261:  1# B-->A
15262:  2# B-->C
15263:  1# A-->C
15264:  6# A-->B
15265:  1# C-->B
15266:  2# C-->A
15267:  1# B-->A
15268:  3# C-->B
15269:  1# A-->C
15270:  2# A-->B
15271:  1# C-->B
15272:  4# C-->A
15273:  1# B-->A
15274:  2# B-->C
15275:  1# A-->C
15276:  3# B-->A
15277:  1# C-->B
15278:  2# C-->A
15279:  1# B-->A
15280:  5# C-->B
15281:  1# A-->C
15282:  2# A-->B
15283:  1# C-->B
15284:  3# A-->C
15285:  1# B-->A
15286:  2# B-->C
15287:  1# A-->C
15288:  4# A-->B
15289:  1# C-->B
15290:  2# C-->A
15291:  1# B-->A
15292:  3# C-->B
15293:  1# A-->C
15294:  2# A-->B
15295:  1# C-->B
15296:  7# A-->C
15297:  1# B-->A
15298:  2# B-->C
15299:  1# A-->C
15300:  3# B-->A
15301:  1# C-->B
15302:  2# C-->A
15303:  1# B-->A
15304:  4# B-->C
15305:  1# A-->C
15306:  2# A-->B
15307:  1# C-->B
15308:  3# A-->C
15309:  1# B-->A
15310:  2# B-->C
15311:  1# A-->C
15312:  5# B-->A
15313:  1# C-->B
15314:  2# C-->A
15315:  1# B-->A
15316:  3# C-->B
15317:  1# A-->C
15318:  2# A-->B
15319:  1# C-->B
15320:  4# C-->A
15321:  1# B-->A
15322:  2# B-->C
15323:  1# A-->C
15324:  3# B-->A
15325:  1# C-->B
15326:  2# C-->A
15327:  1# B-->A
15328:  6# B-->C
15329:  1# A-->C
15330:  2# A-->B
15331:  1# C-->B
15332:  3# A-->C
15333:  1# B-->A
15334:  2# B-->C
15335:  1# A-->C
15336:  4# A-->B
15337:  1# C-->B
15338:  2# C-->A
15339:  1# B-->A
15340:  3# C-->B
15341:  1# A-->C
15342:  2# A-->B
15343:  1# C-->B
15344:  5# A-->C
15345:  1# B-->A
15346:  2# B-->C
15347:  1# A-->C
15348:  3# B-->A
15349:  1# C-->B
15350:  2# C-->A
15351:  1# B-->A
15352:  4# B-->C
15353:  1# A-->C
15354:  2# A-->B
15355:  1# C-->B
15356:  3# A-->C
15357:  1# B-->A
15358:  2# B-->C
15359:  1# A-->C
15360: 11# B-->A
15361:  1# C-->B
15362:  2# C-->A
15363:  1# B-->A
15364:  3# C-->B
15365:  1# A-->C
15366:  2# A-->B
15367:  1# C-->B
15368:  4# C-->A
15369:  1# B-->A
15370:  2# B-->C
15371:  1# A-->C
15372:  3# B-->A
15373:  1# C-->B
15374:  2# C-->A
15375:  1# B-->A
15376:  5# C-->B
15377:  1# A-->C
15378:  2# A-->B
15379:  1# C-->B
15380:  3# A-->C
15381:  1# B-->A
15382:  2# B-->C
15383:  1# A-->C
15384:  4# A-->B
15385:  1# C-->B
15386:  2# C-->A
15387:  1# B-->A
15388:  3# C-->B
15389:  1# A-->C
15390:  2# A-->B
15391:  1# C-->B
15392:  6# C-->A
15393:  1# B-->A
15394:  2# B-->C
15395:  1# A-->C
15396:  3# B-->A
15397:  1# C-->B
15398:  2# C-->A
15399:  1# B-->A
15400:  4# B-->C
15401:  1# A-->C
15402:  2# A-->B
15403:  1# C-->B
15404:  3# A-->C
15405:  1# B-->A
15406:  2# B-->C
15407:  1# A-->C
15408:  5# B-->A
15409:  1# C-->B
15410:  2# C-->A
15411:  1# B-->A
15412:  3# C-->B
15413:  1# A-->C
15414:  2# A-->B
15415:  1# C-->B
15416:  4# C-->A
15417:  1# B-->A
15418:  2# B-->C
15419:  1# A-->C
15420:  3# B-->A
15421:  1# C-->B
15422:  2# C-->A
15423:  1# B-->A
15424:  7# C-->B
15425:  1# A-->C
15426:  2# A-->B
15427:  1# C-->B
15428:  3# A-->C
15429:  1# B-->A
15430:  2# B-->C
15431:  1# A-->C
15432:  4# A-->B
15433:  1# C-->B
15434:  2# C-->A
15435:  1# B-->A
15436:  3# C-->B
15437:  1# A-->C
15438:  2# A-->B
15439:  1# C-->B
15440:  5# A-->C
15441:  1# B-->A
15442:  2# B-->C
15443:  1# A-->C
15444:  3# B-->A
15445:  1# C-->B
15446:  2# C-->A
15447:  1# B-->A
15448:  4# B-->C
15449:  1# A-->C
15450:  2# A-->B
15451:  1# C-->B
15452:  3# A-->C
15453:  1# B-->A
15454:  2# B-->C
15455:  1# A-->C
15456:  6# A-->B
15457:  1# C-->B
15458:  2# C-->A
15459:  1# B-->A
15460:  3# C-->B
15461:  1# A-->C
15462:  2# A-->B
15463:  1# C-->B
15464:  4# C-->A
15465:  1# B-->A
15466:  2# B-->C
15467:  1# A-->C
15468:  3# B-->A
15469:  1# C-->B
15470:  2# C-->A
15471:  1# B-->A
15472:  5# C-->B
15473:  1# A-->C
15474:  2# A-->B
15475:  1# C-->B
15476:  3# A-->C
15477:  1# B-->A
15478:  2# B-->C
15479:  1# A-->C
15480:  4# A-->B
15481:  1# C-->B
15482:  2# C-->A
15483:  1# B-->A
15484:  3# C-->B
15485:  1# A-->C
15486:  2# A-->B
15487:  1# C-->B
15488:  8# C-->A
15489:  1# B-->A
15490:  2# B-->C
15491:  1# A-->C
15492:  3# B-->A
15493:  1# C-->B
15494:  2# C-->A
15495:  1# B-->A
15496:  4# B-->C
15497:  1# A-->C
15498:  2# A-->B
15499:  1# C-->B
15500:  3# A-->C
15501:  1# B-->A
15502:  2# B-->C
15503:  1# A-->C
15504:  5# B-->A
15505:  1# C-->B
15506:  2# C-->A
15507:  1# B-->A
15508:  3# C-->B
15509:  1# A-->C
15510:  2# A-->B
15511:  1# C-->B
15512:  4# C-->A
15513:  1# B-->A
15514:  2# B-->C
15515:  1# A-->C
15516:  3# B-->A
15517:  1# C-->B
15518:  2# C-->A
15519:  1# B-->A
15520:  6# B-->C
15521:  1# A-->C
15522:  2# A-->B
15523:  1# C-->B
15524:  3# A-->C
15525:  1# B-->A
15526:  2# B-->C
15527:  1# A-->C
15528:  4# A-->B
15529:  1# C-->B
15530:  2# C-->A
15531:  1# B-->A
15532:  3# C-->B
15533:  1# A-->C
15534:  2# A-->B
15535:  1# C-->B
15536:  5# A-->C
15537:  1# B-->A
15538:  2# B-->C
15539:  1# A-->C
15540:  3# B-->A
15541:  1# C-->B
15542:  2# C-->A
15543:  1# B-->A
15544:  4# B-->C
15545:  1# A-->C
15546:  2# A-->B
15547:  1# C-->B
15548:  3# A-->C
15549:  1# B-->A
15550:  2# B-->C
15551:  1# A-->C
15552:  7# B-->A
15553:  1# C-->B
15554:  2# C-->A
15555:  1# B-->A
15556:  3# C-->B
15557:  1# A-->C
15558:  2# A-->B
15559:  1# C-->B
15560:  4# C-->A
15561:  1# B-->A
15562:  2# B-->C
15563:  1# A-->C
15564:  3# B-->A
15565:  1# C-->B
15566:  2# C-->A
15567:  1# B-->A
15568:  5# C-->B
15569:  1# A-->C
15570:  2# A-->B
15571:  1# C-->B
15572:  3# A-->C
15573:  1# B-->A
15574:  2# B-->C
15575:  1# A-->C
15576:  4# A-->B
15577:  1# C-->B
15578:  2# C-->A
15579:  1# B-->A
15580:  3# C-->B
15581:  1# A-->C
15582:  2# A-->B
15583:  1# C-->B
15584:  6# C-->A
15585:  1# B-->A
15586:  2# B-->C
15587:  1# A-->C
15588:  3# B-->A
15589:  1# C-->B
15590:  2# C-->A
15591:  1# B-->A
15592:  4# B-->C
15593:  1# A-->C
15594:  2# A-->B
15595:  1# C-->B
15596:  3# A-->C
15597:  1# B-->A
15598:  2# B-->C
15599:  1# A-->C
15600:  5# B-->A
15601:  1# C-->B
15602:  2# C-->A
15603:  1# B-->A
15604:  3# C-->B
15605:  1# A-->C
15606:  2# A-->B
15607:  1# C-->B
15608:  4# C-->A
15609:  1# B-->A
15610:  2# B-->C
15611:  1# A-->C
15612:  3# B-->A
15613:  1# C-->B
15614:  2# C-->A
15615:  1# B-->A
15616:  9# C-->B
15617:  1# A-->C
15618:  2# A-->B
15619:  1# C-->B
15620:  3# A-->C
15621:  1# B-->A
15622:  2# B-->C
15623:  1# A-->C
15624:  4# A-->B
15625:  1# C-->B
15626:  2# C-->A
15627:  1# B-->A
15628:  3# C-->B
15629:  1# A-->C
15630:  2# A-->B
15631:  1# C-->B
15632:  5# A-->C
15633:  1# B-->A
15634:  2# B-->C
15635:  1# A-->C
15636:  3# B-->A
15637:  1# C-->B
15638:  2# C-->A
15639:  1# B-->A
15640:  4# B-->C
15641:  1# A-->C
15642:  2# A-->B
15643:  1# C-->B
15644:  3# A-->C
15645:  1# B-->A
15646:  2# B-->C
15647:  1# A-->C
15648:  6# A-->B
15649:  1# C-->B
15650:  2# C-->A
15651:  1# B-->A
15652:  3# C-->B
15653:  1# A-->C
15654:  2# A-->B
15655:  1# C-->B
15656:  4# C-->A
15657:  1# B-->A
15658:  2# B-->C
15659:  1# A-->C
15660:  3# B-->A
15661:  1# C-->B
15662:  2# C-->A
15663:  1# B-->A
15664:  5# C-->B
15665:  1# A-->C
15666:  2# A-->B
15667:  1# C-->B
15668:  3# A-->C
15669:  1# B-->A
15670:  2# B-->C
15671:  1# A-->C
15672:  4# A-->B
15673:  1# C-->B
15674:  2# C-->A
15675:  1# B-->A
15676:  3# C-->B
15677:  1# A-->C
15678:  2# A-->B
15679:  1# C-->B
15680:  7# A-->C
15681:  1# B-->A
15682:  2# B-->C
15683:  1# A-->C
15684:  3# B-->A
15685:  1# C-->B
15686:  2# C-->A
15687:  1# B-->A
15688:  4# B-->C
15689:  1# A-->C
15690:  2# A-->B
15691:  1# C-->B
15692:  3# A-->C
15693:  1# B-->A
15694:  2# B-->C
15695:  1# A-->C
15696:  5# B-->A
15697:  1# C-->B
15698:  2# C-->A
15699:  1# B-->A
15700:  3# C-->B
15701:  1# A-->C
15702:  2# A-->B
15703:  1# C-->B
15704:  4# C-->A
15705:  1# B-->A
15706:  2# B-->C
15707:  1# A-->C
15708:  3# B-->A
15709:  1# C-->B
15710:  2# C-->A
15711:  1# B-->A
15712:  6# B-->C
15713:  1# A-->C
15714:  2# A-->B
15715:  1# C-->B
15716:  3# A-->C
15717:  1# B-->A
15718:  2# B-->C
15719:  1# A-->C
15720:  4# A-->B
15721:  1# C-->B
15722:  2# C-->A
15723:  1# B-->A
15724:  3# C-->B
15725:  1# A-->C
15726:  2# A-->B
15727:  1# C-->B
15728:  5# A-->C
15729:  1# B-->A
15730:  2# B-->C
15731:  1# A-->C
15732:  3# B-->A
15733:  1# C-->B
15734:  2# C-->A
15735:  1# B-->A
15736:  4# B-->C
15737:  1# A-->C
15738:  2# A-->B
15739:  1# C-->B
15740:  3# A-->C
15741:  1# B-->A
15742:  2# B-->C
15743:  1# A-->C
15744:  8# A-->B
15745:  1# C-->B
15746:  2# C-->A
15747:  1# B-->A
15748:  3# C-->B
15749:  1# A-->C
15750:  2# A-->B
15751:  1# C-->B
15752:  4# C-->A
15753:  1# B-->A
15754:  2# B-->C
15755:  1# A-->C
15756:  3# B-->A
15757:  1# C-->B
15758:  2# C-->A
15759:  1# B-->A
15760:  5# C-->B
15761:  1# A-->C
15762:  2# A-->B
15763:  1# C-->B
15764:  3# A-->C
15765:  1# B-->A
15766:  2# B-->C
15767:  1# A-->C
15768:  4# A-->B
15769:  1# C-->B
15770:  2# C-->A
15771:  1# B-->A
15772:  3# C-->B
15773:  1# A-->C
15774:  2# A-->B
15775:  1# C-->B
15776:  6# C-->A
15777:  1# B-->A
15778:  2# B-->C
15779:  1# A-->C
15780:  3# B-->A
15781:  1# C-->B
15782:  2# C-->A
15783:  1# B-->A
15784:  4# B-->C
15785:  1# A-->C
15786:  2# A-->B
15787:  1# C-->B
15788:  3# A-->C
15789:  1# B-->A
15790:  2# B-->C
15791:  1# A-->C
15792:  5# B-->A
15793:  1# C-->B
15794:  2# C-->A
15795:  1# B-->A
15796:  3# C-->B
15797:  1# A-->C
15798:  2# A-->B
15799:  1# C-->B
15800:  4# C-->A
15801:  1# B-->A
15802:  2# B-->C
15803:  1# A-->C
15804:  3# B-->A
15805:  1# C-->B
15806:  2# C-->A
15807:  1# B-->A
15808:  7# C-->B
15809:  1# A-->C
15810:  2# A-->B
15811:  1# C-->B
15812:  3# A-->C
15813:  1# B-->A
15814:  2# B-->C
15815:  1# A-->C
15816:  4# A-->B
15817:  1# C-->B
15818:  2# C-->A
15819:  1# B-->A
15820:  3# C-->B
15821:  1# A-->C
15822:  2# A-->B
15823:  1# C-->B
15824:  5# A-->C
15825:  1# B-->A
15826:  2# B-->C
15827:  1# A-->C
15828:  3# B-->A
15829:  1# C-->B
15830:  2# C-->A
15831:  1# B-->A
15832:  4# B-->C
15833:  1# A-->C
15834:  2# A-->B
15835:  1# C-->B
15836:  3# A-->C
15837:  1# B-->A
15838:  2# B-->C
15839:  1# A-->C
15840:  6# A-->B
15841:  1# C-->B
15842:  2# C-->A
15843:  1# B-->A
15844:  3# C-->B
15845:  1# A-->C
15846:  2# A-->B
15847:  1# C-->B
15848:  4# C-->A
15849:  1# B-->A
15850:  2# B-->C
15851:  1# A-->C
15852:  3# B-->A
15853:  1# C-->B
15854:  2# C-->A
15855:  1# B-->A
15856:  5# C-->B
15857:  1# A-->C
15858:  2# A-->B
15859:  1# C-->B
15860:  3# A-->C
15861:  1# B-->A
15862:  2# B-->C
15863:  1# A-->C
15864:  4# A-->B
15865:  1# C-->B
15866:  2# C-->A
15867:  1# B-->A
15868:  3# C-->B
15869:  1# A-->C
15870:  2# A-->B
15871:  1# C-->B
15872: 10# C-->A
15873:  1# B-->A
15874:  2# B-->C
15875:  1# A-->C
15876:  3# B-->A
15877:  1# C-->B
15878:  2# C-->A
15879:  1# B-->A
15880:  4# B-->C
15881:  1# A-->C
15882:  2# A-->B
15883:  1# C-->B
15884:  3# A-->C
15885:  1# B-->A
15886:  2# B-->C
15887:  1# A-->C
15888:  5# B-->A
15889:  1# C-->B
15890:  2# C-->A
15891:  1# B-->A
15892:  3# C-->B
15893:  1# A-->C
15894:  2# A-->B
15895:  1# C-->B
15896:  4# C-->A
15897:  1# B-->A
15898:  2# B-->C
15899:  1# A-->C
15900:  3# B-->A
15901:  1# C-->B
15902:  2# C-->A
15903:  1# B-->A
15904:  6# B-->C
15905:  1# A-->C
15906:  2# A-->B
15907:  1# C-->B
15908:  3# A-->C
15909:  1# B-->A
15910:  2# B-->C
15911:  1# A-->C
15912:  4# A-->B
15913:  1# C-->B
15914:  2# C-->A
15915:  1# B-->A
15916:  3# C-->B
15917:  1# A-->C
15918:  2# A-->B
15919:  1# C-->B
15920:  5# A-->C
15921:  1# B-->A
15922:  2# B-->C
15923:  1# A-->C
15924:  3# B-->A
15925:  1# C-->B
15926:  2# C-->A
15927:  1# B-->A
15928:  4# B-->C
15929:  1# A-->C
15930:  2# A-->B
15931:  1# C-->B
15932:  3# A-->C
15933:  1# B-->A
15934:  2# B-->C
15935:  1# A-->C
15936:  7# B-->A
15937:  1# C-->B
15938:  2# C-->A
15939:  1# B-->A
15940:  3# C-->B
15941:  1# A-->C
15942:  2# A-->B
15943:  1# C-->B
15944:  4# C-->A
15945:  1# B-->A
15946:  2# B-->C
15947:  1# A-->C
15948:  3# B-->A
15949:  1# C-->B
15950:  2# C-->A
15951:  1# B-->A
15952:  5# C-->B
15953:  1# A-->C
15954:  2# A-->B
15955:  1# C-->B
15956:  3# A-->C
15957:  1# B-->A
15958:  2# B-->C
15959:  1# A-->C
15960:  4# A-->B
15961:  1# C-->B
15962:  2# C-->A
15963:  1# B-->A
15964:  3# C-->B
15965:  1# A-->C
15966:  2# A-->B
15967:  1# C-->B
15968:  6# C-->A
15969:  1# B-->A
15970:  2# B-->C
15971:  1# A-->C
15972:  3# B-->A
15973:  1# C-->B
15974:  2# C-->A
15975:  1# B-->A
15976:  4# B-->C
15977:  1# A-->C
15978:  2# A-->B
15979:  1# C-->B
15980:  3# A-->C
15981:  1# B-->A
15982:  2# B-->C
15983:  1# A-->C
15984:  5# B-->A
15985:  1# C-->B
15986:  2# C-->A
15987:  1# B-->A
15988:  3# C-->B
15989:  1# A-->C
15990:  2# A-->B
15991:  1# C-->B
15992:  4# C-->A
15993:  1# B-->A
15994:  2# B-->C
15995:  1# A-->C
15996:  3# B-->A
15997:  1# C-->B
15998:  2# C-->A
15999:  1# B-->A
16000:  8# B-->C
16001:  1# A-->C
16002:  2# A-->B
16003:  1# C-->B
16004:  3# A-->C
16005:  1# B-->A
16006:  2# B-->C
16007:  1# A-->C
16008:  4# A-->B
16009:  1# C-->B
16010:  2# C-->A
16011:  1# B-->A
16012:  3# C-->B
16013:  1# A-->C
16014:  2# A-->B
16015:  1# C-->B
16016:  5# A-->C
16017:  1# B-->A
16018:  2# B-->C
16019:  1# A-->C
16020:  3# B-->A
16021:  1# C-->B
16022:  2# C-->A
16023:  1# B-->A
16024:  4# B-->C
16025:  1# A-->C
16026:  2# A-->B
16027:  1# C-->B
16028:  3# A-->C
16029:  1# B-->A
16030:  2# B-->C
16031:  1# A-->C
16032:  6# A-->B
16033:  1# C-->B
16034:  2# C-->A
16035:  1# B-->A
16036:  3# C-->B
16037:  1# A-->C
16038:  2# A-->B
16039:  1# C-->B
16040:  4# C-->A
16041:  1# B-->A
16042:  2# B-->C
16043:  1# A-->C
16044:  3# B-->A
16045:  1# C-->B
16046:  2# C-->A
16047:  1# B-->A
16048:  5# C-->B
16049:  1# A-->C
16050:  2# A-->B
16051:  1# C-->B
16052:  3# A-->C
16053:  1# B-->A
16054:  2# B-->C
16055:  1# A-->C
16056:  4# A-->B
16057:  1# C-->B
16058:  2# C-->A
16059:  1# B-->A
16060:  3# C-->B
16061:  1# A-->C
16062:  2# A-->B
16063:  1# C-->B
16064:  7# A-->C
16065:  1# B-->A
16066:  2# B-->C
16067:  1# A-->C
16068:  3# B-->A
16069:  1# C-->B
16070:  2# C-->A
16071:  1# B-->A
16072:  4# B-->C
16073:  1# A-->C
16074:  2# A-->B
16075:  1# C-->B
16076:  3# A-->C
16077:  1# B-->A
16078:  2# B-->C
16079:  1# A-->C
16080:  5# B-->A
16081:  1# C-->B
16082:  2# C-->A
16083:  1# B-->A
16084:  3# C-->B
16085:  1# A-->C
16086:  2# A-->B
16087:  1# C-->B
16088:  4# C-->A
16089:  1# B-->A
16090:  2# B-->C
16091:  1# A-->C
16092:  3# B-->A
16093:  1# C-->B
16094:  2# C-->A
16095:  1# B-->A
16096:  6# B-->C
16097:  1# A-->C
16098:  2# A-->B
16099:  1# C-->B
16100:  3# A-->C
16101:  1# B-->A
16102:  2# B-->C
16103:  1# A-->C
16104:  4# A-->B
16105:  1# C-->B
16106:  2# C-->A
16107:  1# B-->A
16108:  3# C-->B
16109:  1# A-->C
16110:  2# A-->B
16111:  1# C-->B
16112:  5# A-->C
16113:  1# B-->A
16114:  2# B-->C
16115:  1# A-->C
16116:  3# B-->A
16117:  1# C-->B
16118:  2# C-->A
16119:  1# B-->A
16120:  4# B-->C
16121:  1# A-->C
16122:  2# A-->B
16123:  1# C-->B
16124:  3# A-->C
16125:  1# B-->A
16126:  2# B-->C
16127:  1# A-->C
16128:  9# B-->A
16129:  1# C-->B
16130:  2# C-->A
16131:  1# B-->A
16132:  3# C-->B
16133:  1# A-->C
16134:  2# A-->B
16135:  1# C-->B
16136:  4# C-->A
16137:  1# B-->A
16138:  2# B-->C
16139:  1# A-->C
16140:  3# B-->A
16141:  1# C-->B
16142:  2# C-->A
16143:  1# B-->A
16144:  5# C-->B
16145:  1# A-->C
16146:  2# A-->B
16147:  1# C-->B
16148:  3# A-->C
16149:  1# B-->A
16150:  2# B-->C
16151:  1# A-->C
16152:  4# A-->B
16153:  1# C-->B
16154:  2# C-->A
16155:  1# B-->A
16156:  3# C-->B
16157:  1# A-->C
16158:  2# A-->B
16159:  1# C-->B
16160:  6# C-->A
16161:  1# B-->A
16162:  2# B-->C
16163:  1# A-->C
16164:  3# B-->A
16165:  1# C-->B
16166:  2# C-->A
16167:  1# B-->A
16168:  4# B-->C
16169:  1# A-->C
16170:  2# A-->B
16171:  1# C-->B
16172:  3# A-->C
16173:  1# B-->A
16174:  2# B-->C
16175:  1# A-->C
16176:  5# B-->A
16177:  1# C-->B
16178:  2# C-->A
16179:  1# B-->A
16180:  3# C-->B
16181:  1# A-->C
16182:  2# A-->B
16183:  1# C-->B
16184:  4# C-->A
16185:  1# B-->A
16186:  2# B-->C
16187:  1# A-->C
16188:  3# B-->A
16189:  1# C-->B
16190:  2# C-->A
16191:  1# B-->A
16192:  7# C-->B
16193:  1# A-->C
16194:  2# A-->B
16195:  1# C-->B
16196:  3# A-->C
16197:  1# B-->A
16198:  2# B-->C
16199:  1# A-->C
16200:  4# A-->B
16201:  1# C-->B
16202:  2# C-->A
16203:  1# B-->A
16204:  3# C-->B
16205:  1# A-->C
16206:  2# A-->B
16207:  1# C-->B
16208:  5# A-->C
16209:  1# B-->A
16210:  2# B-->C
16211:  1# A-->C
16212:  3# B-->A
16213:  1# C-->B
16214:  2# C-->A
16215:  1# B-->A
16216:  4# B-->C
16217:  1# A-->C
16218:  2# A-->B
16219:  1# C-->B
16220:  3# A-->C
16221:  1# B-->A
16222:  2# B-->C
16223:  1# A-->C
16224:  6# A-->B
16225:  1# C-->B
16226:  2# C-->A
16227:  1# B-->A
16228:  3# C-->B
16229:  1# A-->C
16230:  2# A-->B
16231:  1# C-->B
16232:  4# C-->A
16233:  1# B-->A
16234:  2# B-->C
16235:  1# A-->C
16236:  3# B-->A
16237:  1# C-->B
16238:  2# C-->A
16239:  1# B-->A
16240:  5# C-->B
16241:  1# A-->C
16242:  2# A-->B
16243:  1# C-->B
16244:  3# A-->C
16245:  1# B-->A
16246:  2# B-->C
16247:  1# A-->C
16248:  4# A-->B
16249:  1# C-->B
16250:  2# C-->A
16251:  1# B-->A
16252:  3# C-->B
16253:  1# A-->C
16254:  2# A-->B
16255:  1# C-->B
16256:  8# C-->A
16257:  1# B-->A
16258:  2# B-->C
16259:  1# A-->C
16260:  3# B-->A
16261:  1# C-->B
16262:  2# C-->A
16263:  1# B-->A
16264:  4# B-->C
16265:  1# A-->C
16266:  2# A-->B
16267:  1# C-->B
16268:  3# A-->C
16269:  1# B-->A
16270:  2# B-->C
16271:  1# A-->C
16272:  5# B-->A
16273:  1# C-->B
16274:  2# C-->A
16275:  1# B-->A
16276:  3# C-->B
16277:  1# A-->C
16278:  2# A-->B
16279:  1# C-->B
16280:  4# C-->A
16281:  1# B-->A
16282:  2# B-->C
16283:  1# A-->C
16284:  3# B-->A
16285:  1# C-->B
16286:  2# C-->A
16287:  1# B-->A
16288:  6# B-->C
16289:  1# A-->C
16290:  2# A-->B
16291:  1# C-->B
16292:  3# A-->C
16293:  1# B-->A
16294:  2# B-->C
16295:  1# A-->C
16296:  4# A-->B
16297:  1# C-->B
16298:  2# C-->A
16299:  1# B-->A
16300:  3# C-->B
16301:  1# A-->C
16302:  2# A-->B
16303:  1# C-->B
16304:  5# A-->C
16305:  1# B-->A
16306:  2# B-->C
16307:  1# A-->C
16308:  3# B-->A
16309:  1# C-->B
16310:  2# C-->A
16311:  1# B-->A
16312:  4# B-->C
16313:  1# A-->C
16314:  2# A-->B
16315:  1# C-->B
16316:  3# A-->C
16317:  1# B-->A
16318:  2# B-->C
16319:  1# A-->C
16320:  7# B-->A
16321:  1# C-->B
16322:  2# C-->A
16323:  1# B-->A
16324:  3# C-->B
16325:  1# A-->C
16326:  2# A-->B
16327:  1# C-->B
16328:  4# C-->A
16329:  1# B-->A
16330:  2# B-->C
16331:  1# A-->C
16332:  3# B-->A
16333:  1# C-->B
16334:  2# C-->A
16335:  1# B-->A
16336:  5# C-->B
16337:  1# A-->C
16338:  2# A-->B
16339:  1# C-->B
16340:  3# A-->C
16341:  1# B-->A
16342:  2# B-->C
16343:  1# A-->C
16344:  4# A-->B
16345:  1# C-->B
16346:  2# C-->A
16347:  1# B-->A
16348:  3# C-->B
16349:  1# A-->C
16350:  2# A-->B
16351:  1# C-->B
16352:  6# C-->A
16353:  1# B-->A
16354:  2# B-->C
16355:  1# A-->C
16356:  3# B-->A
16357:  1# C-->B
16358:  2# C-->A
16359:  1# B-->A
16360:  4# B-->C
16361:  1# A-->C
16362:  2# A-->B
16363:  1# C-->B
16364:  3# A-->C
16365:  1# B-->A
16366:  2# B-->C
16367:  1# A-->C
16368:  5# B-->A
16369:  1# C-->B
16370:  2# C-->A
16371:  1# B-->A
16372:  3# C-->B
16373:  1# A-->C
16374:  2# A-->B
16375:  1# C-->B
16376:  4# C-->A
16377:  1# B-->A
16378:  2# B-->C
16379:  1# A-->C
16380:  3# B-->A
16381:  1# C-->B
16382:  2# C-->A
16383:  1# B-->A
16384: 15# C-->B
16385:  1# A-->C
16386:  2# A-->B
16387:  1# C-->B
16388:  3# A-->C
16389:  1# B-->A
16390:  2# B-->C
16391:  1# A-->C
16392:  4# A-->B
16393:  1# C-->B
16394:  2# C-->A
16395:  1# B-->A
16396:  3# C-->B
16397:  1# A-->C
16398:  2# A-->B
16399:  1# C-->B
16400:  5# A-->C
16401:  1# B-->A
16402:  2# B-->C
16403:  1# A-->C
16404:  3# B-->A
16405:  1# C-->B
16406:  2# C-->A
16407:  1# B-->A
16408:  4# B-->C
16409:  1# A-->C
16410:  2# A-->B
16411:  1# C-->B
16412:  3# A-->C
16413:  1# B-->A
16414:  2# B-->C
16415:  1# A-->C
16416:  6# A-->B
16417:  1# C-->B
16418:  2# C-->A
16419:  1# B-->A
16420:  3# C-->B
16421:  1# A-->C
16422:  2# A-->B
16423:  1# C-->B
16424:  4# C-->A
16425:  1# B-->A
16426:  2# B-->C
16427:  1# A-->C
16428:  3# B-->A
16429:  1# C-->B
16430:  2# C-->A
16431:  1# B-->A
16432:  5# C-->B
16433:  1# A-->C
16434:  2# A-->B
16435:  1# C-->B
16436:  3# A-->C
16437:  1# B-->A
16438:  2# B-->C
16439:  1# A-->C
16440:  4# A-->B
16441:  1# C-->B
16442:  2# C-->A
16443:  1# B-->A
16444:  3# C-->B
16445:  1# A-->C
16446:  2# A-->B
16447:  1# C-->B
16448:  7# A-->C
16449:  1# B-->A
16450:  2# B-->C
16451:  1# A-->C
16452:  3# B-->A
16453:  1# C-->B
16454:  2# C-->A
16455:  1# B-->A
16456:  4# B-->C
16457:  1# A-->C
16458:  2# A-->B
16459:  1# C-->B
16460:  3# A-->C
16461:  1# B-->A
16462:  2# B-->C
16463:  1# A-->C
16464:  5# B-->A
16465:  1# C-->B
16466:  2# C-->A
16467:  1# B-->A
16468:  3# C-->B
16469:  1# A-->C
16470:  2# A-->B
16471:  1# C-->B
16472:  4# C-->A
16473:  1# B-->A
16474:  2# B-->C
16475:  1# A-->C
16476:  3# B-->A
16477:  1# C-->B
16478:  2# C-->A
16479:  1# B-->A
16480:  6# B-->C
16481:  1# A-->C
16482:  2# A-->B
16483:  1# C-->B
16484:  3# A-->C
16485:  1# B-->A
16486:  2# B-->C
16487:  1# A-->C
16488:  4# A-->B
16489:  1# C-->B
16490:  2# C-->A
16491:  1# B-->A
16492:  3# C-->B
16493:  1# A-->C
16494:  2# A-->B
16495:  1# C-->B
16496:  5# A-->C
16497:  1# B-->A
16498:  2# B-->C
16499:  1# A-->C
16500:  3# B-->A
16501:  1# C-->B
16502:  2# C-->A
16503:  1# B-->A
16504:  4# B-->C
16505:  1# A-->C
16506:  2# A-->B
16507:  1# C-->B
16508:  3# A-->C
16509:  1# B-->A
16510:  2# B-->C
16511:  1# A-->C
16512:  8# A-->B
16513:  1# C-->B
16514:  2# C-->A
16515:  1# B-->A
16516:  3# C-->B
16517:  1# A-->C
16518:  2# A-->B
16519:  1# C-->B
16520:  4# C-->A
16521:  1# B-->A
16522:  2# B-->C
16523:  1# A-->C
16524:  3# B-->A
16525:  1# C-->B
16526:  2# C-->A
16527:  1# B-->A
16528:  5# C-->B
16529:  1# A-->C
16530:  2# A-->B
16531:  1# C-->B
16532:  3# A-->C
16533:  1# B-->A
16534:  2# B-->C
16535:  1# A-->C
16536:  4# A-->B
16537:  1# C-->B
16538:  2# C-->A
16539:  1# B-->A
16540:  3# C-->B
16541:  1# A-->C
16542:  2# A-->B
16543:  1# C-->B
16544:  6# C-->A
16545:  1# B-->A
16546:  2# B-->C
16547:  1# A-->C
16548:  3# B-->A
16549:  1# C-->B
16550:  2# C-->A
16551:  1# B-->A
16552:  4# B-->C
16553:  1# A-->C
16554:  2# A-->B
16555:  1# C-->B
16556:  3# A-->C
16557:  1# B-->A
16558:  2# B-->C
16559:  1# A-->C
16560:  5# B-->A
16561:  1# C-->B
16562:  2# C-->A
16563:  1# B-->A
16564:  3# C-->B
16565:  1# A-->C
16566:  2# A-->B
16567:  1# C-->B
16568:  4# C-->A
16569:  1# B-->A
16570:  2# B-->C
16571:  1# A-->C
16572:  3# B-->A
16573:  1# C-->B
16574:  2# C-->A
16575:  1# B-->A
16576:  7# C-->B
16577:  1# A-->C
16578:  2# A-->B
16579:  1# C-->B
16580:  3# A-->C
16581:  1# B-->A
16582:  2# B-->C
16583:  1# A-->C
16584:  4# A-->B
16585:  1# C-->B
16586:  2# C-->A
16587:  1# B-->A
16588:  3# C-->B
16589:  1# A-->C
16590:  2# A-->B
16591:  1# C-->B
16592:  5# A-->C
16593:  1# B-->A
16594:  2# B-->C
16595:  1# A-->C
16596:  3# B-->A
16597:  1# C-->B
16598:  2# C-->A
16599:  1# B-->A
16600:  4# B-->C
16601:  1# A-->C
16602:  2# A-->B
16603:  1# C-->B
16604:  3# A-->C
16605:  1# B-->A
16606:  2# B-->C
16607:  1# A-->C
16608:  6# A-->B
16609:  1# C-->B
16610:  2# C-->A
16611:  1# B-->A
16612:  3# C-->B
16613:  1# A-->C
16614:  2# A-->B
16615:  1# C-->B
16616:  4# C-->A
16617:  1# B-->A
16618:  2# B-->C
16619:  1# A-->C
16620:  3# B-->A
16621:  1# C-->B
16622:  2# C-->A
16623:  1# B-->A
16624:  5# C-->B
16625:  1# A-->C
16626:  2# A-->B
16627:  1# C-->B
16628:  3# A-->C
16629:  1# B-->A
16630:  2# B-->C
16631:  1# A-->C
16632:  4# A-->B
16633:  1# C-->B
16634:  2# C-->A
16635:  1# B-->A
16636:  3# C-->B
16637:  1# A-->C
16638:  2# A-->B
16639:  1# C-->B
16640:  9# A-->C
16641:  1# B-->A
16642:  2# B-->C
16643:  1# A-->C
16644:  3# B-->A
16645:  1# C-->B
16646:  2# C-->A
16647:  1# B-->A
16648:  4# B-->C
16649:  1# A-->C
16650:  2# A-->B
16651:  1# C-->B
16652:  3# A-->C
16653:  1# B-->A
16654:  2# B-->C
16655:  1# A-->C
16656:  5# B-->A
16657:  1# C-->B
16658:  2# C-->A
16659:  1# B-->A
16660:  3# C-->B
16661:  1# A-->C
16662:  2# A-->B
16663:  1# C-->B
16664:  4# C-->A
16665:  1# B-->A
16666:  2# B-->C
16667:  1# A-->C
16668:  3# B-->A
16669:  1# C-->B
16670:  2# C-->A
16671:  1# B-->A
16672:  6# B-->C
16673:  1# A-->C
16674:  2# A-->B
16675:  1# C-->B
16676:  3# A-->C
16677:  1# B-->A
16678:  2# B-->C
16679:  1# A-->C
16680:  4# A-->B
16681:  1# C-->B
16682:  2# C-->A
16683:  1# B-->A
16684:  3# C-->B
16685:  1# A-->C
16686:  2# A-->B
16687:  1# C-->B
16688:  5# A-->C
16689:  1# B-->A
16690:  2# B-->C
16691:  1# A-->C
16692:  3# B-->A
16693:  1# C-->B
16694:  2# C-->A
16695:  1# B-->A
16696:  4# B-->C
16697:  1# A-->C
16698:  2# A-->B
16699:  1# C-->B
16700:  3# A-->C
16701:  1# B-->A
16702:  2# B-->C
16703:  1# A-->C
16704:  7# B-->A
16705:  1# C-->B
16706:  2# C-->A
16707:  1# B-->A
16708:  3# C-->B
16709:  1# A-->C
16710:  2# A-->B
16711:  1# C-->B
16712:  4# C-->A
16713:  1# B-->A
16714:  2# B-->C
16715:  1# A-->C
16716:  3# B-->A
16717:  1# C-->B
16718:  2# C-->A
16719:  1# B-->A
16720:  5# C-->B
16721:  1# A-->C
16722:  2# A-->B
16723:  1# C-->B
16724:  3# A-->C
16725:  1# B-->A
16726:  2# B-->C
16727:  1# A-->C
16728:  4# A-->B
16729:  1# C-->B
16730:  2# C-->A
16731:  1# B-->A
16732:  3# C-->B
16733:  1# A-->C
16734:  2# A-->B
16735:  1# C-->B
16736:  6# C-->A
16737:  1# B-->A
16738:  2# B-->C
16739:  1# A-->C
16740:  3# B-->A
16741:  1# C-->B
16742:  2# C-->A
16743:  1# B-->A
16744:  4# B-->C
16745:  1# A-->C
16746:  2# A-->B
16747:  1# C-->B
16748:  3# A-->C
16749:  1# B-->A
16750:  2# B-->C
16751:  1# A-->C
16752:  5# B-->A
16753:  1# C-->B
16754:  2# C-->A
16755:  1# B-->A
16756:  3# C-->B
16757:  1# A-->C
16758:  2# A-->B
16759:  1# C-->B
16760:  4# C-->A
16761:  1# B-->A
16762:  2# B-->C
16763:  1# A-->C
16764:  3# B-->A
16765:  1# C-->B
16766:  2# C-->A
16767:  1# B-->A
16768:  8# B-->C
16769:  1# A-->C
16770:  2# A-->B
16771:  1# C-->B
16772:  3# A-->C
16773:  1# B-->A
16774:  2# B-->C
16775:  1# A-->C
16776:  4# A-->B
16777:  1# C-->B
16778:  2# C-->A
16779:  1# B-->A
16780:  3# C-->B
16781:  1# A-->C
16782:  2# A-->B
16783:  1# C-->B
16784:  5# A-->C
16785:  1# B-->A
16786:  2# B-->C
16787:  1# A-->C
16788:  3# B-->A
16789:  1# C-->B
16790:  2# C-->A
16791:  1# B-->A
16792:  4# B-->C
16793:  1# A-->C
16794:  2# A-->B
16795:  1# C-->B
16796:  3# A-->C
16797:  1# B-->A
16798:  2# B-->C
16799:  1# A-->C
16800:  6# A-->B
16801:  1# C-->B
16802:  2# C-->A
16803:  1# B-->A
16804:  3# C-->B
16805:  1# A-->C
16806:  2# A-->B
16807:  1# C-->B
16808:  4# C-->A
16809:  1# B-->A
16810:  2# B-->C
16811:  1# A-->C
16812:  3# B-->A
16813:  1# C-->B
16814:  2# C-->A
16815:  1# B-->A
16816:  5# C-->B
16817:  1# A-->C
16818:  2# A-->B
16819:  1# C-->B
16820:  3# A-->C
16821:  1# B-->A
16822:  2# B-->C
16823:  1# A-->C
16824:  4# A-->B
16825:  1# C-->B
16826:  2# C-->A
16827:  1# B-->A
16828:  3# C-->B
16829:  1# A-->C
16830:  2# A-->B
16831:  1# C-->B
16832:  7# A-->C
16833:  1# B-->A
16834:  2# B-->C
16835:  1# A-->C
16836:  3# B-->A
16837:  1# C-->B
16838:  2# C-->A
16839:  1# B-->A
16840:  4# B-->C
16841:  1# A-->C
16842:  2# A-->B
16843:  1# C-->B
16844:  3# A-->C
16845:  1# B-->A
16846:  2# B-->C
16847:  1# A-->C
16848:  5# B-->A
16849:  1# C-->B
16850:  2# C-->A
16851:  1# B-->A
16852:  3# C-->B
16853:  1# A-->C
16854:  2# A-->B
16855:  1# C-->B
16856:  4# C-->A
16857:  1# B-->A
16858:  2# B-->C
16859:  1# A-->C
16860:  3# B-->A
16861:  1# C-->B
16862:  2# C-->A
16863:  1# B-->A
16864:  6# B-->C
16865:  1# A-->C
16866:  2# A-->B
16867:  1# C-->B
16868:  3# A-->C
16869:  1# B-->A
16870:  2# B-->C
16871:  1# A-->C
16872:  4# A-->B
16873:  1# C-->B
16874:  2# C-->A
16875:  1# B-->A
16876:  3# C-->B
16877:  1# A-->C
16878:  2# A-->B
16879:  1# C-->B
16880:  5# A-->C
16881:  1# B-->A
16882:  2# B-->C
16883:  1# A-->C
16884:  3# B-->A
16885:  1# C-->B
16886:  2# C-->A
16887:  1# B-->A
16888:  4# B-->C
16889:  1# A-->C
16890:  2# A-->B
16891:  1# C-->B
16892:  3# A-->C
16893:  1# B-->A
16894:  2# B-->C
16895:  1# A-->C
16896: 10# A-->B
16897:  1# C-->B
16898:  2# C-->A
16899:  1# B-->A
16900:  3# C-->B
16901:  1# A-->C
16902:  2# A-->B
16903:  1# C-->B
16904:  4# C-->A
16905:  1# B-->A
16906:  2# B-->C
16907:  1# A-->C
16908:  3# B-->A
16909:  1# C-->B
16910:  2# C-->A
16911:  1# B-->A
16912:  5# C-->B
16913:  1# A-->C
16914:  2# A-->B
16915:  1# C-->B
16916:  3# A-->C
16917:  1# B-->A
16918:  2# B-->C
16919:  1# A-->C
16920:  4# A-->B
16921:  1# C-->B
16922:  2# C-->A
16923:  1# B-->A
16924:  3# C-->B
16925:  1# A-->C
16926:  2# A-->B
16927:  1# C-->B
16928:  6# C-->A
16929:  1# B-->A
16930:  2# B-->C
16931:  1# A-->C
16932:  3# B-->A
16933:  1# C-->B
16934:  2# C-->A
16935:  1# B-->A
16936:  4# B-->C
16937:  1# A-->C
16938:  2# A-->B
16939:  1# C-->B
16940:  3# A-->C
16941:  1# B-->A
16942:  2# B-->C
16943:  1# A-->C
16944:  5# B-->A
16945:  1# C-->B
16946:  2# C-->A
16947:  1# B-->A
16948:  3# C-->B
16949:  1# A-->C
16950:  2# A-->B
16951:  1# C-->B
16952:  4# C-->A
16953:  1# B-->A
16954:  2# B-->C
16955:  1# A-->C
16956:  3# B-->A
16957:  1# C-->B
16958:  2# C-->A
16959:  1# B-->A
16960:  7# C-->B
16961:  1# A-->C
16962:  2# A-->B
16963:  1# C-->B
16964:  3# A-->C
16965:  1# B-->A
16966:  2# B-->C
16967:  1# A-->C
16968:  4# A-->B
16969:  1# C-->B
16970:  2# C-->A
16971:  1# B-->A
16972:  3# C-->B
16973:  1# A-->C
16974:  2# A-->B
16975:  1# C-->B
16976:  5# A-->C
16977:  1# B-->A
16978:  2# B-->C
16979:  1# A-->C
16980:  3# B-->A
16981:  1# C-->B
16982:  2# C-->A
16983:  1# B-->A
16984:  4# B-->C
16985:  1# A-->C
16986:  2# A-->B
16987:  1# C-->B
16988:  3# A-->C
16989:  1# B-->A
16990:  2# B-->C
16991:  1# A-->C
16992:  6# A-->B
16993:  1# C-->B
16994:  2# C-->A
16995:  1# B-->A
16996:  3# C-->B
16997:  1# A-->C
16998:  2# A-->B
16999:  1# C-->B
17000:  4# C-->A
17001:  1# B-->A
17002:  2# B-->C
17003:  1# A-->C
17004:  3# B-->A
17005:  1# C-->B
17006:  2# C-->A
17007:  1# B-->A
17008:  5# C-->B
17009:  1# A-->C
17010:  2# A-->B
17011:  1# C-->B
17012:  3# A-->C
17013:  1# B-->A
17014:  2# B-->C
17015:  1# A-->C
17016:  4# A-->B
17017:  1# C-->B
17018:  2# C-->A
17019:  1# B-->A
17020:  3# C-->B
17021:  1# A-->C
17022:  2# A-->B
17023:  1# C-->B
17024:  8# C-->A
17025:  1# B-->A
17026:  2# B-->C
17027:  1# A-->C
17028:  3# B-->A
17029:  1# C-->B
17030:  2# C-->A
17031:  1# B-->A
17032:  4# B-->C
17033:  1# A-->C
17034:  2# A-->B
17035:  1# C-->B
17036:  3# A-->C
17037:  1# B-->A
17038:  2# B-->C
17039:  1# A-->C
17040:  5# B-->A
17041:  1# C-->B
17042:  2# C-->A
17043:  1# B-->A
17044:  3# C-->B
17045:  1# A-->C
17046:  2# A-->B
17047:  1# C-->B
17048:  4# C-->A
17049:  1# B-->A
17050:  2# B-->C
17051:  1# A-->C
17052:  3# B-->A
17053:  1# C-->B
17054:  2# C-->A
17055:  1# B-->A
17056:  6# B-->C
17057:  1# A-->C
17058:  2# A-->B
17059:  1# C-->B
17060:  3# A-->C
17061:  1# B-->A
17062:  2# B-->C
17063:  1# A-->C
17064:  4# A-->B
17065:  1# C-->B
17066:  2# C-->A
17067:  1# B-->A
17068:  3# C-->B
17069:  1# A-->C
17070:  2# A-->B
17071:  1# C-->B
17072:  5# A-->C
17073:  1# B-->A
17074:  2# B-->C
17075:  1# A-->C
17076:  3# B-->A
17077:  1# C-->B
17078:  2# C-->A
17079:  1# B-->A
17080:  4# B-->C
17081:  1# A-->C
17082:  2# A-->B
17083:  1# C-->B
17084:  3# A-->C
17085:  1# B-->A
17086:  2# B-->C
17087:  1# A-->C
17088:  7# B-->A
17089:  1# C-->B
17090:  2# C-->A
17091:  1# B-->A
17092:  3# C-->B
17093:  1# A-->C
17094:  2# A-->B
17095:  1# C-->B
17096:  4# C-->A
17097:  1# B-->A
17098:  2# B-->C
17099:  1# A-->C
17100:  3# B-->A
17101:  1# C-->B
17102:  2# C-->A
17103:  1# B-->A
17104:  5# C-->B
17105:  1# A-->C
17106:  2# A-->B
17107:  1# C-->B
17108:  3# A-->C
17109:  1# B-->A
17110:  2# B-->C
17111:  1# A-->C
17112:  4# A-->B
17113:  1# C-->B
17114:  2# C-->A
17115:  1# B-->A
17116:  3# C-->B
17117:  1# A-->C
17118:  2# A-->B
17119:  1# C-->B
17120:  6# C-->A
17121:  1# B-->A
17122:  2# B-->C
17123:  1# A-->C
17124:  3# B-->A
17125:  1# C-->B
17126:  2# C-->A
17127:  1# B-->A
17128:  4# B-->C
17129:  1# A-->C
17130:  2# A-->B
17131:  1# C-->B
17132:  3# A-->C
17133:  1# B-->A
17134:  2# B-->C
17135:  1# A-->C
17136:  5# B-->A
17137:  1# C-->B
17138:  2# C-->A
17139:  1# B-->A
17140:  3# C-->B
17141:  1# A-->C
17142:  2# A-->B
17143:  1# C-->B
17144:  4# C-->A
17145:  1# B-->A
17146:  2# B-->C
17147:  1# A-->C
17148:  3# B-->A
17149:  1# C-->B
17150:  2# C-->A
17151:  1# B-->A
17152:  9# C-->B
17153:  1# A-->C
17154:  2# A-->B
17155:  1# C-->B
17156:  3# A-->C
17157:  1# B-->A
17158:  2# B-->C
17159:  1# A-->C
17160:  4# A-->B
17161:  1# C-->B
17162:  2# C-->A
17163:  1# B-->A
17164:  3# C-->B
17165:  1# A-->C
17166:  2# A-->B
17167:  1# C-->B
17168:  5# A-->C
17169:  1# B-->A
17170:  2# B-->C
17171:  1# A-->C
17172:  3# B-->A
17173:  1# C-->B
17174:  2# C-->A
17175:  1# B-->A
17176:  4# B-->C
17177:  1# A-->C
17178:  2# A-->B
17179:  1# C-->B
17180:  3# A-->C
17181:  1# B-->A
17182:  2# B-->C
17183:  1# A-->C
17184:  6# A-->B
17185:  1# C-->B
17186:  2# C-->A
17187:  1# B-->A
17188:  3# C-->B
17189:  1# A-->C
17190:  2# A-->B
17191:  1# C-->B
17192:  4# C-->A
17193:  1# B-->A
17194:  2# B-->C
17195:  1# A-->C
17196:  3# B-->A
17197:  1# C-->B
17198:  2# C-->A
17199:  1# B-->A
17200:  5# C-->B
17201:  1# A-->C
17202:  2# A-->B
17203:  1# C-->B
17204:  3# A-->C
17205:  1# B-->A
17206:  2# B-->C
17207:  1# A-->C
17208:  4# A-->B
17209:  1# C-->B
17210:  2# C-->A
17211:  1# B-->A
17212:  3# C-->B
17213:  1# A-->C
17214:  2# A-->B
17215:  1# C-->B
17216:  7# A-->C
17217:  1# B-->A
17218:  2# B-->C
17219:  1# A-->C
17220:  3# B-->A
17221:  1# C-->B
17222:  2# C-->A
17223:  1# B-->A
17224:  4# B-->C
17225:  1# A-->C
17226:  2# A-->B
17227:  1# C-->B
17228:  3# A-->C
17229:  1# B-->A
17230:  2# B-->C
17231:  1# A-->C
17232:  5# B-->A
17233:  1# C-->B
17234:  2# C-->A
17235:  1# B-->A
17236:  3# C-->B
17237:  1# A-->C
17238:  2# A-->B
17239:  1# C-->B
17240:  4# C-->A
17241:  1# B-->A
17242:  2# B-->C
17243:  1# A-->C
17244:  3# B-->A
17245:  1# C-->B
17246:  2# C-->A
17247:  1# B-->A
17248:  6# B-->C
17249:  1# A-->C
17250:  2# A-->B
17251:  1# C-->B
17252:  3# A-->C
17253:  1# B-->A
17254:  2# B-->C
17255:  1# A-->C
17256:  4# A-->B
17257:  1# C-->B
17258:  2# C-->A
17259:  1# B-->A
17260:  3# C-->B
17261:  1# A-->C
17262:  2# A-->B
17263:  1# C-->B
17264:  5# A-->C
17265:  1# B-->A
17266:  2# B-->C
17267:  1# A-->C
17268:  3# B-->A
17269:  1# C-->B
17270:  2# C-->A
17271:  1# B-->A
17272:  4# B-->C
17273:  1# A-->C
17274:  2# A-->B
17275:  1# C-->B
17276:  3# A-->C
17277:  1# B-->A
17278:  2# B-->C
17279:  1# A-->C
17280:  8# A-->B
17281:  1# C-->B
17282:  2# C-->A
17283:  1# B-->A
17284:  3# C-->B
17285:  1# A-->C
17286:  2# A-->B
17287:  1# C-->B
17288:  4# C-->A
17289:  1# B-->A
17290:  2# B-->C
17291:  1# A-->C
17292:  3# B-->A
17293:  1# C-->B
17294:  2# C-->A
17295:  1# B-->A
17296:  5# C-->B
17297:  1# A-->C
17298:  2# A-->B
17299:  1# C-->B
17300:  3# A-->C
17301:  1# B-->A
17302:  2# B-->C
17303:  1# A-->C
17304:  4# A-->B
17305:  1# C-->B
17306:  2# C-->A
17307:  1# B-->A
17308:  3# C-->B
17309:  1# A-->C
17310:  2# A-->B
17311:  1# C-->B
17312:  6# C-->A
17313:  1# B-->A
17314:  2# B-->C
17315:  1# A-->C
17316:  3# B-->A
17317:  1# C-->B
17318:  2# C-->A
17319:  1# B-->A
17320:  4# B-->C
17321:  1# A-->C
17322:  2# A-->B
17323:  1# C-->B
17324:  3# A-->C
17325:  1# B-->A
17326:  2# B-->C
17327:  1# A-->C
17328:  5# B-->A
17329:  1# C-->B
17330:  2# C-->A
17331:  1# B-->A
17332:  3# C-->B
17333:  1# A-->C
17334:  2# A-->B
17335:  1# C-->B
17336:  4# C-->A
17337:  1# B-->A
17338:  2# B-->C
17339:  1# A-->C
17340:  3# B-->A
17341:  1# C-->B
17342:  2# C-->A
17343:  1# B-->A
17344:  7# C-->B
17345:  1# A-->C
17346:  2# A-->B
17347:  1# C-->B
17348:  3# A-->C
17349:  1# B-->A
17350:  2# B-->C
17351:  1# A-->C
17352:  4# A-->B
17353:  1# C-->B
17354:  2# C-->A
17355:  1# B-->A
17356:  3# C-->B
17357:  1# A-->C
17358:  2# A-->B
17359:  1# C-->B
17360:  5# A-->C
17361:  1# B-->A
17362:  2# B-->C
17363:  1# A-->C
17364:  3# B-->A
17365:  1# C-->B
17366:  2# C-->A
17367:  1# B-->A
17368:  4# B-->C
17369:  1# A-->C
17370:  2# A-->B
17371:  1# C-->B
17372:  3# A-->C
17373:  1# B-->A
17374:  2# B-->C
17375:  1# A-->C
17376:  6# A-->B
17377:  1# C-->B
17378:  2# C-->A
17379:  1# B-->A
17380:  3# C-->B
17381:  1# A-->C
17382:  2# A-->B
17383:  1# C-->B
17384:  4# C-->A
17385:  1# B-->A
17386:  2# B-->C
17387:  1# A-->C
17388:  3# B-->A
17389:  1# C-->B
17390:  2# C-->A
17391:  1# B-->A
17392:  5# C-->B
17393:  1# A-->C
17394:  2# A-->B
17395:  1# C-->B
17396:  3# A-->C
17397:  1# B-->A
17398:  2# B-->C
17399:  1# A-->C
17400:  4# A-->B
17401:  1# C-->B
17402:  2# C-->A
17403:  1# B-->A
17404:  3# C-->B
17405:  1# A-->C
17406:  2# A-->B
17407:  1# C-->B
17408: 11# A-->C
17409:  1# B-->A
17410:  2# B-->C
17411:  1# A-->C
17412:  3# B-->A
17413:  1# C-->B
17414:  2# C-->A
17415:  1# B-->A
17416:  4# B-->C
17417:  1# A-->C
17418:  2# A-->B
17419:  1# C-->B
17420:  3# A-->C
17421:  1# B-->A
17422:  2# B-->C
17423:  1# A-->C
17424:  5# B-->A
17425:  1# C-->B
17426:  2# C-->A
17427:  1# B-->A
17428:  3# C-->B
17429:  1# A-->C
17430:  2# A-->B
17431:  1# C-->B
17432:  4# C-->A
17433:  1# B-->A
17434:  2# B-->C
17435:  1# A-->C
17436:  3# B-->A
17437:  1# C-->B
17438:  2# C-->A
17439:  1# B-->A
17440:  6# B-->C
17441:  1# A-->C
17442:  2# A-->B
17443:  1# C-->B
17444:  3# A-->C
17445:  1# B-->A
17446:  2# B-->C
17447:  1# A-->C
17448:  4# A-->B
17449:  1# C-->B
17450:  2# C-->A
17451:  1# B-->A
17452:  3# C-->B
17453:  1# A-->C
17454:  2# A-->B
17455:  1# C-->B
17456:  5# A-->C
17457:  1# B-->A
17458:  2# B-->C
17459:  1# A-->C
17460:  3# B-->A
17461:  1# C-->B
17462:  2# C-->A
17463:  1# B-->A
17464:  4# B-->C
17465:  1# A-->C
17466:  2# A-->B
17467:  1# C-->B
17468:  3# A-->C
17469:  1# B-->A
17470:  2# B-->C
17471:  1# A-->C
17472:  7# B-->A
17473:  1# C-->B
17474:  2# C-->A
17475:  1# B-->A
17476:  3# C-->B
17477:  1# A-->C
17478:  2# A-->B
17479:  1# C-->B
17480:  4# C-->A
17481:  1# B-->A
17482:  2# B-->C
17483:  1# A-->C
17484:  3# B-->A
17485:  1# C-->B
17486:  2# C-->A
17487:  1# B-->A
17488:  5# C-->B
17489:  1# A-->C
17490:  2# A-->B
17491:  1# C-->B
17492:  3# A-->C
17493:  1# B-->A
17494:  2# B-->C
17495:  1# A-->C
17496:  4# A-->B
17497:  1# C-->B
17498:  2# C-->A
17499:  1# B-->A
17500:  3# C-->B
17501:  1# A-->C
17502:  2# A-->B
17503:  1# C-->B
17504:  6# C-->A
17505:  1# B-->A
17506:  2# B-->C
17507:  1# A-->C
17508:  3# B-->A
17509:  1# C-->B
17510:  2# C-->A
17511:  1# B-->A
17512:  4# B-->C
17513:  1# A-->C
17514:  2# A-->B
17515:  1# C-->B
17516:  3# A-->C
17517:  1# B-->A
17518:  2# B-->C
17519:  1# A-->C
17520:  5# B-->A
17521:  1# C-->B
17522:  2# C-->A
17523:  1# B-->A
17524:  3# C-->B
17525:  1# A-->C
17526:  2# A-->B
17527:  1# C-->B
17528:  4# C-->A
17529:  1# B-->A
17530:  2# B-->C
17531:  1# A-->C
17532:  3# B-->A
17533:  1# C-->B
17534:  2# C-->A
17535:  1# B-->A
17536:  8# B-->C
17537:  1# A-->C
17538:  2# A-->B
17539:  1# C-->B
17540:  3# A-->C
17541:  1# B-->A
17542:  2# B-->C
17543:  1# A-->C
17544:  4# A-->B
17545:  1# C-->B
17546:  2# C-->A
17547:  1# B-->A
17548:  3# C-->B
17549:  1# A-->C
17550:  2# A-->B
17551:  1# C-->B
17552:  5# A-->C
17553:  1# B-->A
17554:  2# B-->C
17555:  1# A-->C
17556:  3# B-->A
17557:  1# C-->B
17558:  2# C-->A
17559:  1# B-->A
17560:  4# B-->C
17561:  1# A-->C
17562:  2# A-->B
17563:  1# C-->B
17564:  3# A-->C
17565:  1# B-->A
17566:  2# B-->C
17567:  1# A-->C
17568:  6# A-->B
17569:  1# C-->B
17570:  2# C-->A
17571:  1# B-->A
17572:  3# C-->B
17573:  1# A-->C
17574:  2# A-->B
17575:  1# C-->B
17576:  4# C-->A
17577:  1# B-->A
17578:  2# B-->C
17579:  1# A-->C
17580:  3# B-->A
17581:  1# C-->B
17582:  2# C-->A
17583:  1# B-->A
17584:  5# C-->B
17585:  1# A-->C
17586:  2# A-->B
17587:  1# C-->B
17588:  3# A-->C
17589:  1# B-->A
17590:  2# B-->C
17591:  1# A-->C
17592:  4# A-->B
17593:  1# C-->B
17594:  2# C-->A
17595:  1# B-->A
17596:  3# C-->B
17597:  1# A-->C
17598:  2# A-->B
17599:  1# C-->B
17600:  7# A-->C
17601:  1# B-->A
17602:  2# B-->C
17603:  1# A-->C
17604:  3# B-->A
17605:  1# C-->B
17606:  2# C-->A
17607:  1# B-->A
17608:  4# B-->C
17609:  1# A-->C
17610:  2# A-->B
17611:  1# C-->B
17612:  3# A-->C
17613:  1# B-->A
17614:  2# B-->C
17615:  1# A-->C
17616:  5# B-->A
17617:  1# C-->B
17618:  2# C-->A
17619:  1# B-->A
17620:  3# C-->B
17621:  1# A-->C
17622:  2# A-->B
17623:  1# C-->B
17624:  4# C-->A
17625:  1# B-->A
17626:  2# B-->C
17627:  1# A-->C
17628:  3# B-->A
17629:  1# C-->B
17630:  2# C-->A
17631:  1# B-->A
17632:  6# B-->C
17633:  1# A-->C
17634:  2# A-->B
17635:  1# C-->B
17636:  3# A-->C
17637:  1# B-->A
17638:  2# B-->C
17639:  1# A-->C
17640:  4# A-->B
17641:  1# C-->B
17642:  2# C-->A
17643:  1# B-->A
17644:  3# C-->B
17645:  1# A-->C
17646:  2# A-->B
17647:  1# C-->B
17648:  5# A-->C
17649:  1# B-->A
17650:  2# B-->C
17651:  1# A-->C
17652:  3# B-->A
17653:  1# C-->B
17654:  2# C-->A
17655:  1# B-->A
17656:  4# B-->C
17657:  1# A-->C
17658:  2# A-->B
17659:  1# C-->B
17660:  3# A-->C
17661:  1# B-->A
17662:  2# B-->C
17663:  1# A-->C
17664:  9# B-->A
17665:  1# C-->B
17666:  2# C-->A
17667:  1# B-->A
17668:  3# C-->B
17669:  1# A-->C
17670:  2# A-->B
17671:  1# C-->B
17672:  4# C-->A
17673:  1# B-->A
17674:  2# B-->C
17675:  1# A-->C
17676:  3# B-->A
17677:  1# C-->B
17678:  2# C-->A
17679:  1# B-->A
17680:  5# C-->B
17681:  1# A-->C
17682:  2# A-->B
17683:  1# C-->B
17684:  3# A-->C
17685:  1# B-->A
17686:  2# B-->C
17687:  1# A-->C
17688:  4# A-->B
17689:  1# C-->B
17690:  2# C-->A
17691:  1# B-->A
17692:  3# C-->B
17693:  1# A-->C
17694:  2# A-->B
17695:  1# C-->B
17696:  6# C-->A
17697:  1# B-->A
17698:  2# B-->C
17699:  1# A-->C
17700:  3# B-->A
17701:  1# C-->B
17702:  2# C-->A
17703:  1# B-->A
17704:  4# B-->C
17705:  1# A-->C
17706:  2# A-->B
17707:  1# C-->B
17708:  3# A-->C
17709:  1# B-->A
17710:  2# B-->C
17711:  1# A-->C
17712:  5# B-->A
17713:  1# C-->B
17714:  2# C-->A
17715:  1# B-->A
17716:  3# C-->B
17717:  1# A-->C
17718:  2# A-->B
17719:  1# C-->B
17720:  4# C-->A
17721:  1# B-->A
17722:  2# B-->C
17723:  1# A-->C
17724:  3# B-->A
17725:  1# C-->B
17726:  2# C-->A
17727:  1# B-->A
17728:  7# C-->B
17729:  1# A-->C
17730:  2# A-->B
17731:  1# C-->B
17732:  3# A-->C
17733:  1# B-->A
17734:  2# B-->C
17735:  1# A-->C
17736:  4# A-->B
17737:  1# C-->B
17738:  2# C-->A
17739:  1# B-->A
17740:  3# C-->B
17741:  1# A-->C
17742:  2# A-->B
17743:  1# C-->B
17744:  5# A-->C
17745:  1# B-->A
17746:  2# B-->C
17747:  1# A-->C
17748:  3# B-->A
17749:  1# C-->B
17750:  2# C-->A
17751:  1# B-->A
17752:  4# B-->C
17753:  1# A-->C
17754:  2# A-->B
17755:  1# C-->B
17756:  3# A-->C
17757:  1# B-->A
17758:  2# B-->C
17759:  1# A-->C
17760:  6# A-->B
17761:  1# C-->B
17762:  2# C-->A
17763:  1# B-->A
17764:  3# C-->B
17765:  1# A-->C
17766:  2# A-->B
17767:  1# C-->B
17768:  4# C-->A
17769:  1# B-->A
17770:  2# B-->C
17771:  1# A-->C
17772:  3# B-->A
17773:  1# C-->B
17774:  2# C-->A
17775:  1# B-->A
17776:  5# C-->B
17777:  1# A-->C
17778:  2# A-->B
17779:  1# C-->B
17780:  3# A-->C
17781:  1# B-->A
17782:  2# B-->C
17783:  1# A-->C
17784:  4# A-->B
17785:  1# C-->B
17786:  2# C-->A
17787:  1# B-->A
17788:  3# C-->B
17789:  1# A-->C
17790:  2# A-->B
17791:  1# C-->B
17792:  8# C-->A
17793:  1# B-->A
17794:  2# B-->C
17795:  1# A-->C
17796:  3# B-->A
17797:  1# C-->B
17798:  2# C-->A
17799:  1# B-->A
17800:  4# B-->C
17801:  1# A-->C
17802:  2# A-->B
17803:  1# C-->B
17804:  3# A-->C
17805:  1# B-->A
17806:  2# B-->C
17807:  1# A-->C
17808:  5# B-->A
17809:  1# C-->B
17810:  2# C-->A
17811:  1# B-->A
17812:  3# C-->B
17813:  1# A-->C
17814:  2# A-->B
17815:  1# C-->B
17816:  4# C-->A
17817:  1# B-->A
17818:  2# B-->C
17819:  1# A-->C
17820:  3# B-->A
17821:  1# C-->B
17822:  2# C-->A
17823:  1# B-->A
17824:  6# B-->C
17825:  1# A-->C
17826:  2# A-->B
17827:  1# C-->B
17828:  3# A-->C
17829:  1# B-->A
17830:  2# B-->C
17831:  1# A-->C
17832:  4# A-->B
17833:  1# C-->B
17834:  2# C-->A
17835:  1# B-->A
17836:  3# C-->B
17837:  1# A-->C
17838:  2# A-->B
17839:  1# C-->B
17840:  5# A-->C
17841:  1# B-->A
17842:  2# B-->C
17843:  1# A-->C
17844:  3# B-->A
17845:  1# C-->B
17846:  2# C-->A
17847:  1# B-->A
17848:  4# B-->C
17849:  1# A-->C
17850:  2# A-->B
17851:  1# C-->B
17852:  3# A-->C
17853:  1# B-->A
17854:  2# B-->C
17855:  1# A-->C
17856:  7# B-->A
17857:  1# C-->B
17858:  2# C-->A
17859:  1# B-->A
17860:  3# C-->B
17861:  1# A-->C
17862:  2# A-->B
17863:  1# C-->B
17864:  4# C-->A
17865:  1# B-->A
17866:  2# B-->C
17867:  1# A-->C
17868:  3# B-->A
17869:  1# C-->B
17870:  2# C-->A
17871:  1# B-->A
17872:  5# C-->B
17873:  1# A-->C
17874:  2# A-->B
17875:  1# C-->B
17876:  3# A-->C
17877:  1# B-->A
17878:  2# B-->C
17879:  1# A-->C
17880:  4# A-->B
17881:  1# C-->B
17882:  2# C-->A
17883:  1# B-->A
17884:  3# C-->B
17885:  1# A-->C
17886:  2# A-->B
17887:  1# C-->B
17888:  6# C-->A
17889:  1# B-->A
17890:  2# B-->C
17891:  1# A-->C
17892:  3# B-->A
17893:  1# C-->B
17894:  2# C-->A
17895:  1# B-->A
17896:  4# B-->C
17897:  1# A-->C
17898:  2# A-->B
17899:  1# C-->B
17900:  3# A-->C
17901:  1# B-->A
17902:  2# B-->C
17903:  1# A-->C
17904:  5# B-->A
17905:  1# C-->B
17906:  2# C-->A
17907:  1# B-->A
17908:  3# C-->B
17909:  1# A-->C
17910:  2# A-->B
17911:  1# C-->B
17912:  4# C-->A
17913:  1# B-->A
17914:  2# B-->C
17915:  1# A-->C
17916:  3# B-->A
17917:  1# C-->B
17918:  2# C-->A
17919:  1# B-->A
17920: 10# B-->C
17921:  1# A-->C
17922:  2# A-->B
17923:  1# C-->B
17924:  3# A-->C
17925:  1# B-->A
17926:  2# B-->C
17927:  1# A-->C
17928:  4# A-->B
17929:  1# C-->B
17930:  2# C-->A
17931:  1# B-->A
17932:  3# C-->B
17933:  1# A-->C
17934:  2# A-->B
17935:  1# C-->B
17936:  5# A-->C
17937:  1# B-->A
17938:  2# B-->C
17939:  1# A-->C
17940:  3# B-->A
17941:  1# C-->B
17942:  2# C-->A
17943:  1# B-->A
17944:  4# B-->C
17945:  1# A-->C
17946:  2# A-->B
17947:  1# C-->B
17948:  3# A-->C
17949:  1# B-->A
17950:  2# B-->C
17951:  1# A-->C
17952:  6# A-->B
17953:  1# C-->B
17954:  2# C-->A
17955:  1# B-->A
17956:  3# C-->B
17957:  1# A-->C
17958:  2# A-->B
17959:  1# C-->B
17960:  4# C-->A
17961:  1# B-->A
17962:  2# B-->C
17963:  1# A-->C
17964:  3# B-->A
17965:  1# C-->B
17966:  2# C-->A
17967:  1# B-->A
17968:  5# C-->B
17969:  1# A-->C
17970:  2# A-->B
17971:  1# C-->B
17972:  3# A-->C
17973:  1# B-->A
17974:  2# B-->C
17975:  1# A-->C
17976:  4# A-->B
17977:  1# C-->B
17978:  2# C-->A
17979:  1# B-->A
17980:  3# C-->B
17981:  1# A-->C
17982:  2# A-->B
17983:  1# C-->B
17984:  7# A-->C
17985:  1# B-->A
17986:  2# B-->C
17987:  1# A-->C
17988:  3# B-->A
17989:  1# C-->B
17990:  2# C-->A
17991:  1# B-->A
17992:  4# B-->C
17993:  1# A-->C
17994:  2# A-->B
17995:  1# C-->B
17996:  3# A-->C
17997:  1# B-->A
17998:  2# B-->C
17999:  1# A-->C
18000:  5# B-->A
18001:  1# C-->B
18002:  2# C-->A
18003:  1# B-->A
18004:  3# C-->B
18005:  1# A-->C
18006:  2# A-->B
18007:  1# C-->B
18008:  4# C-->A
18009:  1# B-->A
18010:  2# B-->C
18011:  1# A-->C
18012:  3# B-->A
18013:  1# C-->B
18014:  2# C-->A
18015:  1# B-->A
18016:  6# B-->C
18017:  1# A-->C
18018:  2# A-->B
18019:  1# C-->B
18020:  3# A-->C
18021:  1# B-->A
18022:  2# B-->C
18023:  1# A-->C
18024:  4# A-->B
18025:  1# C-->B
18026:  2# C-->A
18027:  1# B-->A
18028:  3# C-->B
18029:  1# A-->C
18030:  2# A-->B
18031:  1# C-->B
18032:  5# A-->C
18033:  1# B-->A
18034:  2# B-->C
18035:  1# A-->C
18036:  3# B-->A
18037:  1# C-->B
18038:  2# C-->A
18039:  1# B-->A
18040:  4# B-->C
18041:  1# A-->C
18042:  2# A-->B
18043:  1# C-->B
18044:  3# A-->C
18045:  1# B-->A
18046:  2# B-->C
18047:  1# A-->C
18048:  8# A-->B
18049:  1# C-->B
18050:  2# C-->A
18051:  1# B-->A
18052:  3# C-->B
18053:  1# A-->C
18054:  2# A-->B
18055:  1# C-->B
18056:  4# C-->A
18057:  1# B-->A
18058:  2# B-->C
18059:  1# A-->C
18060:  3# B-->A
18061:  1# C-->B
18062:  2# C-->A
18063:  1# B-->A
18064:  5# C-->B
18065:  1# A-->C
18066:  2# A-->B
18067:  1# C-->B
18068:  3# A-->C
18069:  1# B-->A
18070:  2# B-->C
18071:  1# A-->C
18072:  4# A-->B
18073:  1# C-->B
18074:  2# C-->A
18075:  1# B-->A
18076:  3# C-->B
18077:  1# A-->C
18078:  2# A-->B
18079:  1# C-->B
18080:  6# C-->A
18081:  1# B-->A
18082:  2# B-->C
18083:  1# A-->C
18084:  3# B-->A
18085:  1# C-->B
18086:  2# C-->A
18087:  1# B-->A
18088:  4# B-->C
18089:  1# A-->C
18090:  2# A-->B
18091:  1# C-->B
18092:  3# A-->C
18093:  1# B-->A
18094:  2# B-->C
18095:  1# A-->C
18096:  5# B-->A
18097:  1# C-->B
18098:  2# C-->A
18099:  1# B-->A
18100:  3# C-->B
18101:  1# A-->C
18102:  2# A-->B
18103:  1# C-->B
18104:  4# C-->A
18105:  1# B-->A
18106:  2# B-->C
18107:  1# A-->C
18108:  3# B-->A
18109:  1# C-->B
18110:  2# C-->A
18111:  1# B-->A
18112:  7# C-->B
18113:  1# A-->C
18114:  2# A-->B
18115:  1# C-->B
18116:  3# A-->C
18117:  1# B-->A
18118:  2# B-->C
18119:  1# A-->C
18120:  4# A-->B
18121:  1# C-->B
18122:  2# C-->A
18123:  1# B-->A
18124:  3# C-->B
18125:  1# A-->C
18126:  2# A-->B
18127:  1# C-->B
18128:  5# A-->C
18129:  1# B-->A
18130:  2# B-->C
18131:  1# A-->C
18132:  3# B-->A
18133:  1# C-->B
18134:  2# C-->A
18135:  1# B-->A
18136:  4# B-->C
18137:  1# A-->C
18138:  2# A-->B
18139:  1# C-->B
18140:  3# A-->C
18141:  1# B-->A
18142:  2# B-->C
18143:  1# A-->C
18144:  6# A-->B
18145:  1# C-->B
18146:  2# C-->A
18147:  1# B-->A
18148:  3# C-->B
18149:  1# A-->C
18150:  2# A-->B
18151:  1# C-->B
18152:  4# C-->A
18153:  1# B-->A
18154:  2# B-->C
18155:  1# A-->C
18156:  3# B-->A
18157:  1# C-->B
18158:  2# C-->A
18159:  1# B-->A
18160:  5# C-->B
18161:  1# A-->C
18162:  2# A-->B
18163:  1# C-->B
18164:  3# A-->C
18165:  1# B-->A
18166:  2# B-->C
18167:  1# A-->C
18168:  4# A-->B
18169:  1# C-->B
18170:  2# C-->A
18171:  1# B-->A
18172:  3# C-->B
18173:  1# A-->C
18174:  2# A-->B
18175:  1# C-->B
18176:  9# A-->C
18177:  1# B-->A
18178:  2# B-->C
18179:  1# A-->C
18180:  3# B-->A
18181:  1# C-->B
18182:  2# C-->A
18183:  1# B-->A
18184:  4# B-->C
18185:  1# A-->C
18186:  2# A-->B
18187:  1# C-->B
18188:  3# A-->C
18189:  1# B-->A
18190:  2# B-->C
18191:  1# A-->C
18192:  5# B-->A
18193:  1# C-->B
18194:  2# C-->A
18195:  1# B-->A
18196:  3# C-->B
18197:  1# A-->C
18198:  2# A-->B
18199:  1# C-->B
18200:  4# C-->A
18201:  1# B-->A
18202:  2# B-->C
18203:  1# A-->C
18204:  3# B-->A
18205:  1# C-->B
18206:  2# C-->A
18207:  1# B-->A
18208:  6# B-->C
18209:  1# A-->C
18210:  2# A-->B
18211:  1# C-->B
18212:  3# A-->C
18213:  1# B-->A
18214:  2# B-->C
18215:  1# A-->C
18216:  4# A-->B
18217:  1# C-->B
18218:  2# C-->A
18219:  1# B-->A
18220:  3# C-->B
18221:  1# A-->C
18222:  2# A-->B
18223:  1# C-->B
18224:  5# A-->C
18225:  1# B-->A
18226:  2# B-->C
18227:  1# A-->C
18228:  3# B-->A
18229:  1# C-->B
18230:  2# C-->A
18231:  1# B-->A
18232:  4# B-->C
18233:  1# A-->C
18234:  2# A-->B
18235:  1# C-->B
18236:  3# A-->C
18237:  1# B-->A
18238:  2# B-->C
18239:  1# A-->C
18240:  7# B-->A
18241:  1# C-->B
18242:  2# C-->A
18243:  1# B-->A
18244:  3# C-->B
18245:  1# A-->C
18246:  2# A-->B
18247:  1# C-->B
18248:  4# C-->A
18249:  1# B-->A
18250:  2# B-->C
18251:  1# A-->C
18252:  3# B-->A
18253:  1# C-->B
18254:  2# C-->A
18255:  1# B-->A
18256:  5# C-->B
18257:  1# A-->C
18258:  2# A-->B
18259:  1# C-->B
18260:  3# A-->C
18261:  1# B-->A
18262:  2# B-->C
18263:  1# A-->C
18264:  4# A-->B
18265:  1# C-->B
18266:  2# C-->A
18267:  1# B-->A
18268:  3# C-->B
18269:  1# A-->C
18270:  2# A-->B
18271:  1# C-->B
18272:  6# C-->A
18273:  1# B-->A
18274:  2# B-->C
18275:  1# A-->C
18276:  3# B-->A
18277:  1# C-->B
18278:  2# C-->A
18279:  1# B-->A
18280:  4# B-->C
18281:  1# A-->C
18282:  2# A-->B
18283:  1# C-->B
18284:  3# A-->C
18285:  1# B-->A
18286:  2# B-->C
18287:  1# A-->C
18288:  5# B-->A
18289:  1# C-->B
18290:  2# C-->A
18291:  1# B-->A
18292:  3# C-->B
18293:  1# A-->C
18294:  2# A-->B
18295:  1# C-->B
18296:  4# C-->A
18297:  1# B-->A
18298:  2# B-->C
18299:  1# A-->C
18300:  3# B-->A
18301:  1# C-->B
18302:  2# C-->A
18303:  1# B-->A
18304:  8# B-->C
18305:  1# A-->C
18306:  2# A-->B
18307:  1# C-->B
18308:  3# A-->C
18309:  1# B-->A
18310:  2# B-->C
18311:  1# A-->C
18312:  4# A-->B
18313:  1# C-->B
18314:  2# C-->A
18315:  1# B-->A
18316:  3# C-->B
18317:  1# A-->C
18318:  2# A-->B
18319:  1# C-->B
18320:  5# A-->C
18321:  1# B-->A
18322:  2# B-->C
18323:  1# A-->C
18324:  3# B-->A
18325:  1# C-->B
18326:  2# C-->A
18327:  1# B-->A
18328:  4# B-->C
18329:  1# A-->C
18330:  2# A-->B
18331:  1# C-->B
18332:  3# A-->C
18333:  1# B-->A
18334:  2# B-->C
18335:  1# A-->C
18336:  6# A-->B
18337:  1# C-->B
18338:  2# C-->A
18339:  1# B-->A
18340:  3# C-->B
18341:  1# A-->C
18342:  2# A-->B
18343:  1# C-->B
18344:  4# C-->A
18345:  1# B-->A
18346:  2# B-->C
18347:  1# A-->C
18348:  3# B-->A
18349:  1# C-->B
18350:  2# C-->A
18351:  1# B-->A
18352:  5# C-->B
18353:  1# A-->C
18354:  2# A-->B
18355:  1# C-->B
18356:  3# A-->C
18357:  1# B-->A
18358:  2# B-->C
18359:  1# A-->C
18360:  4# A-->B
18361:  1# C-->B
18362:  2# C-->A
18363:  1# B-->A
18364:  3# C-->B
18365:  1# A-->C
18366:  2# A-->B
18367:  1# C-->B
18368:  7# A-->C
18369:  1# B-->A
18370:  2# B-->C
18371:  1# A-->C
18372:  3# B-->A
18373:  1# C-->B
18374:  2# C-->A
18375:  1# B-->A
18376:  4# B-->C
18377:  1# A-->C
18378:  2# A-->B
18379:  1# C-->B
18380:  3# A-->C
18381:  1# B-->A
18382:  2# B-->C
18383:  1# A-->C
18384:  5# B-->A
18385:  1# C-->B
18386:  2# C-->A
18387:  1# B-->A
18388:  3# C-->B
18389:  1# A-->C
18390:  2# A-->B
18391:  1# C-->B
18392:  4# C-->A
18393:  1# B-->A
18394:  2# B-->C
18395:  1# A-->C
18396:  3# B-->A
18397:  1# C-->B
18398:  2# C-->A
18399:  1# B-->A
18400:  6# B-->C
18401:  1# A-->C
18402:  2# A-->B
18403:  1# C-->B
18404:  3# A-->C
18405:  1# B-->A
18406:  2# B-->C
18407:  1# A-->C
18408:  4# A-->B
18409:  1# C-->B
18410:  2# C-->A
18411:  1# B-->A
18412:  3# C-->B
18413:  1# A-->C
18414:  2# A-->B
18415:  1# C-->B
18416:  5# A-->C
18417:  1# B-->A
18418:  2# B-->C
18419:  1# A-->C
18420:  3# B-->A
18421:  1# C-->B
18422:  2# C-->A
18423:  1# B-->A
18424:  4# B-->C
18425:  1# A-->C
18426:  2# A-->B
18427:  1# C-->B
18428:  3# A-->C
18429:  1# B-->A
18430:  2# B-->C
18431:  1# A-->C
18432: 12# A-->B
18433:  1# C-->B
18434:  2# C-->A
18435:  1# B-->A
18436:  3# C-->B
18437:  1# A-->C
18438:  2# A-->B
18439:  1# C-->B
18440:  4# C-->A
18441:  1# B-->A
18442:  2# B-->C
18443:  1# A-->C
18444:  3# B-->A
18445:  1# C-->B
18446:  2# C-->A
18447:  1# B-->A
18448:  5# C-->B
18449:  1# A-->C
18450:  2# A-->B
18451:  1# C-->B
18452:  3# A-->C
18453:  1# B-->A
18454:  2# B-->C
18455:  1# A-->C
18456:  4# A-->B
18457:  1# C-->B
18458:  2# C-->A
18459:  1# B-->A
18460:  3# C-->B
18461:  1# A-->C
18462:  2# A-->B
18463:  1# C-->B
18464:  6# C-->A
18465:  1# B-->A
18466:  2# B-->C
18467:  1# A-->C
18468:  3# B-->A
18469:  1# C-->B
18470:  2# C-->A
18471:  1# B-->A
18472:  4# B-->C
18473:  1# A-->C
18474:  2# A-->B
18475:  1# C-->B
18476:  3# A-->C
18477:  1# B-->A
18478:  2# B-->C
18479:  1# A-->C
18480:  5# B-->A
18481:  1# C-->B
18482:  2# C-->A
18483:  1# B-->A
18484:  3# C-->B
18485:  1# A-->C
18486:  2# A-->B
18487:  1# C-->B
18488:  4# C-->A
18489:  1# B-->A
18490:  2# B-->C
18491:  1# A-->C
18492:  3# B-->A
18493:  1# C-->B
18494:  2# C-->A
18495:  1# B-->A
18496:  7# C-->B
18497:  1# A-->C
18498:  2# A-->B
18499:  1# C-->B
18500:  3# A-->C
18501:  1# B-->A
18502:  2# B-->C
18503:  1# A-->C
18504:  4# A-->B
18505:  1# C-->B
18506:  2# C-->A
18507:  1# B-->A
18508:  3# C-->B
18509:  1# A-->C
18510:  2# A-->B
18511:  1# C-->B
18512:  5# A-->C
18513:  1# B-->A
18514:  2# B-->C
18515:  1# A-->C
18516:  3# B-->A
18517:  1# C-->B
18518:  2# C-->A
18519:  1# B-->A
18520:  4# B-->C
18521:  1# A-->C
18522:  2# A-->B
18523:  1# C-->B
18524:  3# A-->C
18525:  1# B-->A
18526:  2# B-->C
18527:  1# A-->C
18528:  6# A-->B
18529:  1# C-->B
18530:  2# C-->A
18531:  1# B-->A
18532:  3# C-->B
18533:  1# A-->C
18534:  2# A-->B
18535:  1# C-->B
18536:  4# C-->A
18537:  1# B-->A
18538:  2# B-->C
18539:  1# A-->C
18540:  3# B-->A
18541:  1# C-->B
18542:  2# C-->A
18543:  1# B-->A
18544:  5# C-->B
18545:  1# A-->C
18546:  2# A-->B
18547:  1# C-->B
18548:  3# A-->C
18549:  1# B-->A
18550:  2# B-->C
18551:  1# A-->C
18552:  4# A-->B
18553:  1# C-->B
18554:  2# C-->A
18555:  1# B-->A
18556:  3# C-->B
18557:  1# A-->C
18558:  2# A-->B
18559:  1# C-->B
18560:  8# C-->A
18561:  1# B-->A
18562:  2# B-->C
18563:  1# A-->C
18564:  3# B-->A
18565:  1# C-->B
18566:  2# C-->A
18567:  1# B-->A
18568:  4# B-->C
18569:  1# A-->C
18570:  2# A-->B
18571:  1# C-->B
18572:  3# A-->C
18573:  1# B-->A
18574:  2# B-->C
18575:  1# A-->C
18576:  5# B-->A
18577:  1# C-->B
18578:  2# C-->A
18579:  1# B-->A
18580:  3# C-->B
18581:  1# A-->C
18582:  2# A-->B
18583:  1# C-->B
18584:  4# C-->A
18585:  1# B-->A
18586:  2# B-->C
18587:  1# A-->C
18588:  3# B-->A
18589:  1# C-->B
18590:  2# C-->A
18591:  1# B-->A
18592:  6# B-->C
18593:  1# A-->C
18594:  2# A-->B
18595:  1# C-->B
18596:  3# A-->C
18597:  1# B-->A
18598:  2# B-->C
18599:  1# A-->C
18600:  4# A-->B
18601:  1# C-->B
18602:  2# C-->A
18603:  1# B-->A
18604:  3# C-->B
18605:  1# A-->C
18606:  2# A-->B
18607:  1# C-->B
18608:  5# A-->C
18609:  1# B-->A
18610:  2# B-->C
18611:  1# A-->C
18612:  3# B-->A
18613:  1# C-->B
18614:  2# C-->A
18615:  1# B-->A
18616:  4# B-->C
18617:  1# A-->C
18618:  2# A-->B
18619:  1# C-->B
18620:  3# A-->C
18621:  1# B-->A
18622:  2# B-->C
18623:  1# A-->C
18624:  7# B-->A
18625:  1# C-->B
18626:  2# C-->A
18627:  1# B-->A
18628:  3# C-->B
18629:  1# A-->C
18630:  2# A-->B
18631:  1# C-->B
18632:  4# C-->A
18633:  1# B-->A
18634:  2# B-->C
18635:  1# A-->C
18636:  3# B-->A
18637:  1# C-->B
18638:  2# C-->A
18639:  1# B-->A
18640:  5# C-->B
18641:  1# A-->C
18642:  2# A-->B
18643:  1# C-->B
18644:  3# A-->C
18645:  1# B-->A
18646:  2# B-->C
18647:  1# A-->C
18648:  4# A-->B
18649:  1# C-->B
18650:  2# C-->A
18651:  1# B-->A
18652:  3# C-->B
18653:  1# A-->C
18654:  2# A-->B
18655:  1# C-->B
18656:  6# C-->A
18657:  1# B-->A
18658:  2# B-->C
18659:  1# A-->C
18660:  3# B-->A
18661:  1# C-->B
18662:  2# C-->A
18663:  1# B-->A
18664:  4# B-->C
18665:  1# A-->C
18666:  2# A-->B
18667:  1# C-->B
18668:  3# A-->C
18669:  1# B-->A
18670:  2# B-->C
18671:  1# A-->C
18672:  5# B-->A
18673:  1# C-->B
18674:  2# C-->A
18675:  1# B-->A
18676:  3# C-->B
18677:  1# A-->C
18678:  2# A-->B
18679:  1# C-->B
18680:  4# C-->A
18681:  1# B-->A
18682:  2# B-->C
18683:  1# A-->C
18684:  3# B-->A
18685:  1# C-->B
18686:  2# C-->A
18687:  1# B-->A
18688:  9# C-->B
18689:  1# A-->C
18690:  2# A-->B
18691:  1# C-->B
18692:  3# A-->C
18693:  1# B-->A
18694:  2# B-->C
18695:  1# A-->C
18696:  4# A-->B
18697:  1# C-->B
18698:  2# C-->A
18699:  1# B-->A
18700:  3# C-->B
18701:  1# A-->C
18702:  2# A-->B
18703:  1# C-->B
18704:  5# A-->C
18705:  1# B-->A
18706:  2# B-->C
18707:  1# A-->C
18708:  3# B-->A
18709:  1# C-->B
18710:  2# C-->A
18711:  1# B-->A
18712:  4# B-->C
18713:  1# A-->C
18714:  2# A-->B
18715:  1# C-->B
18716:  3# A-->C
18717:  1# B-->A
18718:  2# B-->C
18719:  1# A-->C
18720:  6# A-->B
18721:  1# C-->B
18722:  2# C-->A
18723:  1# B-->A
18724:  3# C-->B
18725:  1# A-->C
18726:  2# A-->B
18727:  1# C-->B
18728:  4# C-->A
18729:  1# B-->A
18730:  2# B-->C
18731:  1# A-->C
18732:  3# B-->A
18733:  1# C-->B
18734:  2# C-->A
18735:  1# B-->A
18736:  5# C-->B
18737:  1# A-->C
18738:  2# A-->B
18739:  1# C-->B
18740:  3# A-->C
18741:  1# B-->A
18742:  2# B-->C
18743:  1# A-->C
18744:  4# A-->B
18745:  1# C-->B
18746:  2# C-->A
18747:  1# B-->A
18748:  3# C-->B
18749:  1# A-->C
18750:  2# A-->B
18751:  1# C-->B
18752:  7# A-->C
18753:  1# B-->A
18754:  2# B-->C
18755:  1# A-->C
18756:  3# B-->A
18757:  1# C-->B
18758:  2# C-->A
18759:  1# B-->A
18760:  4# B-->C
18761:  1# A-->C
18762:  2# A-->B
18763:  1# C-->B
18764:  3# A-->C
18765:  1# B-->A
18766:  2# B-->C
18767:  1# A-->C
18768:  5# B-->A
18769:  1# C-->B
18770:  2# C-->A
18771:  1# B-->A
18772:  3# C-->B
18773:  1# A-->C
18774:  2# A-->B
18775:  1# C-->B
18776:  4# C-->A
18777:  1# B-->A
18778:  2# B-->C
18779:  1# A-->C
18780:  3# B-->A
18781:  1# C-->B
18782:  2# C-->A
18783:  1# B-->A
18784:  6# B-->C
18785:  1# A-->C
18786:  2# A-->B
18787:  1# C-->B
18788:  3# A-->C
18789:  1# B-->A
18790:  2# B-->C
18791:  1# A-->C
18792:  4# A-->B
18793:  1# C-->B
18794:  2# C-->A
18795:  1# B-->A
18796:  3# C-->B
18797:  1# A-->C
18798:  2# A-->B
18799:  1# C-->B
18800:  5# A-->C
18801:  1# B-->A
18802:  2# B-->C
18803:  1# A-->C
18804:  3# B-->A
18805:  1# C-->B
18806:  2# C-->A
18807:  1# B-->A
18808:  4# B-->C
18809:  1# A-->C
18810:  2# A-->B
18811:  1# C-->B
18812:  3# A-->C
18813:  1# B-->A
18814:  2# B-->C
18815:  1# A-->C
18816:  8# A-->B
18817:  1# C-->B
18818:  2# C-->A
18819:  1# B-->A
18820:  3# C-->B
18821:  1# A-->C
18822:  2# A-->B
18823:  1# C-->B
18824:  4# C-->A
18825:  1# B-->A
18826:  2# B-->C
18827:  1# A-->C
18828:  3# B-->A
18829:  1# C-->B
18830:  2# C-->A
18831:  1# B-->A
18832:  5# C-->B
18833:  1# A-->C
18834:  2# A-->B
18835:  1# C-->B
18836:  3# A-->C
18837:  1# B-->A
18838:  2# B-->C
18839:  1# A-->C
18840:  4# A-->B
18841:  1# C-->B
18842:  2# C-->A
18843:  1# B-->A
18844:  3# C-->B
18845:  1# A-->C
18846:  2# A-->B
18847:  1# C-->B
18848:  6# C-->A
18849:  1# B-->A
18850:  2# B-->C
18851:  1# A-->C
18852:  3# B-->A
18853:  1# C-->B
18854:  2# C-->A
18855:  1# B-->A
18856:  4# B-->C
18857:  1# A-->C
18858:  2# A-->B
18859:  1# C-->B
18860:  3# A-->C
18861:  1# B-->A
18862:  2# B-->C
18863:  1# A-->C
18864:  5# B-->A
18865:  1# C-->B
18866:  2# C-->A
18867:  1# B-->A
18868:  3# C-->B
18869:  1# A-->C
18870:  2# A-->B
18871:  1# C-->B
18872:  4# C-->A
18873:  1# B-->A
18874:  2# B-->C
18875:  1# A-->C
18876:  3# B-->A
18877:  1# C-->B
18878:  2# C-->A
18879:  1# B-->A
18880:  7# C-->B
18881:  1# A-->C
18882:  2# A-->B
18883:  1# C-->B
18884:  3# A-->C
18885:  1# B-->A
18886:  2# B-->C
18887:  1# A-->C
18888:  4# A-->B
18889:  1# C-->B
18890:  2# C-->A
18891:  1# B-->A
18892:  3# C-->B
18893:  1# A-->C
18894:  2# A-->B
18895:  1# C-->B
18896:  5# A-->C
18897:  1# B-->A
18898:  2# B-->C
18899:  1# A-->C
18900:  3# B-->A
18901:  1# C-->B
18902:  2# C-->A
18903:  1# B-->A
18904:  4# B-->C
18905:  1# A-->C
18906:  2# A-->B
18907:  1# C-->B
18908:  3# A-->C
18909:  1# B-->A
18910:  2# B-->C
18911:  1# A-->C
18912:  6# A-->B
18913:  1# C-->B
18914:  2# C-->A
18915:  1# B-->A
18916:  3# C-->B
18917:  1# A-->C
18918:  2# A-->B
18919:  1# C-->B
18920:  4# C-->A
18921:  1# B-->A
18922:  2# B-->C
18923:  1# A-->C
18924:  3# B-->A
18925:  1# C-->B
18926:  2# C-->A
18927:  1# B-->A
18928:  5# C-->B
18929:  1# A-->C
18930:  2# A-->B
18931:  1# C-->B
18932:  3# A-->C
18933:  1# B-->A
18934:  2# B-->C
18935:  1# A-->C
18936:  4# A-->B
18937:  1# C-->B
18938:  2# C-->A
18939:  1# B-->A
18940:  3# C-->B
18941:  1# A-->C
18942:  2# A-->B
18943:  1# C-->B
18944: 10# C-->A
18945:  1# B-->A
18946:  2# B-->C
18947:  1# A-->C
18948:  3# B-->A
18949:  1# C-->B
18950:  2# C-->A
18951:  1# B-->A
18952:  4# B-->C
18953:  1# A-->C
18954:  2# A-->B
18955:  1# C-->B
18956:  3# A-->C
18957:  1# B-->A
18958:  2# B-->C
18959:  1# A-->C
18960:  5# B-->A
18961:  1# C-->B
18962:  2# C-->A
18963:  1# B-->A
18964:  3# C-->B
18965:  1# A-->C
18966:  2# A-->B
18967:  1# C-->B
18968:  4# C-->A
18969:  1# B-->A
18970:  2# B-->C
18971:  1# A-->C
18972:  3# B-->A
18973:  1# C-->B
18974:  2# C-->A
18975:  1# B-->A
18976:  6# B-->C
18977:  1# A-->C
18978:  2# A-->B
18979:  1# C-->B
18980:  3# A-->C
18981:  1# B-->A
18982:  2# B-->C
18983:  1# A-->C
18984:  4# A-->B
18985:  1# C-->B
18986:  2# C-->A
18987:  1# B-->A
18988:  3# C-->B
18989:  1# A-->C
18990:  2# A-->B
18991:  1# C-->B
18992:  5# A-->C
18993:  1# B-->A
18994:  2# B-->C
18995:  1# A-->C
18996:  3# B-->A
18997:  1# C-->B
18998:  2# C-->A
18999:  1# B-->A
19000:  4# B-->C
19001:  1# A-->C
19002:  2# A-->B
19003:  1# C-->B
19004:  3# A-->C
19005:  1# B-->A
19006:  2# B-->C
19007:  1# A-->C
19008:  7# B-->A
19009:  1# C-->B
19010:  2# C-->A
19011:  1# B-->A
19012:  3# C-->B
19013:  1# A-->C
19014:  2# A-->B
19015:  1# C-->B
19016:  4# C-->A
19017:  1# B-->A
19018:  2# B-->C
19019:  1# A-->C
19020:  3# B-->A
19021:  1# C-->B
19022:  2# C-->A
19023:  1# B-->A
19024:  5# C-->B
19025:  1# A-->C
19026:  2# A-->B
19027:  1# C-->B
19028:  3# A-->C
19029:  1# B-->A
19030:  2# B-->C
19031:  1# A-->C
19032:  4# A-->B
19033:  1# C-->B
19034:  2# C-->A
19035:  1# B-->A
19036:  3# C-->B
19037:  1# A-->C
19038:  2# A-->B
19039:  1# C-->B
19040:  6# C-->A
19041:  1# B-->A
19042:  2# B-->C
19043:  1# A-->C
19044:  3# B-->A
19045:  1# C-->B
19046:  2# C-->A
19047:  1# B-->A
19048:  4# B-->C
19049:  1# A-->C
19050:  2# A-->B
19051:  1# C-->B
19052:  3# A-->C
19053:  1# B-->A
19054:  2# B-->C
19055:  1# A-->C
19056:  5# B-->A
19057:  1# C-->B
19058:  2# C-->A
19059:  1# B-->A
19060:  3# C-->B
19061:  1# A-->C
19062:  2# A-->B
19063:  1# C-->B
19064:  4# C-->A
19065:  1# B-->A
19066:  2# B-->C
19067:  1# A-->C
19068:  3# B-->A
19069:  1# C-->B
19070:  2# C-->A
19071:  1# B-->A
19072:  8# B-->C
19073:  1# A-->C
19074:  2# A-->B
19075:  1# C-->B
19076:  3# A-->C
19077:  1# B-->A
19078:  2# B-->C
19079:  1# A-->C
19080:  4# A-->B
19081:  1# C-->B
19082:  2# C-->A
19083:  1# B-->A
19084:  3# C-->B
19085:  1# A-->C
19086:  2# A-->B
19087:  1# C-->B
19088:  5# A-->C
19089:  1# B-->A
19090:  2# B-->C
19091:  1# A-->C
19092:  3# B-->A
19093:  1# C-->B
19094:  2# C-->A
19095:  1# B-->A
19096:  4# B-->C
19097:  1# A-->C
19098:  2# A-->B
19099:  1# C-->B
19100:  3# A-->C
19101:  1# B-->A
19102:  2# B-->C
19103:  1# A-->C
19104:  6# A-->B
19105:  1# C-->B
19106:  2# C-->A
19107:  1# B-->A
19108:  3# C-->B
19109:  1# A-->C
19110:  2# A-->B
19111:  1# C-->B
19112:  4# C-->A
19113:  1# B-->A
19114:  2# B-->C
19115:  1# A-->C
19116:  3# B-->A
19117:  1# C-->B
19118:  2# C-->A
19119:  1# B-->A
19120:  5# C-->B
19121:  1# A-->C
19122:  2# A-->B
19123:  1# C-->B
19124:  3# A-->C
19125:  1# B-->A
19126:  2# B-->C
19127:  1# A-->C
19128:  4# A-->B
19129:  1# C-->B
19130:  2# C-->A
19131:  1# B-->A
19132:  3# C-->B
19133:  1# A-->C
19134:  2# A-->B
19135:  1# C-->B
19136:  7# A-->C
19137:  1# B-->A
19138:  2# B-->C
19139:  1# A-->C
19140:  3# B-->A
19141:  1# C-->B
19142:  2# C-->A
19143:  1# B-->A
19144:  4# B-->C
19145:  1# A-->C
19146:  2# A-->B
19147:  1# C-->B
19148:  3# A-->C
19149:  1# B-->A
19150:  2# B-->C
19151:  1# A-->C
19152:  5# B-->A
19153:  1# C-->B
19154:  2# C-->A
19155:  1# B-->A
19156:  3# C-->B
19157:  1# A-->C
19158:  2# A-->B
19159:  1# C-->B
19160:  4# C-->A
19161:  1# B-->A
19162:  2# B-->C
19163:  1# A-->C
19164:  3# B-->A
19165:  1# C-->B
19166:  2# C-->A
19167:  1# B-->A
19168:  6# B-->C
19169:  1# A-->C
19170:  2# A-->B
19171:  1# C-->B
19172:  3# A-->C
19173:  1# B-->A
19174:  2# B-->C
19175:  1# A-->C
19176:  4# A-->B
19177:  1# C-->B
19178:  2# C-->A
19179:  1# B-->A
19180:  3# C-->B
19181:  1# A-->C
19182:  2# A-->B
19183:  1# C-->B
19184:  5# A-->C
19185:  1# B-->A
19186:  2# B-->C
19187:  1# A-->C
19188:  3# B-->A
19189:  1# C-->B
19190:  2# C-->A
19191:  1# B-->A
19192:  4# B-->C
19193:  1# A-->C
19194:  2# A-->B
19195:  1# C-->B
19196:  3# A-->C
19197:  1# B-->A
19198:  2# B-->C
19199:  1# A-->C
19200:  9# B-->A
19201:  1# C-->B
19202:  2# C-->A
19203:  1# B-->A
19204:  3# C-->B
19205:  1# A-->C
19206:  2# A-->B
19207:  1# C-->B
19208:  4# C-->A
19209:  1# B-->A
19210:  2# B-->C
19211:  1# A-->C
19212:  3# B-->A
19213:  1# C-->B
19214:  2# C-->A
19215:  1# B-->A
19216:  5# C-->B
19217:  1# A-->C
19218:  2# A-->B
19219:  1# C-->B
19220:  3# A-->C
19221:  1# B-->A
19222:  2# B-->C
19223:  1# A-->C
19224:  4# A-->B
19225:  1# C-->B
19226:  2# C-->A
19227:  1# B-->A
19228:  3# C-->B
19229:  1# A-->C
19230:  2# A-->B
19231:  1# C-->B
19232:  6# C-->A
19233:  1# B-->A
19234:  2# B-->C
19235:  1# A-->C
19236:  3# B-->A
19237:  1# C-->B
19238:  2# C-->A
19239:  1# B-->A
19240:  4# B-->C
19241:  1# A-->C
19242:  2# A-->B
19243:  1# C-->B
19244:  3# A-->C
19245:  1# B-->A
19246:  2# B-->C
19247:  1# A-->C
19248:  5# B-->A
19249:  1# C-->B
19250:  2# C-->A
19251:  1# B-->A
19252:  3# C-->B
19253:  1# A-->C
19254:  2# A-->B
19255:  1# C-->B
19256:  4# C-->A
19257:  1# B-->A
19258:  2# B-->C
19259:  1# A-->C
19260:  3# B-->A
19261:  1# C-->B
19262:  2# C-->A
19263:  1# B-->A
19264:  7# C-->B
19265:  1# A-->C
19266:  2# A-->B
19267:  1# C-->B
19268:  3# A-->C
19269:  1# B-->A
19270:  2# B-->C
19271:  1# A-->C
19272:  4# A-->B
19273:  1# C-->B
19274:  2# C-->A
19275:  1# B-->A
19276:  3# C-->B
19277:  1# A-->C
19278:  2# A-->B
19279:  1# C-->B
19280:  5# A-->C
19281:  1# B-->A
19282:  2# B-->C
19283:  1# A-->C
19284:  3# B-->A
19285:  1# C-->B
19286:  2# C-->A
19287:  1# B-->A
19288:  4# B-->C
19289:  1# A-->C
19290:  2# A-->B
19291:  1# C-->B
19292:  3# A-->C
19293:  1# B-->A
19294:  2# B-->C
19295:  1# A-->C
19296:  6# A-->B
19297:  1# C-->B
19298:  2# C-->A
19299:  1# B-->A
19300:  3# C-->B
19301:  1# A-->C
19302:  2# A-->B
19303:  1# C-->B
19304:  4# C-->A
19305:  1# B-->A
19306:  2# B-->C
19307:  1# A-->C
19308:  3# B-->A
19309:  1# C-->B
19310:  2# C-->A
19311:  1# B-->A
19312:  5# C-->B
19313:  1# A-->C
19314:  2# A-->B
19315:  1# C-->B
19316:  3# A-->C
19317:  1# B-->A
19318:  2# B-->C
19319:  1# A-->C
19320:  4# A-->B
19321:  1# C-->B
19322:  2# C-->A
19323:  1# B-->A
19324:  3# C-->B
19325:  1# A-->C
19326:  2# A-->B
19327:  1# C-->B
19328:  8# C-->A
19329:  1# B-->A
19330:  2# B-->C
19331:  1# A-->C
19332:  3# B-->A
19333:  1# C-->B
19334:  2# C-->A
19335:  1# B-->A
19336:  4# B-->C
19337:  1# A-->C
19338:  2# A-->B
19339:  1# C-->B
19340:  3# A-->C
19341:  1# B-->A
19342:  2# B-->C
19343:  1# A-->C
19344:  5# B-->A
19345:  1# C-->B
19346:  2# C-->A
19347:  1# B-->A
19348:  3# C-->B
19349:  1# A-->C
19350:  2# A-->B
19351:  1# C-->B
19352:  4# C-->A
19353:  1# B-->A
19354:  2# B-->C
19355:  1# A-->C
19356:  3# B-->A
19357:  1# C-->B
19358:  2# C-->A
19359:  1# B-->A
19360:  6# B-->C
19361:  1# A-->C
19362:  2# A-->B
19363:  1# C-->B
19364:  3# A-->C
19365:  1# B-->A
19366:  2# B-->C
19367:  1# A-->C
19368:  4# A-->B
19369:  1# C-->B
19370:  2# C-->A
19371:  1# B-->A
19372:  3# C-->B
19373:  1# A-->C
19374:  2# A-->B
19375:  1# C-->B
19376:  5# A-->C
19377:  1# B-->A
19378:  2# B-->C
19379:  1# A-->C
19380:  3# B-->A
19381:  1# C-->B
19382:  2# C-->A
19383:  1# B-->A
19384:  4# B-->C
19385:  1# A-->C
19386:  2# A-->B
19387:  1# C-->B
19388:  3# A-->C
19389:  1# B-->A
19390:  2# B-->C
19391:  1# A-->C
19392:  7# B-->A
19393:  1# C-->B
19394:  2# C-->A
19395:  1# B-->A
19396:  3# C-->B
19397:  1# A-->C
19398:  2# A-->B
19399:  1# C-->B
19400:  4# C-->A
19401:  1# B-->A
19402:  2# B-->C
19403:  1# A-->C
19404:  3# B-->A
19405:  1# C-->B
19406:  2# C-->A
19407:  1# B-->A
19408:  5# C-->B
19409:  1# A-->C
19410:  2# A-->B
19411:  1# C-->B
19412:  3# A-->C
19413:  1# B-->A
19414:  2# B-->C
19415:  1# A-->C
19416:  4# A-->B
19417:  1# C-->B
19418:  2# C-->A
19419:  1# B-->A
19420:  3# C-->B
19421:  1# A-->C
19422:  2# A-->B
19423:  1# C-->B
19424:  6# C-->A
19425:  1# B-->A
19426:  2# B-->C
19427:  1# A-->C
19428:  3# B-->A
19429:  1# C-->B
19430:  2# C-->A
19431:  1# B-->A
19432:  4# B-->C
19433:  1# A-->C
19434:  2# A-->B
19435:  1# C-->B
19436:  3# A-->C
19437:  1# B-->A
19438:  2# B-->C
19439:  1# A-->C
19440:  5# B-->A
19441:  1# C-->B
19442:  2# C-->A
19443:  1# B-->A
19444:  3# C-->B
19445:  1# A-->C
19446:  2# A-->B
19447:  1# C-->B
19448:  4# C-->A
19449:  1# B-->A
19450:  2# B-->C
19451:  1# A-->C
19452:  3# B-->A
19453:  1# C-->B
19454:  2# C-->A
19455:  1# B-->A
19456: 11# C-->B
19457:  1# A-->C
19458:  2# A-->B
19459:  1# C-->B
19460:  3# A-->C
19461:  1# B-->A
19462:  2# B-->C
19463:  1# A-->C
19464:  4# A-->B
19465:  1# C-->B
19466:  2# C-->A
19467:  1# B-->A
19468:  3# C-->B
19469:  1# A-->C
19470:  2# A-->B
19471:  1# C-->B
19472:  5# A-->C
19473:  1# B-->A
19474:  2# B-->C
19475:  1# A-->C
19476:  3# B-->A
19477:  1# C-->B
19478:  2# C-->A
19479:  1# B-->A
19480:  4# B-->C
19481:  1# A-->C
19482:  2# A-->B
19483:  1# C-->B
19484:  3# A-->C
19485:  1# B-->A
19486:  2# B-->C
19487:  1# A-->C
19488:  6# A-->B
19489:  1# C-->B
19490:  2# C-->A
19491:  1# B-->A
19492:  3# C-->B
19493:  1# A-->C
19494:  2# A-->B
19495:  1# C-->B
19496:  4# C-->A
19497:  1# B-->A
19498:  2# B-->C
19499:  1# A-->C
19500:  3# B-->A
19501:  1# C-->B
19502:  2# C-->A
19503:  1# B-->A
19504:  5# C-->B
19505:  1# A-->C
19506:  2# A-->B
19507:  1# C-->B
19508:  3# A-->C
19509:  1# B-->A
19510:  2# B-->C
19511:  1# A-->C
19512:  4# A-->B
19513:  1# C-->B
19514:  2# C-->A
19515:  1# B-->A
19516:  3# C-->B
19517:  1# A-->C
19518:  2# A-->B
19519:  1# C-->B
19520:  7# A-->C
19521:  1# B-->A
19522:  2# B-->C
19523:  1# A-->C
19524:  3# B-->A
19525:  1# C-->B
19526:  2# C-->A
19527:  1# B-->A
19528:  4# B-->C
19529:  1# A-->C
19530:  2# A-->B
19531:  1# C-->B
19532:  3# A-->C
19533:  1# B-->A
19534:  2# B-->C
19535:  1# A-->C
19536:  5# B-->A
19537:  1# C-->B
19538:  2# C-->A
19539:  1# B-->A
19540:  3# C-->B
19541:  1# A-->C
19542:  2# A-->B
19543:  1# C-->B
19544:  4# C-->A
19545:  1# B-->A
19546:  2# B-->C
19547:  1# A-->C
19548:  3# B-->A
19549:  1# C-->B
19550:  2# C-->A
19551:  1# B-->A
19552:  6# B-->C
19553:  1# A-->C
19554:  2# A-->B
19555:  1# C-->B
19556:  3# A-->C
19557:  1# B-->A
19558:  2# B-->C
19559:  1# A-->C
19560:  4# A-->B
19561:  1# C-->B
19562:  2# C-->A
19563:  1# B-->A
19564:  3# C-->B
19565:  1# A-->C
19566:  2# A-->B
19567:  1# C-->B
19568:  5# A-->C
19569:  1# B-->A
19570:  2# B-->C
19571:  1# A-->C
19572:  3# B-->A
19573:  1# C-->B
19574:  2# C-->A
19575:  1# B-->A
19576:  4# B-->C
19577:  1# A-->C
19578:  2# A-->B
19579:  1# C-->B
19580:  3# A-->C
19581:  1# B-->A
19582:  2# B-->C
19583:  1# A-->C
19584:  8# A-->B
19585:  1# C-->B
19586:  2# C-->A
19587:  1# B-->A
19588:  3# C-->B
19589:  1# A-->C
19590:  2# A-->B
19591:  1# C-->B
19592:  4# C-->A
19593:  1# B-->A
19594:  2# B-->C
19595:  1# A-->C
19596:  3# B-->A
19597:  1# C-->B
19598:  2# C-->A
19599:  1# B-->A
19600:  5# C-->B
19601:  1# A-->C
19602:  2# A-->B
19603:  1# C-->B
19604:  3# A-->C
19605:  1# B-->A
19606:  2# B-->C
19607:  1# A-->C
19608:  4# A-->B
19609:  1# C-->B
19610:  2# C-->A
19611:  1# B-->A
19612:  3# C-->B
19613:  1# A-->C
19614:  2# A-->B
19615:  1# C-->B
19616:  6# C-->A
19617:  1# B-->A
19618:  2# B-->C
19619:  1# A-->C
19620:  3# B-->A
19621:  1# C-->B
19622:  2# C-->A
19623:  1# B-->A
19624:  4# B-->C
19625:  1# A-->C
19626:  2# A-->B
19627:  1# C-->B
19628:  3# A-->C
19629:  1# B-->A
19630:  2# B-->C
19631:  1# A-->C
19632:  5# B-->A
19633:  1# C-->B
19634:  2# C-->A
19635:  1# B-->A
19636:  3# C-->B
19637:  1# A-->C
19638:  2# A-->B
19639:  1# C-->B
19640:  4# C-->A
19641:  1# B-->A
19642:  2# B-->C
19643:  1# A-->C
19644:  3# B-->A
19645:  1# C-->B
19646:  2# C-->A
19647:  1# B-->A
19648:  7# C-->B
19649:  1# A-->C
19650:  2# A-->B
19651:  1# C-->B
19652:  3# A-->C
19653:  1# B-->A
19654:  2# B-->C
19655:  1# A-->C
19656:  4# A-->B
19657:  1# C-->B
19658:  2# C-->A
19659:  1# B-->A
19660:  3# C-->B
19661:  1# A-->C
19662:  2# A-->B
19663:  1# C-->B
19664:  5# A-->C
19665:  1# B-->A
19666:  2# B-->C
19667:  1# A-->C
19668:  3# B-->A
19669:  1# C-->B
19670:  2# C-->A
19671:  1# B-->A
19672:  4# B-->C
19673:  1# A-->C
19674:  2# A-->B
19675:  1# C-->B
19676:  3# A-->C
19677:  1# B-->A
19678:  2# B-->C
19679:  1# A-->C
19680:  6# A-->B
19681:  1# C-->B
19682:  2# C-->A
19683:  1# B-->A
19684:  3# C-->B
19685:  1# A-->C
19686:  2# A-->B
19687:  1# C-->B
19688:  4# C-->A
19689:  1# B-->A
19690:  2# B-->C
19691:  1# A-->C
19692:  3# B-->A
19693:  1# C-->B
19694:  2# C-->A
19695:  1# B-->A
19696:  5# C-->B
19697:  1# A-->C
19698:  2# A-->B
19699:  1# C-->B
19700:  3# A-->C
19701:  1# B-->A
19702:  2# B-->C
19703:  1# A-->C
19704:  4# A-->B
19705:  1# C-->B
19706:  2# C-->A
19707:  1# B-->A
19708:  3# C-->B
19709:  1# A-->C
19710:  2# A-->B
19711:  1# C-->B
19712:  9# A-->C
19713:  1# B-->A
19714:  2# B-->C
19715:  1# A-->C
19716:  3# B-->A
19717:  1# C-->B
19718:  2# C-->A
19719:  1# B-->A
19720:  4# B-->C
19721:  1# A-->C
19722:  2# A-->B
19723:  1# C-->B
19724:  3# A-->C
19725:  1# B-->A
19726:  2# B-->C
19727:  1# A-->C
19728:  5# B-->A
19729:  1# C-->B
19730:  2# C-->A
19731:  1# B-->A
19732:  3# C-->B
19733:  1# A-->C
19734:  2# A-->B
19735:  1# C-->B
19736:  4# C-->A
19737:  1# B-->A
19738:  2# B-->C
19739:  1# A-->C
19740:  3# B-->A
19741:  1# C-->B
19742:  2# C-->A
19743:  1# B-->A
19744:  6# B-->C
19745:  1# A-->C
19746:  2# A-->B
19747:  1# C-->B
19748:  3# A-->C
19749:  1# B-->A
19750:  2# B-->C
19751:  1# A-->C
19752:  4# A-->B
19753:  1# C-->B
19754:  2# C-->A
19755:  1# B-->A
19756:  3# C-->B
19757:  1# A-->C
19758:  2# A-->B
19759:  1# C-->B
19760:  5# A-->C
19761:  1# B-->A
19762:  2# B-->C
19763:  1# A-->C
19764:  3# B-->A
19765:  1# C-->B
19766:  2# C-->A
19767:  1# B-->A
19768:  4# B-->C
19769:  1# A-->C
19770:  2# A-->B
19771:  1# C-->B
19772:  3# A-->C
19773:  1# B-->A
19774:  2# B-->C
19775:  1# A-->C
19776:  7# B-->A
19777:  1# C-->B
19778:  2# C-->A
19779:  1# B-->A
19780:  3# C-->B
19781:  1# A-->C
19782:  2# A-->B
19783:  1# C-->B
19784:  4# C-->A
19785:  1# B-->A
19786:  2# B-->C
19787:  1# A-->C
19788:  3# B-->A
19789:  1# C-->B
19790:  2# C-->A
19791:  1# B-->A
19792:  5# C-->B
19793:  1# A-->C
19794:  2# A-->B
19795:  1# C-->B
19796:  3# A-->C
19797:  1# B-->A
19798:  2# B-->C
19799:  1# A-->C
19800:  4# A-->B
19801:  1# C-->B
19802:  2# C-->A
19803:  1# B-->A
19804:  3# C-->B
19805:  1# A-->C
19806:  2# A-->B
19807:  1# C-->B
19808:  6# C-->A
19809:  1# B-->A
19810:  2# B-->C
19811:  1# A-->C
19812:  3# B-->A
19813:  1# C-->B
19814:  2# C-->A
19815:  1# B-->A
19816:  4# B-->C
19817:  1# A-->C
19818:  2# A-->B
19819:  1# C-->B
19820:  3# A-->C
19821:  1# B-->A
19822:  2# B-->C
19823:  1# A-->C
19824:  5# B-->A
19825:  1# C-->B
19826:  2# C-->A
19827:  1# B-->A
19828:  3# C-->B
19829:  1# A-->C
19830:  2# A-->B
19831:  1# C-->B
19832:  4# C-->A
19833:  1# B-->A
19834:  2# B-->C
19835:  1# A-->C
19836:  3# B-->A
19837:  1# C-->B
19838:  2# C-->A
19839:  1# B-->A
19840:  8# B-->C
19841:  1# A-->C
19842:  2# A-->B
19843:  1# C-->B
19844:  3# A-->C
19845:  1# B-->A
19846:  2# B-->C
19847:  1# A-->C
19848:  4# A-->B
19849:  1# C-->B
19850:  2# C-->A
19851:  1# B-->A
19852:  3# C-->B
19853:  1# A-->C
19854:  2# A-->B
19855:  1# C-->B
19856:  5# A-->C
19857:  1# B-->A
19858:  2# B-->C
19859:  1# A-->C
19860:  3# B-->A
19861:  1# C-->B
19862:  2# C-->A
19863:  1# B-->A
19864:  4# B-->C
19865:  1# A-->C
19866:  2# A-->B
19867:  1# C-->B
19868:  3# A-->C
19869:  1# B-->A
19870:  2# B-->C
19871:  1# A-->C
19872:  6# A-->B
19873:  1# C-->B
19874:  2# C-->A
19875:  1# B-->A
19876:  3# C-->B
19877:  1# A-->C
19878:  2# A-->B
19879:  1# C-->B
19880:  4# C-->A
19881:  1# B-->A
19882:  2# B-->C
19883:  1# A-->C
19884:  3# B-->A
19885:  1# C-->B
19886:  2# C-->A
19887:  1# B-->A
19888:  5# C-->B
19889:  1# A-->C
19890:  2# A-->B
19891:  1# C-->B
19892:  3# A-->C
19893:  1# B-->A
19894:  2# B-->C
19895:  1# A-->C
19896:  4# A-->B
19897:  1# C-->B
19898:  2# C-->A
19899:  1# B-->A
19900:  3# C-->B
19901:  1# A-->C
19902:  2# A-->B
19903:  1# C-->B
19904:  7# A-->C
19905:  1# B-->A
19906:  2# B-->C
19907:  1# A-->C
19908:  3# B-->A
19909:  1# C-->B
19910:  2# C-->A
19911:  1# B-->A
19912:  4# B-->C
19913:  1# A-->C
19914:  2# A-->B
19915:  1# C-->B
19916:  3# A-->C
19917:  1# B-->A
19918:  2# B-->C
19919:  1# A-->C
19920:  5# B-->A
19921:  1# C-->B
19922:  2# C-->A
19923:  1# B-->A
19924:  3# C-->B
19925:  1# A-->C
19926:  2# A-->B
19927:  1# C-->B
19928:  4# C-->A
19929:  1# B-->A
19930:  2# B-->C
19931:  1# A-->C
19932:  3# B-->A
19933:  1# C-->B
19934:  2# C-->A
19935:  1# B-->A
19936:  6# B-->C
19937:  1# A-->C
19938:  2# A-->B
19939:  1# C-->B
19940:  3# A-->C
19941:  1# B-->A
19942:  2# B-->C
19943:  1# A-->C
19944:  4# A-->B
19945:  1# C-->B
19946:  2# C-->A
19947:  1# B-->A
19948:  3# C-->B
19949:  1# A-->C
19950:  2# A-->B
19951:  1# C-->B
19952:  5# A-->C
19953:  1# B-->A
19954:  2# B-->C
19955:  1# A-->C
19956:  3# B-->A
19957:  1# C-->B
19958:  2# C-->A
19959:  1# B-->A
19960:  4# B-->C
19961:  1# A-->C
19962:  2# A-->B
19963:  1# C-->B
19964:  3# A-->C
19965:  1# B-->A
19966:  2# B-->C
19967:  1# A-->C
19968: 10# A-->B
19969:  1# C-->B
19970:  2# C-->A
19971:  1# B-->A
19972:  3# C-->B
19973:  1# A-->C
19974:  2# A-->B
19975:  1# C-->B
19976:  4# C-->A
19977:  1# B-->A
19978:  2# B-->C
19979:  1# A-->C
19980:  3# B-->A
19981:  1# C-->B
19982:  2# C-->A
19983:  1# B-->A
19984:  5# C-->B
19985:  1# A-->C
19986:  2# A-->B
19987:  1# C-->B
19988:  3# A-->C
19989:  1# B-->A
19990:  2# B-->C
19991:  1# A-->C
19992:  4# A-->B
19993:  1# C-->B
19994:  2# C-->A
19995:  1# B-->A
19996:  3# C-->B
19997:  1# A-->C
19998:  2# A-->B
19999:  1# C-->B
20000:  6# C-->A
20001:  1# B-->A
20002:  2# B-->C
20003:  1# A-->C
20004:  3# B-->A
20005:  1# C-->B
20006:  2# C-->A
20007:  1# B-->A
20008:  4# B-->C
20009:  1# A-->C
20010:  2# A-->B
20011:  1# C-->B
20012:  3# A-->C
20013:  1# B-->A
20014:  2# B-->C
20015:  1# A-->C
20016:  5# B-->A
20017:  1# C-->B
20018:  2# C-->A
20019:  1# B-->A
20020:  3# C-->B
20021:  1# A-->C
20022:  2# A-->B
20023:  1# C-->B
20024:  4# C-->A
20025:  1# B-->A
20026:  2# B-->C
20027:  1# A-->C
20028:  3# B-->A
20029:  1# C-->B
20030:  2# C-->A
20031:  1# B-->A
20032:  7# C-->B
20033:  1# A-->C
20034:  2# A-->B
20035:  1# C-->B
20036:  3# A-->C
20037:  1# B-->A
20038:  2# B-->C
20039:  1# A-->C
20040:  4# A-->B
20041:  1# C-->B
20042:  2# C-->A
20043:  1# B-->A
20044:  3# C-->B
20045:  1# A-->C
20046:  2# A-->B
20047:  1# C-->B
20048:  5# A-->C
20049:  1# B-->A
20050:  2# B-->C
20051:  1# A-->C
20052:  3# B-->A
20053:  1# C-->B
20054:  2# C-->A
20055:  1# B-->A
20056:  4# B-->C
20057:  1# A-->C
20058:  2# A-->B
20059:  1# C-->B
20060:  3# A-->C
20061:  1# B-->A
20062:  2# B-->C
20063:  1# A-->C
20064:  6# A-->B
20065:  1# C-->B
20066:  2# C-->A
20067:  1# B-->A
20068:  3# C-->B
20069:  1# A-->C
20070:  2# A-->B
20071:  1# C-->B
20072:  4# C-->A
20073:  1# B-->A
20074:  2# B-->C
20075:  1# A-->C
20076:  3# B-->A
20077:  1# C-->B
20078:  2# C-->A
20079:  1# B-->A
20080:  5# C-->B
20081:  1# A-->C
20082:  2# A-->B
20083:  1# C-->B
20084:  3# A-->C
20085:  1# B-->A
20086:  2# B-->C
20087:  1# A-->C
20088:  4# A-->B
20089:  1# C-->B
20090:  2# C-->A
20091:  1# B-->A
20092:  3# C-->B
20093:  1# A-->C
20094:  2# A-->B
20095:  1# C-->B
20096:  8# C-->A
20097:  1# B-->A
20098:  2# B-->C
20099:  1# A-->C
20100:  3# B-->A
20101:  1# C-->B
20102:  2# C-->A
20103:  1# B-->A
20104:  4# B-->C
20105:  1# A-->C
20106:  2# A-->B
20107:  1# C-->B
20108:  3# A-->C
20109:  1# B-->A
20110:  2# B-->C
20111:  1# A-->C
20112:  5# B-->A
20113:  1# C-->B
20114:  2# C-->A
20115:  1# B-->A
20116:  3# C-->B
20117:  1# A-->C
20118:  2# A-->B
20119:  1# C-->B
20120:  4# C-->A
20121:  1# B-->A
20122:  2# B-->C
20123:  1# A-->C
20124:  3# B-->A
20125:  1# C-->B
20126:  2# C-->A
20127:  1# B-->A
20128:  6# B-->C
20129:  1# A-->C
20130:  2# A-->B
20131:  1# C-->B
20132:  3# A-->C
20133:  1# B-->A
20134:  2# B-->C
20135:  1# A-->C
20136:  4# A-->B
20137:  1# C-->B
20138:  2# C-->A
20139:  1# B-->A
20140:  3# C-->B
20141:  1# A-->C
20142:  2# A-->B
20143:  1# C-->B
20144:  5# A-->C
20145:  1# B-->A
20146:  2# B-->C
20147:  1# A-->C
20148:  3# B-->A
20149:  1# C-->B
20150:  2# C-->A
20151:  1# B-->A
20152:  4# B-->C
20153:  1# A-->C
20154:  2# A-->B
20155:  1# C-->B
20156:  3# A-->C
20157:  1# B-->A
20158:  2# B-->C
20159:  1# A-->C
20160:  7# B-->A
20161:  1# C-->B
20162:  2# C-->A
20163:  1# B-->A
20164:  3# C-->B
20165:  1# A-->C
20166:  2# A-->B
20167:  1# C-->B
20168:  4# C-->A
20169:  1# B-->A
20170:  2# B-->C
20171:  1# A-->C
20172:  3# B-->A
20173:  1# C-->B
20174:  2# C-->A
20175:  1# B-->A
20176:  5# C-->B
20177:  1# A-->C
20178:  2# A-->B
20179:  1# C-->B
20180:  3# A-->C
20181:  1# B-->A
20182:  2# B-->C
20183:  1# A-->C
20184:  4# A-->B
20185:  1# C-->B
20186:  2# C-->A
20187:  1# B-->A
20188:  3# C-->B
20189:  1# A-->C
20190:  2# A-->B
20191:  1# C-->B
20192:  6# C-->A
20193:  1# B-->A
20194:  2# B-->C
20195:  1# A-->C
20196:  3# B-->A
20197:  1# C-->B
20198:  2# C-->A
20199:  1# B-->A
20200:  4# B-->C
20201:  1# A-->C
20202:  2# A-->B
20203:  1# C-->B
20204:  3# A-->C
20205:  1# B-->A
20206:  2# B-->C
20207:  1# A-->C
20208:  5# B-->A
20209:  1# C-->B
20210:  2# C-->A
20211:  1# B-->A
20212:  3# C-->B
20213:  1# A-->C
20214:  2# A-->B
20215:  1# C-->B
20216:  4# C-->A
20217:  1# B-->A
20218:  2# B-->C
20219:  1# A-->C
20220:  3# B-->A
20221:  1# C-->B
20222:  2# C-->A
20223:  1# B-->A
20224:  9# C-->B
20225:  1# A-->C
20226:  2# A-->B
20227:  1# C-->B
20228:  3# A-->C
20229:  1# B-->A
20230:  2# B-->C
20231:  1# A-->C
20232:  4# A-->B
20233:  1# C-->B
20234:  2# C-->A
20235:  1# B-->A
20236:  3# C-->B
20237:  1# A-->C
20238:  2# A-->B
20239:  1# C-->B
20240:  5# A-->C
20241:  1# B-->A
20242:  2# B-->C
20243:  1# A-->C
20244:  3# B-->A
20245:  1# C-->B
20246:  2# C-->A
20247:  1# B-->A
20248:  4# B-->C
20249:  1# A-->C
20250:  2# A-->B
20251:  1# C-->B
20252:  3# A-->C
20253:  1# B-->A
20254:  2# B-->C
20255:  1# A-->C
20256:  6# A-->B
20257:  1# C-->B
20258:  2# C-->A
20259:  1# B-->A
20260:  3# C-->B
20261:  1# A-->C
20262:  2# A-->B
20263:  1# C-->B
20264:  4# C-->A
20265:  1# B-->A
20266:  2# B-->C
20267:  1# A-->C
20268:  3# B-->A
20269:  1# C-->B
20270:  2# C-->A
20271:  1# B-->A
20272:  5# C-->B
20273:  1# A-->C
20274:  2# A-->B
20275:  1# C-->B
20276:  3# A-->C
20277:  1# B-->A
20278:  2# B-->C
20279:  1# A-->C
20280:  4# A-->B
20281:  1# C-->B
20282:  2# C-->A
20283:  1# B-->A
20284:  3# C-->B
20285:  1# A-->C
20286:  2# A-->B
20287:  1# C-->B
20288:  7# A-->C
20289:  1# B-->A
20290:  2# B-->C
20291:  1# A-->C
20292:  3# B-->A
20293:  1# C-->B
20294:  2# C-->A
20295:  1# B-->A
20296:  4# B-->C
20297:  1# A-->C
20298:  2# A-->B
20299:  1# C-->B
20300:  3# A-->C
20301:  1# B-->A
20302:  2# B-->C
20303:  1# A-->C
20304:  5# B-->A
20305:  1# C-->B
20306:  2# C-->A
20307:  1# B-->A
20308:  3# C-->B
20309:  1# A-->C
20310:  2# A-->B
20311:  1# C-->B
20312:  4# C-->A
20313:  1# B-->A
20314:  2# B-->C
20315:  1# A-->C
20316:  3# B-->A
20317:  1# C-->B
20318:  2# C-->A
20319:  1# B-->A
20320:  6# B-->C
20321:  1# A-->C
20322:  2# A-->B
20323:  1# C-->B
20324:  3# A-->C
20325:  1# B-->A
20326:  2# B-->C
20327:  1# A-->C
20328:  4# A-->B
20329:  1# C-->B
20330:  2# C-->A
20331:  1# B-->A
20332:  3# C-->B
20333:  1# A-->C
20334:  2# A-->B
20335:  1# C-->B
20336:  5# A-->C
20337:  1# B-->A
20338:  2# B-->C
20339:  1# A-->C
20340:  3# B-->A
20341:  1# C-->B
20342:  2# C-->A
20343:  1# B-->A
20344:  4# B-->C
20345:  1# A-->C
20346:  2# A-->B
20347:  1# C-->B
20348:  3# A-->C
20349:  1# B-->A
20350:  2# B-->C
20351:  1# A-->C
20352:  8# A-->B
20353:  1# C-->B
20354:  2# C-->A
20355:  1# B-->A
20356:  3# C-->B
20357:  1# A-->C
20358:  2# A-->B
20359:  1# C-->B
20360:  4# C-->A
20361:  1# B-->A
20362:  2# B-->C
20363:  1# A-->C
20364:  3# B-->A
20365:  1# C-->B
20366:  2# C-->A
20367:  1# B-->A
20368:  5# C-->B
20369:  1# A-->C
20370:  2# A-->B
20371:  1# C-->B
20372:  3# A-->C
20373:  1# B-->A
20374:  2# B-->C
20375:  1# A-->C
20376:  4# A-->B
20377:  1# C-->B
20378:  2# C-->A
20379:  1# B-->A
20380:  3# C-->B
20381:  1# A-->C
20382:  2# A-->B
20383:  1# C-->B
20384:  6# C-->A
20385:  1# B-->A
20386:  2# B-->C
20387:  1# A-->C
20388:  3# B-->A
20389:  1# C-->B
20390:  2# C-->A
20391:  1# B-->A
20392:  4# B-->C
20393:  1# A-->C
20394:  2# A-->B
20395:  1# C-->B
20396:  3# A-->C
20397:  1# B-->A
20398:  2# B-->C
20399:  1# A-->C
20400:  5# B-->A
20401:  1# C-->B
20402:  2# C-->A
20403:  1# B-->A
20404:  3# C-->B
20405:  1# A-->C
20406:  2# A-->B
20407:  1# C-->B
20408:  4# C-->A
20409:  1# B-->A
20410:  2# B-->C
20411:  1# A-->C
20412:  3# B-->A
20413:  1# C-->B
20414:  2# C-->A
20415:  1# B-->A
20416:  7# C-->B
20417:  1# A-->C
20418:  2# A-->B
20419:  1# C-->B
20420:  3# A-->C
20421:  1# B-->A
20422:  2# B-->C
20423:  1# A-->C
20424:  4# A-->B
20425:  1# C-->B
20426:  2# C-->A
20427:  1# B-->A
20428:  3# C-->B
20429:  1# A-->C
20430:  2# A-->B
20431:  1# C-->B
20432:  5# A-->C
20433:  1# B-->A
20434:  2# B-->C
20435:  1# A-->C
20436:  3# B-->A
20437:  1# C-->B
20438:  2# C-->A
20439:  1# B-->A
20440:  4# B-->C
20441:  1# A-->C
20442:  2# A-->B
20443:  1# C-->B
20444:  3# A-->C
20445:  1# B-->A
20446:  2# B-->C
20447:  1# A-->C
20448:  6# A-->B
20449:  1# C-->B
20450:  2# C-->A
20451:  1# B-->A
20452:  3# C-->B
20453:  1# A-->C
20454:  2# A-->B
20455:  1# C-->B
20456:  4# C-->A
20457:  1# B-->A
20458:  2# B-->C
20459:  1# A-->C
20460:  3# B-->A
20461:  1# C-->B
20462:  2# C-->A
20463:  1# B-->A
20464:  5# C-->B
20465:  1# A-->C
20466:  2# A-->B
20467:  1# C-->B
20468:  3# A-->C
20469:  1# B-->A
20470:  2# B-->C
20471:  1# A-->C
20472:  4# A-->B
20473:  1# C-->B
20474:  2# C-->A
20475:  1# B-->A
20476:  3# C-->B
20477:  1# A-->C
20478:  2# A-->B
20479:  1# C-->B
20480: 13# A-->C
20481:  1# B-->A
20482:  2# B-->C
20483:  1# A-->C
20484:  3# B-->A
20485:  1# C-->B
20486:  2# C-->A
20487:  1# B-->A
20488:  4# B-->C
20489:  1# A-->C
20490:  2# A-->B
20491:  1# C-->B
20492:  3# A-->C
20493:  1# B-->A
20494:  2# B-->C
20495:  1# A-->C
20496:  5# B-->A
20497:  1# C-->B
20498:  2# C-->A
20499:  1# B-->A
20500:  3# C-->B
20501:  1# A-->C
20502:  2# A-->B
20503:  1# C-->B
20504:  4# C-->A
20505:  1# B-->A
20506:  2# B-->C
20507:  1# A-->C
20508:  3# B-->A
20509:  1# C-->B
20510:  2# C-->A
20511:  1# B-->A
20512:  6# B-->C
20513:  1# A-->C
20514:  2# A-->B
20515:  1# C-->B
20516:  3# A-->C
20517:  1# B-->A
20518:  2# B-->C
20519:  1# A-->C
20520:  4# A-->B
20521:  1# C-->B
20522:  2# C-->A
20523:  1# B-->A
20524:  3# C-->B
20525:  1# A-->C
20526:  2# A-->B
20527:  1# C-->B
20528:  5# A-->C
20529:  1# B-->A
20530:  2# B-->C
20531:  1# A-->C
20532:  3# B-->A
20533:  1# C-->B
20534:  2# C-->A
20535:  1# B-->A
20536:  4# B-->C
20537:  1# A-->C
20538:  2# A-->B
20539:  1# C-->B
20540:  3# A-->C
20541:  1# B-->A
20542:  2# B-->C
20543:  1# A-->C
20544:  7# B-->A
20545:  1# C-->B
20546:  2# C-->A
20547:  1# B-->A
20548:  3# C-->B
20549:  1# A-->C
20550:  2# A-->B
20551:  1# C-->B
20552:  4# C-->A
20553:  1# B-->A
20554:  2# B-->C
20555:  1# A-->C
20556:  3# B-->A
20557:  1# C-->B
20558:  2# C-->A
20559:  1# B-->A
20560:  5# C-->B
20561:  1# A-->C
20562:  2# A-->B
20563:  1# C-->B
20564:  3# A-->C
20565:  1# B-->A
20566:  2# B-->C
20567:  1# A-->C
20568:  4# A-->B
20569:  1# C-->B
20570:  2# C-->A
20571:  1# B-->A
20572:  3# C-->B
20573:  1# A-->C
20574:  2# A-->B
20575:  1# C-->B
20576:  6# C-->A
20577:  1# B-->A
20578:  2# B-->C
20579:  1# A-->C
20580:  3# B-->A
20581:  1# C-->B
20582:  2# C-->A
20583:  1# B-->A
20584:  4# B-->C
20585:  1# A-->C
20586:  2# A-->B
20587:  1# C-->B
20588:  3# A-->C
20589:  1# B-->A
20590:  2# B-->C
20591:  1# A-->C
20592:  5# B-->A
20593:  1# C-->B
20594:  2# C-->A
20595:  1# B-->A
20596:  3# C-->B
20597:  1# A-->C
20598:  2# A-->B
20599:  1# C-->B
20600:  4# C-->A
20601:  1# B-->A
20602:  2# B-->C
20603:  1# A-->C
20604:  3# B-->A
20605:  1# C-->B
20606:  2# C-->A
20607:  1# B-->A
20608:  8# B-->C
20609:  1# A-->C
20610:  2# A-->B
20611:  1# C-->B
20612:  3# A-->C
20613:  1# B-->A
20614:  2# B-->C
20615:  1# A-->C
20616:  4# A-->B
20617:  1# C-->B
20618:  2# C-->A
20619:  1# B-->A
20620:  3# C-->B
20621:  1# A-->C
20622:  2# A-->B
20623:  1# C-->B
20624:  5# A-->C
20625:  1# B-->A
20626:  2# B-->C
20627:  1# A-->C
20628:  3# B-->A
20629:  1# C-->B
20630:  2# C-->A
20631:  1# B-->A
20632:  4# B-->C
20633:  1# A-->C
20634:  2# A-->B
20635:  1# C-->B
20636:  3# A-->C
20637:  1# B-->A
20638:  2# B-->C
20639:  1# A-->C
20640:  6# A-->B
20641:  1# C-->B
20642:  2# C-->A
20643:  1# B-->A
20644:  3# C-->B
20645:  1# A-->C
20646:  2# A-->B
20647:  1# C-->B
20648:  4# C-->A
20649:  1# B-->A
20650:  2# B-->C
20651:  1# A-->C
20652:  3# B-->A
20653:  1# C-->B
20654:  2# C-->A
20655:  1# B-->A
20656:  5# C-->B
20657:  1# A-->C
20658:  2# A-->B
20659:  1# C-->B
20660:  3# A-->C
20661:  1# B-->A
20662:  2# B-->C
20663:  1# A-->C
20664:  4# A-->B
20665:  1# C-->B
20666:  2# C-->A
20667:  1# B-->A
20668:  3# C-->B
20669:  1# A-->C
20670:  2# A-->B
20671:  1# C-->B
20672:  7# A-->C
20673:  1# B-->A
20674:  2# B-->C
20675:  1# A-->C
20676:  3# B-->A
20677:  1# C-->B
20678:  2# C-->A
20679:  1# B-->A
20680:  4# B-->C
20681:  1# A-->C
20682:  2# A-->B
20683:  1# C-->B
20684:  3# A-->C
20685:  1# B-->A
20686:  2# B-->C
20687:  1# A-->C
20688:  5# B-->A
20689:  1# C-->B
20690:  2# C-->A
20691:  1# B-->A
20692:  3# C-->B
20693:  1# A-->C
20694:  2# A-->B
20695:  1# C-->B
20696:  4# C-->A
20697:  1# B-->A
20698:  2# B-->C
20699:  1# A-->C
20700:  3# B-->A
20701:  1# C-->B
20702:  2# C-->A
20703:  1# B-->A
20704:  6# B-->C
20705:  1# A-->C
20706:  2# A-->B
20707:  1# C-->B
20708:  3# A-->C
20709:  1# B-->A
20710:  2# B-->C
20711:  1# A-->C
20712:  4# A-->B
20713:  1# C-->B
20714:  2# C-->A
20715:  1# B-->A
20716:  3# C-->B
20717:  1# A-->C
20718:  2# A-->B
20719:  1# C-->B
20720:  5# A-->C
20721:  1# B-->A
20722:  2# B-->C
20723:  1# A-->C
20724:  3# B-->A
20725:  1# C-->B
20726:  2# C-->A
20727:  1# B-->A
20728:  4# B-->C
20729:  1# A-->C
20730:  2# A-->B
20731:  1# C-->B
20732:  3# A-->C
20733:  1# B-->A
20734:  2# B-->C
20735:  1# A-->C
20736:  9# B-->A
20737:  1# C-->B
20738:  2# C-->A
20739:  1# B-->A
20740:  3# C-->B
20741:  1# A-->C
20742:  2# A-->B
20743:  1# C-->B
20744:  4# C-->A
20745:  1# B-->A
20746:  2# B-->C
20747:  1# A-->C
20748:  3# B-->A
20749:  1# C-->B
20750:  2# C-->A
20751:  1# B-->A
20752:  5# C-->B
20753:  1# A-->C
20754:  2# A-->B
20755:  1# C-->B
20756:  3# A-->C
20757:  1# B-->A
20758:  2# B-->C
20759:  1# A-->C
20760:  4# A-->B
20761:  1# C-->B
20762:  2# C-->A
20763:  1# B-->A
20764:  3# C-->B
20765:  1# A-->C
20766:  2# A-->B
20767:  1# C-->B
20768:  6# C-->A
20769:  1# B-->A
20770:  2# B-->C
20771:  1# A-->C
20772:  3# B-->A
20773:  1# C-->B
20774:  2# C-->A
20775:  1# B-->A
20776:  4# B-->C
20777:  1# A-->C
20778:  2# A-->B
20779:  1# C-->B
20780:  3# A-->C
20781:  1# B-->A
20782:  2# B-->C
20783:  1# A-->C
20784:  5# B-->A
20785:  1# C-->B
20786:  2# C-->A
20787:  1# B-->A
20788:  3# C-->B
20789:  1# A-->C
20790:  2# A-->B
20791:  1# C-->B
20792:  4# C-->A
20793:  1# B-->A
20794:  2# B-->C
20795:  1# A-->C
20796:  3# B-->A
20797:  1# C-->B
20798:  2# C-->A
20799:  1# B-->A
20800:  7# C-->B
20801:  1# A-->C
20802:  2# A-->B
20803:  1# C-->B
20804:  3# A-->C
20805:  1# B-->A
20806:  2# B-->C
20807:  1# A-->C
20808:  4# A-->B
20809:  1# C-->B
20810:  2# C-->A
20811:  1# B-->A
20812:  3# C-->B
20813:  1# A-->C
20814:  2# A-->B
20815:  1# C-->B
20816:  5# A-->C
20817:  1# B-->A
20818:  2# B-->C
20819:  1# A-->C
20820:  3# B-->A
20821:  1# C-->B
20822:  2# C-->A
20823:  1# B-->A
20824:  4# B-->C
20825:  1# A-->C
20826:  2# A-->B
20827:  1# C-->B
20828:  3# A-->C
20829:  1# B-->A
20830:  2# B-->C
20831:  1# A-->C
20832:  6# A-->B
20833:  1# C-->B
20834:  2# C-->A
20835:  1# B-->A
20836:  3# C-->B
20837:  1# A-->C
20838:  2# A-->B
20839:  1# C-->B
20840:  4# C-->A
20841:  1# B-->A
20842:  2# B-->C
20843:  1# A-->C
20844:  3# B-->A
20845:  1# C-->B
20846:  2# C-->A
20847:  1# B-->A
20848:  5# C-->B
20849:  1# A-->C
20850:  2# A-->B
20851:  1# C-->B
20852:  3# A-->C
20853:  1# B-->A
20854:  2# B-->C
20855:  1# A-->C
20856:  4# A-->B
20857:  1# C-->B
20858:  2# C-->A
20859:  1# B-->A
20860:  3# C-->B
20861:  1# A-->C
20862:  2# A-->B
20863:  1# C-->B
20864:  8# C-->A
20865:  1# B-->A
20866:  2# B-->C
20867:  1# A-->C
20868:  3# B-->A
20869:  1# C-->B
20870:  2# C-->A
20871:  1# B-->A
20872:  4# B-->C
20873:  1# A-->C
20874:  2# A-->B
20875:  1# C-->B
20876:  3# A-->C
20877:  1# B-->A
20878:  2# B-->C
20879:  1# A-->C
20880:  5# B-->A
20881:  1# C-->B
20882:  2# C-->A
20883:  1# B-->A
20884:  3# C-->B
20885:  1# A-->C
20886:  2# A-->B
20887:  1# C-->B
20888:  4# C-->A
20889:  1# B-->A
20890:  2# B-->C
20891:  1# A-->C
20892:  3# B-->A
20893:  1# C-->B
20894:  2# C-->A
20895:  1# B-->A
20896:  6# B-->C
20897:  1# A-->C
20898:  2# A-->B
20899:  1# C-->B
20900:  3# A-->C
20901:  1# B-->A
20902:  2# B-->C
20903:  1# A-->C
20904:  4# A-->B
20905:  1# C-->B
20906:  2# C-->A
20907:  1# B-->A
20908:  3# C-->B
20909:  1# A-->C
20910:  2# A-->B
20911:  1# C-->B
20912:  5# A-->C
20913:  1# B-->A
20914:  2# B-->C
20915:  1# A-->C
20916:  3# B-->A
20917:  1# C-->B
20918:  2# C-->A
20919:  1# B-->A
20920:  4# B-->C
20921:  1# A-->C
20922:  2# A-->B
20923:  1# C-->B
20924:  3# A-->C
20925:  1# B-->A
20926:  2# B-->C
20927:  1# A-->C
20928:  7# B-->A
20929:  1# C-->B
20930:  2# C-->A
20931:  1# B-->A
20932:  3# C-->B
20933:  1# A-->C
20934:  2# A-->B
20935:  1# C-->B
20936:  4# C-->A
20937:  1# B-->A
20938:  2# B-->C
20939:  1# A-->C
20940:  3# B-->A
20941:  1# C-->B
20942:  2# C-->A
20943:  1# B-->A
20944:  5# C-->B
20945:  1# A-->C
20946:  2# A-->B
20947:  1# C-->B
20948:  3# A-->C
20949:  1# B-->A
20950:  2# B-->C
20951:  1# A-->C
20952:  4# A-->B
20953:  1# C-->B
20954:  2# C-->A
20955:  1# B-->A
20956:  3# C-->B
20957:  1# A-->C
20958:  2# A-->B
20959:  1# C-->B
20960:  6# C-->A
20961:  1# B-->A
20962:  2# B-->C
20963:  1# A-->C
20964:  3# B-->A
20965:  1# C-->B
20966:  2# C-->A
20967:  1# B-->A
20968:  4# B-->C
20969:  1# A-->C
20970:  2# A-->B
20971:  1# C-->B
20972:  3# A-->C
20973:  1# B-->A
20974:  2# B-->C
20975:  1# A-->C
20976:  5# B-->A
20977:  1# C-->B
20978:  2# C-->A
20979:  1# B-->A
20980:  3# C-->B
20981:  1# A-->C
20982:  2# A-->B
20983:  1# C-->B
20984:  4# C-->A
20985:  1# B-->A
20986:  2# B-->C
20987:  1# A-->C
20988:  3# B-->A
20989:  1# C-->B
20990:  2# C-->A
20991:  1# B-->A
20992: 10# B-->C
20993:  1# A-->C
20994:  2# A-->B
20995:  1# C-->B
20996:  3# A-->C
20997:  1# B-->A
20998:  2# B-->C
20999:  1# A-->C
21000:  4# A-->B
21001:  1# C-->B
21002:  2# C-->A
21003:  1# B-->A
21004:  3# C-->B
21005:  1# A-->C
21006:  2# A-->B
21007:  1# C-->B
21008:  5# A-->C
21009:  1# B-->A
21010:  2# B-->C
21011:  1# A-->C
21012:  3# B-->A
21013:  1# C-->B
21014:  2# C-->A
21015:  1# B-->A
21016:  4# B-->C
21017:  1# A-->C
21018:  2# A-->B
21019:  1# C-->B
21020:  3# A-->C
21021:  1# B-->A
21022:  2# B-->C
21023:  1# A-->C
21024:  6# A-->B
21025:  1# C-->B
21026:  2# C-->A
21027:  1# B-->A
21028:  3# C-->B
21029:  1# A-->C
21030:  2# A-->B
21031:  1# C-->B
21032:  4# C-->A
21033:  1# B-->A
21034:  2# B-->C
21035:  1# A-->C
21036:  3# B-->A
21037:  1# C-->B
21038:  2# C-->A
21039:  1# B-->A
21040:  5# C-->B
21041:  1# A-->C
21042:  2# A-->B
21043:  1# C-->B
21044:  3# A-->C
21045:  1# B-->A
21046:  2# B-->C
21047:  1# A-->C
21048:  4# A-->B
21049:  1# C-->B
21050:  2# C-->A
21051:  1# B-->A
21052:  3# C-->B
21053:  1# A-->C
21054:  2# A-->B
21055:  1# C-->B
21056:  7# A-->C
21057:  1# B-->A
21058:  2# B-->C
21059:  1# A-->C
21060:  3# B-->A
21061:  1# C-->B
21062:  2# C-->A
21063:  1# B-->A
21064:  4# B-->C
21065:  1# A-->C
21066:  2# A-->B
21067:  1# C-->B
21068:  3# A-->C
21069:  1# B-->A
21070:  2# B-->C
21071:  1# A-->C
21072:  5# B-->A
21073:  1# C-->B
21074:  2# C-->A
21075:  1# B-->A
21076:  3# C-->B
21077:  1# A-->C
21078:  2# A-->B
21079:  1# C-->B
21080:  4# C-->A
21081:  1# B-->A
21082:  2# B-->C
21083:  1# A-->C
21084:  3# B-->A
21085:  1# C-->B
21086:  2# C-->A
21087:  1# B-->A
21088:  6# B-->C
21089:  1# A-->C
21090:  2# A-->B
21091:  1# C-->B
21092:  3# A-->C
21093:  1# B-->A
21094:  2# B-->C
21095:  1# A-->C
21096:  4# A-->B
21097:  1# C-->B
21098:  2# C-->A
21099:  1# B-->A
21100:  3# C-->B
21101:  1# A-->C
21102:  2# A-->B
21103:  1# C-->B
21104:  5# A-->C
21105:  1# B-->A
21106:  2# B-->C
21107:  1# A-->C
21108:  3# B-->A
21109:  1# C-->B
21110:  2# C-->A
21111:  1# B-->A
21112:  4# B-->C
21113:  1# A-->C
21114:  2# A-->B
21115:  1# C-->B
21116:  3# A-->C
21117:  1# B-->A
21118:  2# B-->C
21119:  1# A-->C
21120:  8# A-->B
21121:  1# C-->B
21122:  2# C-->A
21123:  1# B-->A
21124:  3# C-->B
21125:  1# A-->C
21126:  2# A-->B
21127:  1# C-->B
21128:  4# C-->A
21129:  1# B-->A
21130:  2# B-->C
21131:  1# A-->C
21132:  3# B-->A
21133:  1# C-->B
21134:  2# C-->A
21135:  1# B-->A
21136:  5# C-->B
21137:  1# A-->C
21138:  2# A-->B
21139:  1# C-->B
21140:  3# A-->C
21141:  1# B-->A
21142:  2# B-->C
21143:  1# A-->C
21144:  4# A-->B
21145:  1# C-->B
21146:  2# C-->A
21147:  1# B-->A
21148:  3# C-->B
21149:  1# A-->C
21150:  2# A-->B
21151:  1# C-->B
21152:  6# C-->A
21153:  1# B-->A
21154:  2# B-->C
21155:  1# A-->C
21156:  3# B-->A
21157:  1# C-->B
21158:  2# C-->A
21159:  1# B-->A
21160:  4# B-->C
21161:  1# A-->C
21162:  2# A-->B
21163:  1# C-->B
21164:  3# A-->C
21165:  1# B-->A
21166:  2# B-->C
21167:  1# A-->C
21168:  5# B-->A
21169:  1# C-->B
21170:  2# C-->A
21171:  1# B-->A
21172:  3# C-->B
21173:  1# A-->C
21174:  2# A-->B
21175:  1# C-->B
21176:  4# C-->A
21177:  1# B-->A
21178:  2# B-->C
21179:  1# A-->C
21180:  3# B-->A
21181:  1# C-->B
21182:  2# C-->A
21183:  1# B-->A
21184:  7# C-->B
21185:  1# A-->C
21186:  2# A-->B
21187:  1# C-->B
21188:  3# A-->C
21189:  1# B-->A
21190:  2# B-->C
21191:  1# A-->C
21192:  4# A-->B
21193:  1# C-->B
21194:  2# C-->A
21195:  1# B-->A
21196:  3# C-->B
21197:  1# A-->C
21198:  2# A-->B
21199:  1# C-->B
21200:  5# A-->C
21201:  1# B-->A
21202:  2# B-->C
21203:  1# A-->C
21204:  3# B-->A
21205:  1# C-->B
21206:  2# C-->A
21207:  1# B-->A
21208:  4# B-->C
21209:  1# A-->C
21210:  2# A-->B
21211:  1# C-->B
21212:  3# A-->C
21213:  1# B-->A
21214:  2# B-->C
21215:  1# A-->C
21216:  6# A-->B
21217:  1# C-->B
21218:  2# C-->A
21219:  1# B-->A
21220:  3# C-->B
21221:  1# A-->C
21222:  2# A-->B
21223:  1# C-->B
21224:  4# C-->A
21225:  1# B-->A
21226:  2# B-->C
21227:  1# A-->C
21228:  3# B-->A
21229:  1# C-->B
21230:  2# C-->A
21231:  1# B-->A
21232:  5# C-->B
21233:  1# A-->C
21234:  2# A-->B
21235:  1# C-->B
21236:  3# A-->C
21237:  1# B-->A
21238:  2# B-->C
21239:  1# A-->C
21240:  4# A-->B
21241:  1# C-->B
21242:  2# C-->A
21243:  1# B-->A
21244:  3# C-->B
21245:  1# A-->C
21246:  2# A-->B
21247:  1# C-->B
21248:  9# A-->C
21249:  1# B-->A
21250:  2# B-->C
21251:  1# A-->C
21252:  3# B-->A
21253:  1# C-->B
21254:  2# C-->A
21255:  1# B-->A
21256:  4# B-->C
21257:  1# A-->C
21258:  2# A-->B
21259:  1# C-->B
21260:  3# A-->C
21261:  1# B-->A
21262:  2# B-->C
21263:  1# A-->C
21264:  5# B-->A
21265:  1# C-->B
21266:  2# C-->A
21267:  1# B-->A
21268:  3# C-->B
21269:  1# A-->C
21270:  2# A-->B
21271:  1# C-->B
21272:  4# C-->A
21273:  1# B-->A
21274:  2# B-->C
21275:  1# A-->C
21276:  3# B-->A
21277:  1# C-->B
21278:  2# C-->A
21279:  1# B-->A
21280:  6# B-->C
21281:  1# A-->C
21282:  2# A-->B
21283:  1# C-->B
21284:  3# A-->C
21285:  1# B-->A
21286:  2# B-->C
21287:  1# A-->C
21288:  4# A-->B
21289:  1# C-->B
21290:  2# C-->A
21291:  1# B-->A
21292:  3# C-->B
21293:  1# A-->C
21294:  2# A-->B
21295:  1# C-->B
21296:  5# A-->C
21297:  1# B-->A
21298:  2# B-->C
21299:  1# A-->C
21300:  3# B-->A
21301:  1# C-->B
21302:  2# C-->A
21303:  1# B-->A
21304:  4# B-->C
21305:  1# A-->C
21306:  2# A-->B
21307:  1# C-->B
21308:  3# A-->C
21309:  1# B-->A
21310:  2# B-->C
21311:  1# A-->C
21312:  7# B-->A
21313:  1# C-->B
21314:  2# C-->A
21315:  1# B-->A
21316:  3# C-->B
21317:  1# A-->C
21318:  2# A-->B
21319:  1# C-->B
21320:  4# C-->A
21321:  1# B-->A
21322:  2# B-->C
21323:  1# A-->C
21324:  3# B-->A
21325:  1# C-->B
21326:  2# C-->A
21327:  1# B-->A
21328:  5# C-->B
21329:  1# A-->C
21330:  2# A-->B
21331:  1# C-->B
21332:  3# A-->C
21333:  1# B-->A
21334:  2# B-->C
21335:  1# A-->C
21336:  4# A-->B
21337:  1# C-->B
21338:  2# C-->A
21339:  1# B-->A
21340:  3# C-->B
21341:  1# A-->C
21342:  2# A-->B
21343:  1# C-->B
21344:  6# C-->A
21345:  1# B-->A
21346:  2# B-->C
21347:  1# A-->C
21348:  3# B-->A
21349:  1# C-->B
21350:  2# C-->A
21351:  1# B-->A
21352:  4# B-->C
21353:  1# A-->C
21354:  2# A-->B
21355:  1# C-->B
21356:  3# A-->C
21357:  1# B-->A
21358:  2# B-->C
21359:  1# A-->C
21360:  5# B-->A
21361:  1# C-->B
21362:  2# C-->A
21363:  1# B-->A
21364:  3# C-->B
21365:  1# A-->C
21366:  2# A-->B
21367:  1# C-->B
21368:  4# C-->A
21369:  1# B-->A
21370:  2# B-->C
21371:  1# A-->C
21372:  3# B-->A
21373:  1# C-->B
21374:  2# C-->A
21375:  1# B-->A
21376:  8# B-->C
21377:  1# A-->C
21378:  2# A-->B
21379:  1# C-->B
21380:  3# A-->C
21381:  1# B-->A
21382:  2# B-->C
21383:  1# A-->C
21384:  4# A-->B
21385:  1# C-->B
21386:  2# C-->A
21387:  1# B-->A
21388:  3# C-->B
21389:  1# A-->C
21390:  2# A-->B
21391:  1# C-->B
21392:  5# A-->C
21393:  1# B-->A
21394:  2# B-->C
21395:  1# A-->C
21396:  3# B-->A
21397:  1# C-->B
21398:  2# C-->A
21399:  1# B-->A
21400:  4# B-->C
21401:  1# A-->C
21402:  2# A-->B
21403:  1# C-->B
21404:  3# A-->C
21405:  1# B-->A
21406:  2# B-->C
21407:  1# A-->C
21408:  6# A-->B
21409:  1# C-->B
21410:  2# C-->A
21411:  1# B-->A
21412:  3# C-->B
21413:  1# A-->C
21414:  2# A-->B
21415:  1# C-->B
21416:  4# C-->A
21417:  1# B-->A
21418:  2# B-->C
21419:  1# A-->C
21420:  3# B-->A
21421:  1# C-->B
21422:  2# C-->A
21423:  1# B-->A
21424:  5# C-->B
21425:  1# A-->C
21426:  2# A-->B
21427:  1# C-->B
21428:  3# A-->C
21429:  1# B-->A
21430:  2# B-->C
21431:  1# A-->C
21432:  4# A-->B
21433:  1# C-->B
21434:  2# C-->A
21435:  1# B-->A
21436:  3# C-->B
21437:  1# A-->C
21438:  2# A-->B
21439:  1# C-->B
21440:  7# A-->C
21441:  1# B-->A
21442:  2# B-->C
21443:  1# A-->C
21444:  3# B-->A
21445:  1# C-->B
21446:  2# C-->A
21447:  1# B-->A
21448:  4# B-->C
21449:  1# A-->C
21450:  2# A-->B
21451:  1# C-->B
21452:  3# A-->C
21453:  1# B-->A
21454:  2# B-->C
21455:  1# A-->C
21456:  5# B-->A
21457:  1# C-->B
21458:  2# C-->A
21459:  1# B-->A
21460:  3# C-->B
21461:  1# A-->C
21462:  2# A-->B
21463:  1# C-->B
21464:  4# C-->A
21465:  1# B-->A
21466:  2# B-->C
21467:  1# A-->C
21468:  3# B-->A
21469:  1# C-->B
21470:  2# C-->A
21471:  1# B-->A
21472:  6# B-->C
21473:  1# A-->C
21474:  2# A-->B
21475:  1# C-->B
21476:  3# A-->C
21477:  1# B-->A
21478:  2# B-->C
21479:  1# A-->C
21480:  4# A-->B
21481:  1# C-->B
21482:  2# C-->A
21483:  1# B-->A
21484:  3# C-->B
21485:  1# A-->C
21486:  2# A-->B
21487:  1# C-->B
21488:  5# A-->C
21489:  1# B-->A
21490:  2# B-->C
21491:  1# A-->C
21492:  3# B-->A
21493:  1# C-->B
21494:  2# C-->A
21495:  1# B-->A
21496:  4# B-->C
21497:  1# A-->C
21498:  2# A-->B
21499:  1# C-->B
21500:  3# A-->C
21501:  1# B-->A
21502:  2# B-->C
21503:  1# A-->C
21504: 11# B-->A
21505:  1# C-->B
21506:  2# C-->A
21507:  1# B-->A
21508:  3# C-->B
21509:  1# A-->C
21510:  2# A-->B
21511:  1# C-->B
21512:  4# C-->A
21513:  1# B-->A
21514:  2# B-->C
21515:  1# A-->C
21516:  3# B-->A
21517:  1# C-->B
21518:  2# C-->A
21519:  1# B-->A
21520:  5# C-->B
21521:  1# A-->C
21522:  2# A-->B
21523:  1# C-->B
21524:  3# A-->C
21525:  1# B-->A
21526:  2# B-->C
21527:  1# A-->C
21528:  4# A-->B
21529:  1# C-->B
21530:  2# C-->A
21531:  1# B-->A
21532:  3# C-->B
21533:  1# A-->C
21534:  2# A-->B
21535:  1# C-->B
21536:  6# C-->A
21537:  1# B-->A
21538:  2# B-->C
21539:  1# A-->C
21540:  3# B-->A
21541:  1# C-->B
21542:  2# C-->A
21543:  1# B-->A
21544:  4# B-->C
21545:  1# A-->C
21546:  2# A-->B
21547:  1# C-->B
21548:  3# A-->C
21549:  1# B-->A
21550:  2# B-->C
21551:  1# A-->C
21552:  5# B-->A
21553:  1# C-->B
21554:  2# C-->A
21555:  1# B-->A
21556:  3# C-->B
21557:  1# A-->C
21558:  2# A-->B
21559:  1# C-->B
21560:  4# C-->A
21561:  1# B-->A
21562:  2# B-->C
21563:  1# A-->C
21564:  3# B-->A
21565:  1# C-->B
21566:  2# C-->A
21567:  1# B-->A
21568:  7# C-->B
21569:  1# A-->C
21570:  2# A-->B
21571:  1# C-->B
21572:  3# A-->C
21573:  1# B-->A
21574:  2# B-->C
21575:  1# A-->C
21576:  4# A-->B
21577:  1# C-->B
21578:  2# C-->A
21579:  1# B-->A
21580:  3# C-->B
21581:  1# A-->C
21582:  2# A-->B
21583:  1# C-->B
21584:  5# A-->C
21585:  1# B-->A
21586:  2# B-->C
21587:  1# A-->C
21588:  3# B-->A
21589:  1# C-->B
21590:  2# C-->A
21591:  1# B-->A
21592:  4# B-->C
21593:  1# A-->C
21594:  2# A-->B
21595:  1# C-->B
21596:  3# A-->C
21597:  1# B-->A
21598:  2# B-->C
21599:  1# A-->C
21600:  6# A-->B
21601:  1# C-->B
21602:  2# C-->A
21603:  1# B-->A
21604:  3# C-->B
21605:  1# A-->C
21606:  2# A-->B
21607:  1# C-->B
21608:  4# C-->A
21609:  1# B-->A
21610:  2# B-->C
21611:  1# A-->C
21612:  3# B-->A
21613:  1# C-->B
21614:  2# C-->A
21615:  1# B-->A
21616:  5# C-->B
21617:  1# A-->C
21618:  2# A-->B
21619:  1# C-->B
21620:  3# A-->C
21621:  1# B-->A
21622:  2# B-->C
21623:  1# A-->C
21624:  4# A-->B
21625:  1# C-->B
21626:  2# C-->A
21627:  1# B-->A
21628:  3# C-->B
21629:  1# A-->C
21630:  2# A-->B
21631:  1# C-->B
21632:  8# C-->A
21633:  1# B-->A
21634:  2# B-->C
21635:  1# A-->C
21636:  3# B-->A
21637:  1# C-->B
21638:  2# C-->A
21639:  1# B-->A
21640:  4# B-->C
21641:  1# A-->C
21642:  2# A-->B
21643:  1# C-->B
21644:  3# A-->C
21645:  1# B-->A
21646:  2# B-->C
21647:  1# A-->C
21648:  5# B-->A
21649:  1# C-->B
21650:  2# C-->A
21651:  1# B-->A
21652:  3# C-->B
21653:  1# A-->C
21654:  2# A-->B
21655:  1# C-->B
21656:  4# C-->A
21657:  1# B-->A
21658:  2# B-->C
21659:  1# A-->C
21660:  3# B-->A
21661:  1# C-->B
21662:  2# C-->A
21663:  1# B-->A
21664:  6# B-->C
21665:  1# A-->C
21666:  2# A-->B
21667:  1# C-->B
21668:  3# A-->C
21669:  1# B-->A
21670:  2# B-->C
21671:  1# A-->C
21672:  4# A-->B
21673:  1# C-->B
21674:  2# C-->A
21675:  1# B-->A
21676:  3# C-->B
21677:  1# A-->C
21678:  2# A-->B
21679:  1# C-->B
21680:  5# A-->C
21681:  1# B-->A
21682:  2# B-->C
21683:  1# A-->C
21684:  3# B-->A
21685:  1# C-->B
21686:  2# C-->A
21687:  1# B-->A
21688:  4# B-->C
21689:  1# A-->C
21690:  2# A-->B
21691:  1# C-->B
21692:  3# A-->C
21693:  1# B-->A
21694:  2# B-->C
21695:  1# A-->C
21696:  7# B-->A
21697:  1# C-->B
21698:  2# C-->A
21699:  1# B-->A
21700:  3# C-->B
21701:  1# A-->C
21702:  2# A-->B
21703:  1# C-->B
21704:  4# C-->A
21705:  1# B-->A
21706:  2# B-->C
21707:  1# A-->C
21708:  3# B-->A
21709:  1# C-->B
21710:  2# C-->A
21711:  1# B-->A
21712:  5# C-->B
21713:  1# A-->C
21714:  2# A-->B
21715:  1# C-->B
21716:  3# A-->C
21717:  1# B-->A
21718:  2# B-->C
21719:  1# A-->C
21720:  4# A-->B
21721:  1# C-->B
21722:  2# C-->A
21723:  1# B-->A
21724:  3# C-->B
21725:  1# A-->C
21726:  2# A-->B
21727:  1# C-->B
21728:  6# C-->A
21729:  1# B-->A
21730:  2# B-->C
21731:  1# A-->C
21732:  3# B-->A
21733:  1# C-->B
21734:  2# C-->A
21735:  1# B-->A
21736:  4# B-->C
21737:  1# A-->C
21738:  2# A-->B
21739:  1# C-->B
21740:  3# A-->C
21741:  1# B-->A
21742:  2# B-->C
21743:  1# A-->C
21744:  5# B-->A
21745:  1# C-->B
21746:  2# C-->A
21747:  1# B-->A
21748:  3# C-->B
21749:  1# A-->C
21750:  2# A-->B
21751:  1# C-->B
21752:  4# C-->A
21753:  1# B-->A
21754:  2# B-->C
21755:  1# A-->C
21756:  3# B-->A
21757:  1# C-->B
21758:  2# C-->A
21759:  1# B-->A
21760:  9# C-->B
21761:  1# A-->C
21762:  2# A-->B
21763:  1# C-->B
21764:  3# A-->C
21765:  1# B-->A
21766:  2# B-->C
21767:  1# A-->C
21768:  4# A-->B
21769:  1# C-->B
21770:  2# C-->A
21771:  1# B-->A
21772:  3# C-->B
21773:  1# A-->C
21774:  2# A-->B
21775:  1# C-->B
21776:  5# A-->C
21777:  1# B-->A
21778:  2# B-->C
21779:  1# A-->C
21780:  3# B-->A
21781:  1# C-->B
21782:  2# C-->A
21783:  1# B-->A
21784:  4# B-->C
21785:  1# A-->C
21786:  2# A-->B
21787:  1# C-->B
21788:  3# A-->C
21789:  1# B-->A
21790:  2# B-->C
21791:  1# A-->C
21792:  6# A-->B
21793:  1# C-->B
21794:  2# C-->A
21795:  1# B-->A
21796:  3# C-->B
21797:  1# A-->C
21798:  2# A-->B
21799:  1# C-->B
21800:  4# C-->A
21801:  1# B-->A
21802:  2# B-->C
21803:  1# A-->C
21804:  3# B-->A
21805:  1# C-->B
21806:  2# C-->A
21807:  1# B-->A
21808:  5# C-->B
21809:  1# A-->C
21810:  2# A-->B
21811:  1# C-->B
21812:  3# A-->C
21813:  1# B-->A
21814:  2# B-->C
21815:  1# A-->C
21816:  4# A-->B
21817:  1# C-->B
21818:  2# C-->A
21819:  1# B-->A
21820:  3# C-->B
21821:  1# A-->C
21822:  2# A-->B
21823:  1# C-->B
21824:  7# A-->C
21825:  1# B-->A
21826:  2# B-->C
21827:  1# A-->C
21828:  3# B-->A
21829:  1# C-->B
21830:  2# C-->A
21831:  1# B-->A
21832:  4# B-->C
21833:  1# A-->C
21834:  2# A-->B
21835:  1# C-->B
21836:  3# A-->C
21837:  1# B-->A
21838:  2# B-->C
21839:  1# A-->C
21840:  5# B-->A
21841:  1# C-->B
21842:  2# C-->A
21843:  1# B-->A
21844:  3# C-->B
21845:  1# A-->C
21846:  2# A-->B
21847:  1# C-->B
21848:  4# C-->A
21849:  1# B-->A
21850:  2# B-->C
21851:  1# A-->C
21852:  3# B-->A
21853:  1# C-->B
21854:  2# C-->A
21855:  1# B-->A
21856:  6# B-->C
21857:  1# A-->C
21858:  2# A-->B
21859:  1# C-->B
21860:  3# A-->C
21861:  1# B-->A
21862:  2# B-->C
21863:  1# A-->C
21864:  4# A-->B
21865:  1# C-->B
21866:  2# C-->A
21867:  1# B-->A
21868:  3# C-->B
21869:  1# A-->C
21870:  2# A-->B
21871:  1# C-->B
21872:  5# A-->C
21873:  1# B-->A
21874:  2# B-->C
21875:  1# A-->C
21876:  3# B-->A
21877:  1# C-->B
21878:  2# C-->A
21879:  1# B-->A
21880:  4# B-->C
21881:  1# A-->C
21882:  2# A-->B
21883:  1# C-->B
21884:  3# A-->C
21885:  1# B-->A
21886:  2# B-->C
21887:  1# A-->C
21888:  8# A-->B
21889:  1# C-->B
21890:  2# C-->A
21891:  1# B-->A
21892:  3# C-->B
21893:  1# A-->C
21894:  2# A-->B
21895:  1# C-->B
21896:  4# C-->A
21897:  1# B-->A
21898:  2# B-->C
21899:  1# A-->C
21900:  3# B-->A
21901:  1# C-->B
21902:  2# C-->A
21903:  1# B-->A
21904:  5# C-->B
21905:  1# A-->C
21906:  2# A-->B
21907:  1# C-->B
21908:  3# A-->C
21909:  1# B-->A
21910:  2# B-->C
21911:  1# A-->C
21912:  4# A-->B
21913:  1# C-->B
21914:  2# C-->A
21915:  1# B-->A
21916:  3# C-->B
21917:  1# A-->C
21918:  2# A-->B
21919:  1# C-->B
21920:  6# C-->A
21921:  1# B-->A
21922:  2# B-->C
21923:  1# A-->C
21924:  3# B-->A
21925:  1# C-->B
21926:  2# C-->A
21927:  1# B-->A
21928:  4# B-->C
21929:  1# A-->C
21930:  2# A-->B
21931:  1# C-->B
21932:  3# A-->C
21933:  1# B-->A
21934:  2# B-->C
21935:  1# A-->C
21936:  5# B-->A
21937:  1# C-->B
21938:  2# C-->A
21939:  1# B-->A
21940:  3# C-->B
21941:  1# A-->C
21942:  2# A-->B
21943:  1# C-->B
21944:  4# C-->A
21945:  1# B-->A
21946:  2# B-->C
21947:  1# A-->C
21948:  3# B-->A
21949:  1# C-->B
21950:  2# C-->A
21951:  1# B-->A
21952:  7# C-->B
21953:  1# A-->C
21954:  2# A-->B
21955:  1# C-->B
21956:  3# A-->C
21957:  1# B-->A
21958:  2# B-->C
21959:  1# A-->C
21960:  4# A-->B
21961:  1# C-->B
21962:  2# C-->A
21963:  1# B-->A
21964:  3# C-->B
21965:  1# A-->C
21966:  2# A-->B
21967:  1# C-->B
21968:  5# A-->C
21969:  1# B-->A
21970:  2# B-->C
21971:  1# A-->C
21972:  3# B-->A
21973:  1# C-->B
21974:  2# C-->A
21975:  1# B-->A
21976:  4# B-->C
21977:  1# A-->C
21978:  2# A-->B
21979:  1# C-->B
21980:  3# A-->C
21981:  1# B-->A
21982:  2# B-->C
21983:  1# A-->C
21984:  6# A-->B
21985:  1# C-->B
21986:  2# C-->A
21987:  1# B-->A
21988:  3# C-->B
21989:  1# A-->C
21990:  2# A-->B
21991:  1# C-->B
21992:  4# C-->A
21993:  1# B-->A
21994:  2# B-->C
21995:  1# A-->C
21996:  3# B-->A
21997:  1# C-->B
21998:  2# C-->A
21999:  1# B-->A
22000:  5# C-->B
22001:  1# A-->C
22002:  2# A-->B
22003:  1# C-->B
22004:  3# A-->C
22005:  1# B-->A
22006:  2# B-->C
22007:  1# A-->C
22008:  4# A-->B
22009:  1# C-->B
22010:  2# C-->A
22011:  1# B-->A
22012:  3# C-->B
22013:  1# A-->C
22014:  2# A-->B
22015:  1# C-->B
22016: 10# C-->A
22017:  1# B-->A
22018:  2# B-->C
22019:  1# A-->C
22020:  3# B-->A
22021:  1# C-->B
22022:  2# C-->A
22023:  1# B-->A
22024:  4# B-->C
22025:  1# A-->C
22026:  2# A-->B
22027:  1# C-->B
22028:  3# A-->C
22029:  1# B-->A
22030:  2# B-->C
22031:  1# A-->C
22032:  5# B-->A
22033:  1# C-->B
22034:  2# C-->A
22035:  1# B-->A
22036:  3# C-->B
22037:  1# A-->C
22038:  2# A-->B
22039:  1# C-->B
22040:  4# C-->A
22041:  1# B-->A
22042:  2# B-->C
22043:  1# A-->C
22044:  3# B-->A
22045:  1# C-->B
22046:  2# C-->A
22047:  1# B-->A
22048:  6# B-->C
22049:  1# A-->C
22050:  2# A-->B
22051:  1# C-->B
22052:  3# A-->C
22053:  1# B-->A
22054:  2# B-->C
22055:  1# A-->C
22056:  4# A-->B
22057:  1# C-->B
22058:  2# C-->A
22059:  1# B-->A
22060:  3# C-->B
22061:  1# A-->C
22062:  2# A-->B
22063:  1# C-->B
22064:  5# A-->C
22065:  1# B-->A
22066:  2# B-->C
22067:  1# A-->C
22068:  3# B-->A
22069:  1# C-->B
22070:  2# C-->A
22071:  1# B-->A
22072:  4# B-->C
22073:  1# A-->C
22074:  2# A-->B
22075:  1# C-->B
22076:  3# A-->C
22077:  1# B-->A
22078:  2# B-->C
22079:  1# A-->C
22080:  7# B-->A
22081:  1# C-->B
22082:  2# C-->A
22083:  1# B-->A
22084:  3# C-->B
22085:  1# A-->C
22086:  2# A-->B
22087:  1# C-->B
22088:  4# C-->A
22089:  1# B-->A
22090:  2# B-->C
22091:  1# A-->C
22092:  3# B-->A
22093:  1# C-->B
22094:  2# C-->A
22095:  1# B-->A
22096:  5# C-->B
22097:  1# A-->C
22098:  2# A-->B
22099:  1# C-->B
22100:  3# A-->C
22101:  1# B-->A
22102:  2# B-->C
22103:  1# A-->C
22104:  4# A-->B
22105:  1# C-->B
22106:  2# C-->A
22107:  1# B-->A
22108:  3# C-->B
22109:  1# A-->C
22110:  2# A-->B
22111:  1# C-->B
22112:  6# C-->A
22113:  1# B-->A
22114:  2# B-->C
22115:  1# A-->C
22116:  3# B-->A
22117:  1# C-->B
22118:  2# C-->A
22119:  1# B-->A
22120:  4# B-->C
22121:  1# A-->C
22122:  2# A-->B
22123:  1# C-->B
22124:  3# A-->C
22125:  1# B-->A
22126:  2# B-->C
22127:  1# A-->C
22128:  5# B-->A
22129:  1# C-->B
22130:  2# C-->A
22131:  1# B-->A
22132:  3# C-->B
22133:  1# A-->C
22134:  2# A-->B
22135:  1# C-->B
22136:  4# C-->A
22137:  1# B-->A
22138:  2# B-->C
22139:  1# A-->C
22140:  3# B-->A
22141:  1# C-->B
22142:  2# C-->A
22143:  1# B-->A
22144:  8# B-->C
22145:  1# A-->C
22146:  2# A-->B
22147:  1# C-->B
22148:  3# A-->C
22149:  1# B-->A
22150:  2# B-->C
22151:  1# A-->C
22152:  4# A-->B
22153:  1# C-->B
22154:  2# C-->A
22155:  1# B-->A
22156:  3# C-->B
22157:  1# A-->C
22158:  2# A-->B
22159:  1# C-->B
22160:  5# A-->C
22161:  1# B-->A
22162:  2# B-->C
22163:  1# A-->C
22164:  3# B-->A
22165:  1# C-->B
22166:  2# C-->A
22167:  1# B-->A
22168:  4# B-->C
22169:  1# A-->C
22170:  2# A-->B
22171:  1# C-->B
22172:  3# A-->C
22173:  1# B-->A
22174:  2# B-->C
22175:  1# A-->C
22176:  6# A-->B
22177:  1# C-->B
22178:  2# C-->A
22179:  1# B-->A
22180:  3# C-->B
22181:  1# A-->C
22182:  2# A-->B
22183:  1# C-->B
22184:  4# C-->A
22185:  1# B-->A
22186:  2# B-->C
22187:  1# A-->C
22188:  3# B-->A
22189:  1# C-->B
22190:  2# C-->A
22191:  1# B-->A
22192:  5# C-->B
22193:  1# A-->C
22194:  2# A-->B
22195:  1# C-->B
22196:  3# A-->C
22197:  1# B-->A
22198:  2# B-->C
22199:  1# A-->C
22200:  4# A-->B
22201:  1# C-->B
22202:  2# C-->A
22203:  1# B-->A
22204:  3# C-->B
22205:  1# A-->C
22206:  2# A-->B
22207:  1# C-->B
22208:  7# A-->C
22209:  1# B-->A
22210:  2# B-->C
22211:  1# A-->C
22212:  3# B-->A
22213:  1# C-->B
22214:  2# C-->A
22215:  1# B-->A
22216:  4# B-->C
22217:  1# A-->C
22218:  2# A-->B
22219:  1# C-->B
22220:  3# A-->C
22221:  1# B-->A
22222:  2# B-->C
22223:  1# A-->C
22224:  5# B-->A
22225:  1# C-->B
22226:  2# C-->A
22227:  1# B-->A
22228:  3# C-->B
22229:  1# A-->C
22230:  2# A-->B
22231:  1# C-->B
22232:  4# C-->A
22233:  1# B-->A
22234:  2# B-->C
22235:  1# A-->C
22236:  3# B-->A
22237:  1# C-->B
22238:  2# C-->A
22239:  1# B-->A
22240:  6# B-->C
22241:  1# A-->C
22242:  2# A-->B
22243:  1# C-->B
22244:  3# A-->C
22245:  1# B-->A
22246:  2# B-->C
22247:  1# A-->C
22248:  4# A-->B
22249:  1# C-->B
22250:  2# C-->A
22251:  1# B-->A
22252:  3# C-->B
22253:  1# A-->C
22254:  2# A-->B
22255:  1# C-->B
22256:  5# A-->C
22257:  1# B-->A
22258:  2# B-->C
22259:  1# A-->C
22260:  3# B-->A
22261:  1# C-->B
22262:  2# C-->A
22263:  1# B-->A
22264:  4# B-->C
22265:  1# A-->C
22266:  2# A-->B
22267:  1# C-->B
22268:  3# A-->C
22269:  1# B-->A
22270:  2# B-->C
22271:  1# A-->C
22272:  9# B-->A
22273:  1# C-->B
22274:  2# C-->A
22275:  1# B-->A
22276:  3# C-->B
22277:  1# A-->C
22278:  2# A-->B
22279:  1# C-->B
22280:  4# C-->A
22281:  1# B-->A
22282:  2# B-->C
22283:  1# A-->C
22284:  3# B-->A
22285:  1# C-->B
22286:  2# C-->A
22287:  1# B-->A
22288:  5# C-->B
22289:  1# A-->C
22290:  2# A-->B
22291:  1# C-->B
22292:  3# A-->C
22293:  1# B-->A
22294:  2# B-->C
22295:  1# A-->C
22296:  4# A-->B
22297:  1# C-->B
22298:  2# C-->A
22299:  1# B-->A
22300:  3# C-->B
22301:  1# A-->C
22302:  2# A-->B
22303:  1# C-->B
22304:  6# C-->A
22305:  1# B-->A
22306:  2# B-->C
22307:  1# A-->C
22308:  3# B-->A
22309:  1# C-->B
22310:  2# C-->A
22311:  1# B-->A
22312:  4# B-->C
22313:  1# A-->C
22314:  2# A-->B
22315:  1# C-->B
22316:  3# A-->C
22317:  1# B-->A
22318:  2# B-->C
22319:  1# A-->C
22320:  5# B-->A
22321:  1# C-->B
22322:  2# C-->A
22323:  1# B-->A
22324:  3# C-->B
22325:  1# A-->C
22326:  2# A-->B
22327:  1# C-->B
22328:  4# C-->A
22329:  1# B-->A
22330:  2# B-->C
22331:  1# A-->C
22332:  3# B-->A
22333:  1# C-->B
22334:  2# C-->A
22335:  1# B-->A
22336:  7# C-->B
22337:  1# A-->C
22338:  2# A-->B
22339:  1# C-->B
22340:  3# A-->C
22341:  1# B-->A
22342:  2# B-->C
22343:  1# A-->C
22344:  4# A-->B
22345:  1# C-->B
22346:  2# C-->A
22347:  1# B-->A
22348:  3# C-->B
22349:  1# A-->C
22350:  2# A-->B
22351:  1# C-->B
22352:  5# A-->C
22353:  1# B-->A
22354:  2# B-->C
22355:  1# A-->C
22356:  3# B-->A
22357:  1# C-->B
22358:  2# C-->A
22359:  1# B-->A
22360:  4# B-->C
22361:  1# A-->C
22362:  2# A-->B
22363:  1# C-->B
22364:  3# A-->C
22365:  1# B-->A
22366:  2# B-->C
22367:  1# A-->C
22368:  6# A-->B
22369:  1# C-->B
22370:  2# C-->A
22371:  1# B-->A
22372:  3# C-->B
22373:  1# A-->C
22374:  2# A-->B
22375:  1# C-->B
22376:  4# C-->A
22377:  1# B-->A
22378:  2# B-->C
22379:  1# A-->C
22380:  3# B-->A
22381:  1# C-->B
22382:  2# C-->A
22383:  1# B-->A
22384:  5# C-->B
22385:  1# A-->C
22386:  2# A-->B
22387:  1# C-->B
22388:  3# A-->C
22389:  1# B-->A
22390:  2# B-->C
22391:  1# A-->C
22392:  4# A-->B
22393:  1# C-->B
22394:  2# C-->A
22395:  1# B-->A
22396:  3# C-->B
22397:  1# A-->C
22398:  2# A-->B
22399:  1# C-->B
22400:  8# C-->A
22401:  1# B-->A
22402:  2# B-->C
22403:  1# A-->C
22404:  3# B-->A
22405:  1# C-->B
22406:  2# C-->A
22407:  1# B-->A
22408:  4# B-->C
22409:  1# A-->C
22410:  2# A-->B
22411:  1# C-->B
22412:  3# A-->C
22413:  1# B-->A
22414:  2# B-->C
22415:  1# A-->C
22416:  5# B-->A
22417:  1# C-->B
22418:  2# C-->A
22419:  1# B-->A
22420:  3# C-->B
22421:  1# A-->C
22422:  2# A-->B
22423:  1# C-->B
22424:  4# C-->A
22425:  1# B-->A
22426:  2# B-->C
22427:  1# A-->C
22428:  3# B-->A
22429:  1# C-->B
22430:  2# C-->A
22431:  1# B-->A
22432:  6# B-->C
22433:  1# A-->C
22434:  2# A-->B
22435:  1# C-->B
22436:  3# A-->C
22437:  1# B-->A
22438:  2# B-->C
22439:  1# A-->C
22440:  4# A-->B
22441:  1# C-->B
22442:  2# C-->A
22443:  1# B-->A
22444:  3# C-->B
22445:  1# A-->C
22446:  2# A-->B
22447:  1# C-->B
22448:  5# A-->C
22449:  1# B-->A
22450:  2# B-->C
22451:  1# A-->C
22452:  3# B-->A
22453:  1# C-->B
22454:  2# C-->A
22455:  1# B-->A
22456:  4# B-->C
22457:  1# A-->C
22458:  2# A-->B
22459:  1# C-->B
22460:  3# A-->C
22461:  1# B-->A
22462:  2# B-->C
22463:  1# A-->C
22464:  7# B-->A
22465:  1# C-->B
22466:  2# C-->A
22467:  1# B-->A
22468:  3# C-->B
22469:  1# A-->C
22470:  2# A-->B
22471:  1# C-->B
22472:  4# C-->A
22473:  1# B-->A
22474:  2# B-->C
22475:  1# A-->C
22476:  3# B-->A
22477:  1# C-->B
22478:  2# C-->A
22479:  1# B-->A
22480:  5# C-->B
22481:  1# A-->C
22482:  2# A-->B
22483:  1# C-->B
22484:  3# A-->C
22485:  1# B-->A
22486:  2# B-->C
22487:  1# A-->C
22488:  4# A-->B
22489:  1# C-->B
22490:  2# C-->A
22491:  1# B-->A
22492:  3# C-->B
22493:  1# A-->C
22494:  2# A-->B
22495:  1# C-->B
22496:  6# C-->A
22497:  1# B-->A
22498:  2# B-->C
22499:  1# A-->C
22500:  3# B-->A
22501:  1# C-->B
22502:  2# C-->A
22503:  1# B-->A
22504:  4# B-->C
22505:  1# A-->C
22506:  2# A-->B
22507:  1# C-->B
22508:  3# A-->C
22509:  1# B-->A
22510:  2# B-->C
22511:  1# A-->C
22512:  5# B-->A
22513:  1# C-->B
22514:  2# C-->A
22515:  1# B-->A
22516:  3# C-->B
22517:  1# A-->C
22518:  2# A-->B
22519:  1# C-->B
22520:  4# C-->A
22521:  1# B-->A
22522:  2# B-->C
22523:  1# A-->C
22524:  3# B-->A
22525:  1# C-->B
22526:  2# C-->A
22527:  1# B-->A
22528: 12# B-->C
22529:  1# A-->C
22530:  2# A-->B
22531:  1# C-->B
22532:  3# A-->C
22533:  1# B-->A
22534:  2# B-->C
22535:  1# A-->C
22536:  4# A-->B
22537:  1# C-->B
22538:  2# C-->A
22539:  1# B-->A
22540:  3# C-->B
22541:  1# A-->C
22542:  2# A-->B
22543:  1# C-->B
22544:  5# A-->C
22545:  1# B-->A
22546:  2# B-->C
22547:  1# A-->C
22548:  3# B-->A
22549:  1# C-->B
22550:  2# C-->A
22551:  1# B-->A
22552:  4# B-->C
22553:  1# A-->C
22554:  2# A-->B
22555:  1# C-->B
22556:  3# A-->C
22557:  1# B-->A
22558:  2# B-->C
22559:  1# A-->C
22560:  6# A-->B
22561:  1# C-->B
22562:  2# C-->A
22563:  1# B-->A
22564:  3# C-->B
22565:  1# A-->C
22566:  2# A-->B
22567:  1# C-->B
22568:  4# C-->A
22569:  1# B-->A
22570:  2# B-->C
22571:  1# A-->C
22572:  3# B-->A
22573:  1# C-->B
22574:  2# C-->A
22575:  1# B-->A
22576:  5# C-->B
22577:  1# A-->C
22578:  2# A-->B
22579:  1# C-->B
22580:  3# A-->C
22581:  1# B-->A
22582:  2# B-->C
22583:  1# A-->C
22584:  4# A-->B
22585:  1# C-->B
22586:  2# C-->A
22587:  1# B-->A
22588:  3# C-->B
22589:  1# A-->C
22590:  2# A-->B
22591:  1# C-->B
22592:  7# A-->C
22593:  1# B-->A
22594:  2# B-->C
22595:  1# A-->C
22596:  3# B-->A
22597:  1# C-->B
22598:  2# C-->A
22599:  1# B-->A
22600:  4# B-->C
22601:  1# A-->C
22602:  2# A-->B
22603:  1# C-->B
22604:  3# A-->C
22605:  1# B-->A
22606:  2# B-->C
22607:  1# A-->C
22608:  5# B-->A
22609:  1# C-->B
22610:  2# C-->A
22611:  1# B-->A
22612:  3# C-->B
22613:  1# A-->C
22614:  2# A-->B
22615:  1# C-->B
22616:  4# C-->A
22617:  1# B-->A
22618:  2# B-->C
22619:  1# A-->C
22620:  3# B-->A
22621:  1# C-->B
22622:  2# C-->A
22623:  1# B-->A
22624:  6# B-->C
22625:  1# A-->C
22626:  2# A-->B
22627:  1# C-->B
22628:  3# A-->C
22629:  1# B-->A
22630:  2# B-->C
22631:  1# A-->C
22632:  4# A-->B
22633:  1# C-->B
22634:  2# C-->A
22635:  1# B-->A
22636:  3# C-->B
22637:  1# A-->C
22638:  2# A-->B
22639:  1# C-->B
22640:  5# A-->C
22641:  1# B-->A
22642:  2# B-->C
22643:  1# A-->C
22644:  3# B-->A
22645:  1# C-->B
22646:  2# C-->A
22647:  1# B-->A
22648:  4# B-->C
22649:  1# A-->C
22650:  2# A-->B
22651:  1# C-->B
22652:  3# A-->C
22653:  1# B-->A
22654:  2# B-->C
22655:  1# A-->C
22656:  8# A-->B
22657:  1# C-->B
22658:  2# C-->A
22659:  1# B-->A
22660:  3# C-->B
22661:  1# A-->C
22662:  2# A-->B
22663:  1# C-->B
22664:  4# C-->A
22665:  1# B-->A
22666:  2# B-->C
22667:  1# A-->C
22668:  3# B-->A
22669:  1# C-->B
22670:  2# C-->A
22671:  1# B-->A
22672:  5# C-->B
22673:  1# A-->C
22674:  2# A-->B
22675:  1# C-->B
22676:  3# A-->C
22677:  1# B-->A
22678:  2# B-->C
22679:  1# A-->C
22680:  4# A-->B
22681:  1# C-->B
22682:  2# C-->A
22683:  1# B-->A
22684:  3# C-->B
22685:  1# A-->C
22686:  2# A-->B
22687:  1# C-->B
22688:  6# C-->A
22689:  1# B-->A
22690:  2# B-->C
22691:  1# A-->C
22692:  3# B-->A
22693:  1# C-->B
22694:  2# C-->A
22695:  1# B-->A
22696:  4# B-->C
22697:  1# A-->C
22698:  2# A-->B
22699:  1# C-->B
22700:  3# A-->C
22701:  1# B-->A
22702:  2# B-->C
22703:  1# A-->C
22704:  5# B-->A
22705:  1# C-->B
22706:  2# C-->A
22707:  1# B-->A
22708:  3# C-->B
22709:  1# A-->C
22710:  2# A-->B
22711:  1# C-->B
22712:  4# C-->A
22713:  1# B-->A
22714:  2# B-->C
22715:  1# A-->C
22716:  3# B-->A
22717:  1# C-->B
22718:  2# C-->A
22719:  1# B-->A
22720:  7# C-->B
22721:  1# A-->C
22722:  2# A-->B
22723:  1# C-->B
22724:  3# A-->C
22725:  1# B-->A
22726:  2# B-->C
22727:  1# A-->C
22728:  4# A-->B
22729:  1# C-->B
22730:  2# C-->A
22731:  1# B-->A
22732:  3# C-->B
22733:  1# A-->C
22734:  2# A-->B
22735:  1# C-->B
22736:  5# A-->C
22737:  1# B-->A
22738:  2# B-->C
22739:  1# A-->C
22740:  3# B-->A
22741:  1# C-->B
22742:  2# C-->A
22743:  1# B-->A
22744:  4# B-->C
22745:  1# A-->C
22746:  2# A-->B
22747:  1# C-->B
22748:  3# A-->C
22749:  1# B-->A
22750:  2# B-->C
22751:  1# A-->C
22752:  6# A-->B
22753:  1# C-->B
22754:  2# C-->A
22755:  1# B-->A
22756:  3# C-->B
22757:  1# A-->C
22758:  2# A-->B
22759:  1# C-->B
22760:  4# C-->A
22761:  1# B-->A
22762:  2# B-->C
22763:  1# A-->C
22764:  3# B-->A
22765:  1# C-->B
22766:  2# C-->A
22767:  1# B-->A
22768:  5# C-->B
22769:  1# A-->C
22770:  2# A-->B
22771:  1# C-->B
22772:  3# A-->C
22773:  1# B-->A
22774:  2# B-->C
22775:  1# A-->C
22776:  4# A-->B
22777:  1# C-->B
22778:  2# C-->A
22779:  1# B-->A
22780:  3# C-->B
22781:  1# A-->C
22782:  2# A-->B
22783:  1# C-->B
22784:  9# A-->C
22785:  1# B-->A
22786:  2# B-->C
22787:  1# A-->C
22788:  3# B-->A
22789:  1# C-->B
22790:  2# C-->A
22791:  1# B-->A
22792:  4# B-->C
22793:  1# A-->C
22794:  2# A-->B
22795:  1# C-->B
22796:  3# A-->C
22797:  1# B-->A
22798:  2# B-->C
22799:  1# A-->C
22800:  5# B-->A
22801:  1# C-->B
22802:  2# C-->A
22803:  1# B-->A
22804:  3# C-->B
22805:  1# A-->C
22806:  2# A-->B
22807:  1# C-->B
22808:  4# C-->A
22809:  1# B-->A
22810:  2# B-->C
22811:  1# A-->C
22812:  3# B-->A
22813:  1# C-->B
22814:  2# C-->A
22815:  1# B-->A
22816:  6# B-->C
22817:  1# A-->C
22818:  2# A-->B
22819:  1# C-->B
22820:  3# A-->C
22821:  1# B-->A
22822:  2# B-->C
22823:  1# A-->C
22824:  4# A-->B
22825:  1# C-->B
22826:  2# C-->A
22827:  1# B-->A
22828:  3# C-->B
22829:  1# A-->C
22830:  2# A-->B
22831:  1# C-->B
22832:  5# A-->C
22833:  1# B-->A
22834:  2# B-->C
22835:  1# A-->C
22836:  3# B-->A
22837:  1# C-->B
22838:  2# C-->A
22839:  1# B-->A
22840:  4# B-->C
22841:  1# A-->C
22842:  2# A-->B
22843:  1# C-->B
22844:  3# A-->C
22845:  1# B-->A
22846:  2# B-->C
22847:  1# A-->C
22848:  7# B-->A
22849:  1# C-->B
22850:  2# C-->A
22851:  1# B-->A
22852:  3# C-->B
22853:  1# A-->C
22854:  2# A-->B
22855:  1# C-->B
22856:  4# C-->A
22857:  1# B-->A
22858:  2# B-->C
22859:  1# A-->C
22860:  3# B-->A
22861:  1# C-->B
22862:  2# C-->A
22863:  1# B-->A
22864:  5# C-->B
22865:  1# A-->C
22866:  2# A-->B
22867:  1# C-->B
22868:  3# A-->C
22869:  1# B-->A
22870:  2# B-->C
22871:  1# A-->C
22872:  4# A-->B
22873:  1# C-->B
22874:  2# C-->A
22875:  1# B-->A
22876:  3# C-->B
22877:  1# A-->C
22878:  2# A-->B
22879:  1# C-->B
22880:  6# C-->A
22881:  1# B-->A
22882:  2# B-->C
22883:  1# A-->C
22884:  3# B-->A
22885:  1# C-->B
22886:  2# C-->A
22887:  1# B-->A
22888:  4# B-->C
22889:  1# A-->C
22890:  2# A-->B
22891:  1# C-->B
22892:  3# A-->C
22893:  1# B-->A
22894:  2# B-->C
22895:  1# A-->C
22896:  5# B-->A
22897:  1# C-->B
22898:  2# C-->A
22899:  1# B-->A
22900:  3# C-->B
22901:  1# A-->C
22902:  2# A-->B
22903:  1# C-->B
22904:  4# C-->A
22905:  1# B-->A
22906:  2# B-->C
22907:  1# A-->C
22908:  3# B-->A
22909:  1# C-->B
22910:  2# C-->A
22911:  1# B-->A
22912:  8# B-->C
22913:  1# A-->C
22914:  2# A-->B
22915:  1# C-->B
22916:  3# A-->C
22917:  1# B-->A
22918:  2# B-->C
22919:  1# A-->C
22920:  4# A-->B
22921:  1# C-->B
22922:  2# C-->A
22923:  1# B-->A
22924:  3# C-->B
22925:  1# A-->C
22926:  2# A-->B
22927:  1# C-->B
22928:  5# A-->C
22929:  1# B-->A
22930:  2# B-->C
22931:  1# A-->C
22932:  3# B-->A
22933:  1# C-->B
22934:  2# C-->A
22935:  1# B-->A
22936:  4# B-->C
22937:  1# A-->C
22938:  2# A-->B
22939:  1# C-->B
22940:  3# A-->C
22941:  1# B-->A
22942:  2# B-->C
22943:  1# A-->C
22944:  6# A-->B
22945:  1# C-->B
22946:  2# C-->A
22947:  1# B-->A
22948:  3# C-->B
22949:  1# A-->C
22950:  2# A-->B
22951:  1# C-->B
22952:  4# C-->A
22953:  1# B-->A
22954:  2# B-->C
22955:  1# A-->C
22956:  3# B-->A
22957:  1# C-->B
22958:  2# C-->A
22959:  1# B-->A
22960:  5# C-->B
22961:  1# A-->C
22962:  2# A-->B
22963:  1# C-->B
22964:  3# A-->C
22965:  1# B-->A
22966:  2# B-->C
22967:  1# A-->C
22968:  4# A-->B
22969:  1# C-->B
22970:  2# C-->A
22971:  1# B-->A
22972:  3# C-->B
22973:  1# A-->C
22974:  2# A-->B
22975:  1# C-->B
22976:  7# A-->C
22977:  1# B-->A
22978:  2# B-->C
22979:  1# A-->C
22980:  3# B-->A
22981:  1# C-->B
22982:  2# C-->A
22983:  1# B-->A
22984:  4# B-->C
22985:  1# A-->C
22986:  2# A-->B
22987:  1# C-->B
22988:  3# A-->C
22989:  1# B-->A
22990:  2# B-->C
22991:  1# A-->C
22992:  5# B-->A
22993:  1# C-->B
22994:  2# C-->A
22995:  1# B-->A
22996:  3# C-->B
22997:  1# A-->C
22998:  2# A-->B
22999:  1# C-->B
23000:  4# C-->A
23001:  1# B-->A
23002:  2# B-->C
23003:  1# A-->C
23004:  3# B-->A
23005:  1# C-->B
23006:  2# C-->A
23007:  1# B-->A
23008:  6# B-->C
23009:  1# A-->C
23010:  2# A-->B
23011:  1# C-->B
23012:  3# A-->C
23013:  1# B-->A
23014:  2# B-->C
23015:  1# A-->C
23016:  4# A-->B
23017:  1# C-->B
23018:  2# C-->A
23019:  1# B-->A
23020:  3# C-->B
23021:  1# A-->C
23022:  2# A-->B
23023:  1# C-->B
23024:  5# A-->C
23025:  1# B-->A
23026:  2# B-->C
23027:  1# A-->C
23028:  3# B-->A
23029:  1# C-->B
23030:  2# C-->A
23031:  1# B-->A
23032:  4# B-->C
23033:  1# A-->C
23034:  2# A-->B
23035:  1# C-->B
23036:  3# A-->C
23037:  1# B-->A
23038:  2# B-->C
23039:  1# A-->C
23040: 10# A-->B
23041:  1# C-->B
23042:  2# C-->A
23043:  1# B-->A
23044:  3# C-->B
23045:  1# A-->C
23046:  2# A-->B
23047:  1# C-->B
23048:  4# C-->A
23049:  1# B-->A
23050:  2# B-->C
23051:  1# A-->C
23052:  3# B-->A
23053:  1# C-->B
23054:  2# C-->A
23055:  1# B-->A
23056:  5# C-->B
23057:  1# A-->C
23058:  2# A-->B
23059:  1# C-->B
23060:  3# A-->C
23061:  1# B-->A
23062:  2# B-->C
23063:  1# A-->C
23064:  4# A-->B
23065:  1# C-->B
23066:  2# C-->A
23067:  1# B-->A
23068:  3# C-->B
23069:  1# A-->C
23070:  2# A-->B
23071:  1# C-->B
23072:  6# C-->A
23073:  1# B-->A
23074:  2# B-->C
23075:  1# A-->C
23076:  3# B-->A
23077:  1# C-->B
23078:  2# C-->A
23079:  1# B-->A
23080:  4# B-->C
23081:  1# A-->C
23082:  2# A-->B
23083:  1# C-->B
23084:  3# A-->C
23085:  1# B-->A
23086:  2# B-->C
23087:  1# A-->C
23088:  5# B-->A
23089:  1# C-->B
23090:  2# C-->A
23091:  1# B-->A
23092:  3# C-->B
23093:  1# A-->C
23094:  2# A-->B
23095:  1# C-->B
23096:  4# C-->A
23097:  1# B-->A
23098:  2# B-->C
23099:  1# A-->C
23100:  3# B-->A
23101:  1# C-->B
23102:  2# C-->A
23103:  1# B-->A
23104:  7# C-->B
23105:  1# A-->C
23106:  2# A-->B
23107:  1# C-->B
23108:  3# A-->C
23109:  1# B-->A
23110:  2# B-->C
23111:  1# A-->C
23112:  4# A-->B
23113:  1# C-->B
23114:  2# C-->A
23115:  1# B-->A
23116:  3# C-->B
23117:  1# A-->C
23118:  2# A-->B
23119:  1# C-->B
23120:  5# A-->C
23121:  1# B-->A
23122:  2# B-->C
23123:  1# A-->C
23124:  3# B-->A
23125:  1# C-->B
23126:  2# C-->A
23127:  1# B-->A
23128:  4# B-->C
23129:  1# A-->C
23130:  2# A-->B
23131:  1# C-->B
23132:  3# A-->C
23133:  1# B-->A
23134:  2# B-->C
23135:  1# A-->C
23136:  6# A-->B
23137:  1# C-->B
23138:  2# C-->A
23139:  1# B-->A
23140:  3# C-->B
23141:  1# A-->C
23142:  2# A-->B
23143:  1# C-->B
23144:  4# C-->A
23145:  1# B-->A
23146:  2# B-->C
23147:  1# A-->C
23148:  3# B-->A
23149:  1# C-->B
23150:  2# C-->A
23151:  1# B-->A
23152:  5# C-->B
23153:  1# A-->C
23154:  2# A-->B
23155:  1# C-->B
23156:  3# A-->C
23157:  1# B-->A
23158:  2# B-->C
23159:  1# A-->C
23160:  4# A-->B
23161:  1# C-->B
23162:  2# C-->A
23163:  1# B-->A
23164:  3# C-->B
23165:  1# A-->C
23166:  2# A-->B
23167:  1# C-->B
23168:  8# C-->A
23169:  1# B-->A
23170:  2# B-->C
23171:  1# A-->C
23172:  3# B-->A
23173:  1# C-->B
23174:  2# C-->A
23175:  1# B-->A
23176:  4# B-->C
23177:  1# A-->C
23178:  2# A-->B
23179:  1# C-->B
23180:  3# A-->C
23181:  1# B-->A
23182:  2# B-->C
23183:  1# A-->C
23184:  5# B-->A
23185:  1# C-->B
23186:  2# C-->A
23187:  1# B-->A
23188:  3# C-->B
23189:  1# A-->C
23190:  2# A-->B
23191:  1# C-->B
23192:  4# C-->A
23193:  1# B-->A
23194:  2# B-->C
23195:  1# A-->C
23196:  3# B-->A
23197:  1# C-->B
23198:  2# C-->A
23199:  1# B-->A
23200:  6# B-->C
23201:  1# A-->C
23202:  2# A-->B
23203:  1# C-->B
23204:  3# A-->C
23205:  1# B-->A
23206:  2# B-->C
23207:  1# A-->C
23208:  4# A-->B
23209:  1# C-->B
23210:  2# C-->A
23211:  1# B-->A
23212:  3# C-->B
23213:  1# A-->C
23214:  2# A-->B
23215:  1# C-->B
23216:  5# A-->C
23217:  1# B-->A
23218:  2# B-->C
23219:  1# A-->C
23220:  3# B-->A
23221:  1# C-->B
23222:  2# C-->A
23223:  1# B-->A
23224:  4# B-->C
23225:  1# A-->C
23226:  2# A-->B
23227:  1# C-->B
23228:  3# A-->C
23229:  1# B-->A
23230:  2# B-->C
23231:  1# A-->C
23232:  7# B-->A
23233:  1# C-->B
23234:  2# C-->A
23235:  1# B-->A
23236:  3# C-->B
23237:  1# A-->C
23238:  2# A-->B
23239:  1# C-->B
23240:  4# C-->A
23241:  1# B-->A
23242:  2# B-->C
23243:  1# A-->C
23244:  3# B-->A
23245:  1# C-->B
23246:  2# C-->A
23247:  1# B-->A
23248:  5# C-->B
23249:  1# A-->C
23250:  2# A-->B
23251:  1# C-->B
23252:  3# A-->C
23253:  1# B-->A
23254:  2# B-->C
23255:  1# A-->C
23256:  4# A-->B
23257:  1# C-->B
23258:  2# C-->A
23259:  1# B-->A
23260:  3# C-->B
23261:  1# A-->C
23262:  2# A-->B
23263:  1# C-->B
23264:  6# C-->A
23265:  1# B-->A
23266:  2# B-->C
23267:  1# A-->C
23268:  3# B-->A
23269:  1# C-->B
23270:  2# C-->A
23271:  1# B-->A
23272:  4# B-->C
23273:  1# A-->C
23274:  2# A-->B
23275:  1# C-->B
23276:  3# A-->C
23277:  1# B-->A
23278:  2# B-->C
23279:  1# A-->C
23280:  5# B-->A
23281:  1# C-->B
23282:  2# C-->A
23283:  1# B-->A
23284:  3# C-->B
23285:  1# A-->C
23286:  2# A-->B
23287:  1# C-->B
23288:  4# C-->A
23289:  1# B-->A
23290:  2# B-->C
23291:  1# A-->C
23292:  3# B-->A
23293:  1# C-->B
23294:  2# C-->A
23295:  1# B-->A
23296:  9# C-->B
23297:  1# A-->C
23298:  2# A-->B
23299:  1# C-->B
23300:  3# A-->C
23301:  1# B-->A
23302:  2# B-->C
23303:  1# A-->C
23304:  4# A-->B
23305:  1# C-->B
23306:  2# C-->A
23307:  1# B-->A
23308:  3# C-->B
23309:  1# A-->C
23310:  2# A-->B
23311:  1# C-->B
23312:  5# A-->C
23313:  1# B-->A
23314:  2# B-->C
23315:  1# A-->C
23316:  3# B-->A
23317:  1# C-->B
23318:  2# C-->A
23319:  1# B-->A
23320:  4# B-->C
23321:  1# A-->C
23322:  2# A-->B
23323:  1# C-->B
23324:  3# A-->C
23325:  1# B-->A
23326:  2# B-->C
23327:  1# A-->C
23328:  6# A-->B
23329:  1# C-->B
23330:  2# C-->A
23331:  1# B-->A
23332:  3# C-->B
23333:  1# A-->C
23334:  2# A-->B
23335:  1# C-->B
23336:  4# C-->A
23337:  1# B-->A
23338:  2# B-->C
23339:  1# A-->C
23340:  3# B-->A
23341:  1# C-->B
23342:  2# C-->A
23343:  1# B-->A
23344:  5# C-->B
23345:  1# A-->C
23346:  2# A-->B
23347:  1# C-->B
23348:  3# A-->C
23349:  1# B-->A
23350:  2# B-->C
23351:  1# A-->C
23352:  4# A-->B
23353:  1# C-->B
23354:  2# C-->A
23355:  1# B-->A
23356:  3# C-->B
23357:  1# A-->C
23358:  2# A-->B
23359:  1# C-->B
23360:  7# A-->C
23361:  1# B-->A
23362:  2# B-->C
23363:  1# A-->C
23364:  3# B-->A
23365:  1# C-->B
23366:  2# C-->A
23367:  1# B-->A
23368:  4# B-->C
23369:  1# A-->C
23370:  2# A-->B
23371:  1# C-->B
23372:  3# A-->C
23373:  1# B-->A
23374:  2# B-->C
23375:  1# A-->C
23376:  5# B-->A
23377:  1# C-->B
23378:  2# C-->A
23379:  1# B-->A
23380:  3# C-->B
23381:  1# A-->C
23382:  2# A-->B
23383:  1# C-->B
23384:  4# C-->A
23385:  1# B-->A
23386:  2# B-->C
23387:  1# A-->C
23388:  3# B-->A
23389:  1# C-->B
23390:  2# C-->A
23391:  1# B-->A
23392:  6# B-->C
23393:  1# A-->C
23394:  2# A-->B
23395:  1# C-->B
23396:  3# A-->C
23397:  1# B-->A
23398:  2# B-->C
23399:  1# A-->C
23400:  4# A-->B
23401:  1# C-->B
23402:  2# C-->A
23403:  1# B-->A
23404:  3# C-->B
23405:  1# A-->C
23406:  2# A-->B
23407:  1# C-->B
23408:  5# A-->C
23409:  1# B-->A
23410:  2# B-->C
23411:  1# A-->C
23412:  3# B-->A
23413:  1# C-->B
23414:  2# C-->A
23415:  1# B-->A
23416:  4# B-->C
23417:  1# A-->C
23418:  2# A-->B
23419:  1# C-->B
23420:  3# A-->C
23421:  1# B-->A
23422:  2# B-->C
23423:  1# A-->C
23424:  8# A-->B
23425:  1# C-->B
23426:  2# C-->A
23427:  1# B-->A
23428:  3# C-->B
23429:  1# A-->C
23430:  2# A-->B
23431:  1# C-->B
23432:  4# C-->A
23433:  1# B-->A
23434:  2# B-->C
23435:  1# A-->C
23436:  3# B-->A
23437:  1# C-->B
23438:  2# C-->A
23439:  1# B-->A
23440:  5# C-->B
23441:  1# A-->C
23442:  2# A-->B
23443:  1# C-->B
23444:  3# A-->C
23445:  1# B-->A
23446:  2# B-->C
23447:  1# A-->C
23448:  4# A-->B
23449:  1# C-->B
23450:  2# C-->A
23451:  1# B-->A
23452:  3# C-->B
23453:  1# A-->C
23454:  2# A-->B
23455:  1# C-->B
23456:  6# C-->A
23457:  1# B-->A
23458:  2# B-->C
23459:  1# A-->C
23460:  3# B-->A
23461:  1# C-->B
23462:  2# C-->A
23463:  1# B-->A
23464:  4# B-->C
23465:  1# A-->C
23466:  2# A-->B
23467:  1# C-->B
23468:  3# A-->C
23469:  1# B-->A
23470:  2# B-->C
23471:  1# A-->C
23472:  5# B-->A
23473:  1# C-->B
23474:  2# C-->A
23475:  1# B-->A
23476:  3# C-->B
23477:  1# A-->C
23478:  2# A-->B
23479:  1# C-->B
23480:  4# C-->A
23481:  1# B-->A
23482:  2# B-->C
23483:  1# A-->C
23484:  3# B-->A
23485:  1# C-->B
23486:  2# C-->A
23487:  1# B-->A
23488:  7# C-->B
23489:  1# A-->C
23490:  2# A-->B
23491:  1# C-->B
23492:  3# A-->C
23493:  1# B-->A
23494:  2# B-->C
23495:  1# A-->C
23496:  4# A-->B
23497:  1# C-->B
23498:  2# C-->A
23499:  1# B-->A
23500:  3# C-->B
23501:  1# A-->C
23502:  2# A-->B
23503:  1# C-->B
23504:  5# A-->C
23505:  1# B-->A
23506:  2# B-->C
23507:  1# A-->C
23508:  3# B-->A
23509:  1# C-->B
23510:  2# C-->A
23511:  1# B-->A
23512:  4# B-->C
23513:  1# A-->C
23514:  2# A-->B
23515:  1# C-->B
23516:  3# A-->C
23517:  1# B-->A
23518:  2# B-->C
23519:  1# A-->C
23520:  6# A-->B
23521:  1# C-->B
23522:  2# C-->A
23523:  1# B-->A
23524:  3# C-->B
23525:  1# A-->C
23526:  2# A-->B
23527:  1# C-->B
23528:  4# C-->A
23529:  1# B-->A
23530:  2# B-->C
23531:  1# A-->C
23532:  3# B-->A
23533:  1# C-->B
23534:  2# C-->A
23535:  1# B-->A
23536:  5# C-->B
23537:  1# A-->C
23538:  2# A-->B
23539:  1# C-->B
23540:  3# A-->C
23541:  1# B-->A
23542:  2# B-->C
23543:  1# A-->C
23544:  4# A-->B
23545:  1# C-->B
23546:  2# C-->A
23547:  1# B-->A
23548:  3# C-->B
23549:  1# A-->C
23550:  2# A-->B
23551:  1# C-->B
23552: 11# A-->C
23553:  1# B-->A
23554:  2# B-->C
23555:  1# A-->C
23556:  3# B-->A
23557:  1# C-->B
23558:  2# C-->A
23559:  1# B-->A
23560:  4# B-->C
23561:  1# A-->C
23562:  2# A-->B
23563:  1# C-->B
23564:  3# A-->C
23565:  1# B-->A
23566:  2# B-->C
23567:  1# A-->C
23568:  5# B-->A
23569:  1# C-->B
23570:  2# C-->A
23571:  1# B-->A
23572:  3# C-->B
23573:  1# A-->C
23574:  2# A-->B
23575:  1# C-->B
23576:  4# C-->A
23577:  1# B-->A
23578:  2# B-->C
23579:  1# A-->C
23580:  3# B-->A
23581:  1# C-->B
23582:  2# C-->A
23583:  1# B-->A
23584:  6# B-->C
23585:  1# A-->C
23586:  2# A-->B
23587:  1# C-->B
23588:  3# A-->C
23589:  1# B-->A
23590:  2# B-->C
23591:  1# A-->C
23592:  4# A-->B
23593:  1# C-->B
23594:  2# C-->A
23595:  1# B-->A
23596:  3# C-->B
23597:  1# A-->C
23598:  2# A-->B
23599:  1# C-->B
23600:  5# A-->C
23601:  1# B-->A
23602:  2# B-->C
23603:  1# A-->C
23604:  3# B-->A
23605:  1# C-->B
23606:  2# C-->A
23607:  1# B-->A
23608:  4# B-->C
23609:  1# A-->C
23610:  2# A-->B
23611:  1# C-->B
23612:  3# A-->C
23613:  1# B-->A
23614:  2# B-->C
23615:  1# A-->C
23616:  7# B-->A
23617:  1# C-->B
23618:  2# C-->A
23619:  1# B-->A
23620:  3# C-->B
23621:  1# A-->C
23622:  2# A-->B
23623:  1# C-->B
23624:  4# C-->A
23625:  1# B-->A
23626:  2# B-->C
23627:  1# A-->C
23628:  3# B-->A
23629:  1# C-->B
23630:  2# C-->A
23631:  1# B-->A
23632:  5# C-->B
23633:  1# A-->C
23634:  2# A-->B
23635:  1# C-->B
23636:  3# A-->C
23637:  1# B-->A
23638:  2# B-->C
23639:  1# A-->C
23640:  4# A-->B
23641:  1# C-->B
23642:  2# C-->A
23643:  1# B-->A
23644:  3# C-->B
23645:  1# A-->C
23646:  2# A-->B
23647:  1# C-->B
23648:  6# C-->A
23649:  1# B-->A
23650:  2# B-->C
23651:  1# A-->C
23652:  3# B-->A
23653:  1# C-->B
23654:  2# C-->A
23655:  1# B-->A
23656:  4# B-->C
23657:  1# A-->C
23658:  2# A-->B
23659:  1# C-->B
23660:  3# A-->C
23661:  1# B-->A
23662:  2# B-->C
23663:  1# A-->C
23664:  5# B-->A
23665:  1# C-->B
23666:  2# C-->A
23667:  1# B-->A
23668:  3# C-->B
23669:  1# A-->C
23670:  2# A-->B
23671:  1# C-->B
23672:  4# C-->A
23673:  1# B-->A
23674:  2# B-->C
23675:  1# A-->C
23676:  3# B-->A
23677:  1# C-->B
23678:  2# C-->A
23679:  1# B-->A
23680:  8# B-->C
23681:  1# A-->C
23682:  2# A-->B
23683:  1# C-->B
23684:  3# A-->C
23685:  1# B-->A
23686:  2# B-->C
23687:  1# A-->C
23688:  4# A-->B
23689:  1# C-->B
23690:  2# C-->A
23691:  1# B-->A
23692:  3# C-->B
23693:  1# A-->C
23694:  2# A-->B
23695:  1# C-->B
23696:  5# A-->C
23697:  1# B-->A
23698:  2# B-->C
23699:  1# A-->C
23700:  3# B-->A
23701:  1# C-->B
23702:  2# C-->A
23703:  1# B-->A
23704:  4# B-->C
23705:  1# A-->C
23706:  2# A-->B
23707:  1# C-->B
23708:  3# A-->C
23709:  1# B-->A
23710:  2# B-->C
23711:  1# A-->C
23712:  6# A-->B
23713:  1# C-->B
23714:  2# C-->A
23715:  1# B-->A
23716:  3# C-->B
23717:  1# A-->C
23718:  2# A-->B
23719:  1# C-->B
23720:  4# C-->A
23721:  1# B-->A
23722:  2# B-->C
23723:  1# A-->C
23724:  3# B-->A
23725:  1# C-->B
23726:  2# C-->A
23727:  1# B-->A
23728:  5# C-->B
23729:  1# A-->C
23730:  2# A-->B
23731:  1# C-->B
23732:  3# A-->C
23733:  1# B-->A
23734:  2# B-->C
23735:  1# A-->C
23736:  4# A-->B
23737:  1# C-->B
23738:  2# C-->A
23739:  1# B-->A
23740:  3# C-->B
23741:  1# A-->C
23742:  2# A-->B
23743:  1# C-->B
23744:  7# A-->C
23745:  1# B-->A
23746:  2# B-->C
23747:  1# A-->C
23748:  3# B-->A
23749:  1# C-->B
23750:  2# C-->A
23751:  1# B-->A
23752:  4# B-->C
23753:  1# A-->C
23754:  2# A-->B
23755:  1# C-->B
23756:  3# A-->C
23757:  1# B-->A
23758:  2# B-->C
23759:  1# A-->C
23760:  5# B-->A
23761:  1# C-->B
23762:  2# C-->A
23763:  1# B-->A
23764:  3# C-->B
23765:  1# A-->C
23766:  2# A-->B
23767:  1# C-->B
23768:  4# C-->A
23769:  1# B-->A
23770:  2# B-->C
23771:  1# A-->C
23772:  3# B-->A
23773:  1# C-->B
23774:  2# C-->A
23775:  1# B-->A
23776:  6# B-->C
23777:  1# A-->C
23778:  2# A-->B
23779:  1# C-->B
23780:  3# A-->C
23781:  1# B-->A
23782:  2# B-->C
23783:  1# A-->C
23784:  4# A-->B
23785:  1# C-->B
23786:  2# C-->A
23787:  1# B-->A
23788:  3# C-->B
23789:  1# A-->C
23790:  2# A-->B
23791:  1# C-->B
23792:  5# A-->C
23793:  1# B-->A
23794:  2# B-->C
23795:  1# A-->C
23796:  3# B-->A
23797:  1# C-->B
23798:  2# C-->A
23799:  1# B-->A
23800:  4# B-->C
23801:  1# A-->C
23802:  2# A-->B
23803:  1# C-->B
23804:  3# A-->C
23805:  1# B-->A
23806:  2# B-->C
23807:  1# A-->C
23808:  9# B-->A
23809:  1# C-->B
23810:  2# C-->A
23811:  1# B-->A
23812:  3# C-->B
23813:  1# A-->C
23814:  2# A-->B
23815:  1# C-->B
23816:  4# C-->A
23817:  1# B-->A
23818:  2# B-->C
23819:  1# A-->C
23820:  3# B-->A
23821:  1# C-->B
23822:  2# C-->A
23823:  1# B-->A
23824:  5# C-->B
23825:  1# A-->C
23826:  2# A-->B
23827:  1# C-->B
23828:  3# A-->C
23829:  1# B-->A
23830:  2# B-->C
23831:  1# A-->C
23832:  4# A-->B
23833:  1# C-->B
23834:  2# C-->A
23835:  1# B-->A
23836:  3# C-->B
23837:  1# A-->C
23838:  2# A-->B
23839:  1# C-->B
23840:  6# C-->A
23841:  1# B-->A
23842:  2# B-->C
23843:  1# A-->C
23844:  3# B-->A
23845:  1# C-->B
23846:  2# C-->A
23847:  1# B-->A
23848:  4# B-->C
23849:  1# A-->C
23850:  2# A-->B
23851:  1# C-->B
23852:  3# A-->C
23853:  1# B-->A
23854:  2# B-->C
23855:  1# A-->C
23856:  5# B-->A
23857:  1# C-->B
23858:  2# C-->A
23859:  1# B-->A
23860:  3# C-->B
23861:  1# A-->C
23862:  2# A-->B
23863:  1# C-->B
23864:  4# C-->A
23865:  1# B-->A
23866:  2# B-->C
23867:  1# A-->C
23868:  3# B-->A
23869:  1# C-->B
23870:  2# C-->A
23871:  1# B-->A
23872:  7# C-->B
23873:  1# A-->C
23874:  2# A-->B
23875:  1# C-->B
23876:  3# A-->C
23877:  1# B-->A
23878:  2# B-->C
23879:  1# A-->C
23880:  4# A-->B
23881:  1# C-->B
23882:  2# C-->A
23883:  1# B-->A
23884:  3# C-->B
23885:  1# A-->C
23886:  2# A-->B
23887:  1# C-->B
23888:  5# A-->C
23889:  1# B-->A
23890:  2# B-->C
23891:  1# A-->C
23892:  3# B-->A
23893:  1# C-->B
23894:  2# C-->A
23895:  1# B-->A
23896:  4# B-->C
23897:  1# A-->C
23898:  2# A-->B
23899:  1# C-->B
23900:  3# A-->C
23901:  1# B-->A
23902:  2# B-->C
23903:  1# A-->C
23904:  6# A-->B
23905:  1# C-->B
23906:  2# C-->A
23907:  1# B-->A
23908:  3# C-->B
23909:  1# A-->C
23910:  2# A-->B
23911:  1# C-->B
23912:  4# C-->A
23913:  1# B-->A
23914:  2# B-->C
23915:  1# A-->C
23916:  3# B-->A
23917:  1# C-->B
23918:  2# C-->A
23919:  1# B-->A
23920:  5# C-->B
23921:  1# A-->C
23922:  2# A-->B
23923:  1# C-->B
23924:  3# A-->C
23925:  1# B-->A
23926:  2# B-->C
23927:  1# A-->C
23928:  4# A-->B
23929:  1# C-->B
23930:  2# C-->A
23931:  1# B-->A
23932:  3# C-->B
23933:  1# A-->C
23934:  2# A-->B
23935:  1# C-->B
23936:  8# C-->A
23937:  1# B-->A
23938:  2# B-->C
23939:  1# A-->C
23940:  3# B-->A
23941:  1# C-->B
23942:  2# C-->A
23943:  1# B-->A
23944:  4# B-->C
23945:  1# A-->C
23946:  2# A-->B
23947:  1# C-->B
23948:  3# A-->C
23949:  1# B-->A
23950:  2# B-->C
23951:  1# A-->C
23952:  5# B-->A
23953:  1# C-->B
23954:  2# C-->A
23955:  1# B-->A
23956:  3# C-->B
23957:  1# A-->C
23958:  2# A-->B
23959:  1# C-->B
23960:  4# C-->A
23961:  1# B-->A
23962:  2# B-->C
23963:  1# A-->C
23964:  3# B-->A
23965:  1# C-->B
23966:  2# C-->A
23967:  1# B-->A
23968:  6# B-->C
23969:  1# A-->C
23970:  2# A-->B
23971:  1# C-->B
23972:  3# A-->C
23973:  1# B-->A
23974:  2# B-->C
23975:  1# A-->C
23976:  4# A-->B
23977:  1# C-->B
23978:  2# C-->A
23979:  1# B-->A
23980:  3# C-->B
23981:  1# A-->C
23982:  2# A-->B
23983:  1# C-->B
23984:  5# A-->C
23985:  1# B-->A
23986:  2# B-->C
23987:  1# A-->C
23988:  3# B-->A
23989:  1# C-->B
23990:  2# C-->A
23991:  1# B-->A
23992:  4# B-->C
23993:  1# A-->C
23994:  2# A-->B
23995:  1# C-->B
23996:  3# A-->C
23997:  1# B-->A
23998:  2# B-->C
23999:  1# A-->C
24000:  7# B-->A
24001:  1# C-->B
24002:  2# C-->A
24003:  1# B-->A
24004:  3# C-->B
24005:  1# A-->C
24006:  2# A-->B
24007:  1# C-->B
24008:  4# C-->A
24009:  1# B-->A
24010:  2# B-->C
24011:  1# A-->C
24012:  3# B-->A
24013:  1# C-->B
24014:  2# C-->A
24015:  1# B-->A
24016:  5# C-->B
24017:  1# A-->C
24018:  2# A-->B
24019:  1# C-->B
24020:  3# A-->C
24021:  1# B-->A
24022:  2# B-->C
24023:  1# A-->C
24024:  4# A-->B
24025:  1# C-->B
24026:  2# C-->A
24027:  1# B-->A
24028:  3# C-->B
24029:  1# A-->C
24030:  2# A-->B
24031:  1# C-->B
24032:  6# C-->A
24033:  1# B-->A
24034:  2# B-->C
24035:  1# A-->C
24036:  3# B-->A
24037:  1# C-->B
24038:  2# C-->A
24039:  1# B-->A
24040:  4# B-->C
24041:  1# A-->C
24042:  2# A-->B
24043:  1# C-->B
24044:  3# A-->C
24045:  1# B-->A
24046:  2# B-->C
24047:  1# A-->C
24048:  5# B-->A
24049:  1# C-->B
24050:  2# C-->A
24051:  1# B-->A
24052:  3# C-->B
24053:  1# A-->C
24054:  2# A-->B
24055:  1# C-->B
24056:  4# C-->A
24057:  1# B-->A
24058:  2# B-->C
24059:  1# A-->C
24060:  3# B-->A
24061:  1# C-->B
24062:  2# C-->A
24063:  1# B-->A
24064: 10# B-->C
24065:  1# A-->C
24066:  2# A-->B
24067:  1# C-->B
24068:  3# A-->C
24069:  1# B-->A
24070:  2# B-->C
24071:  1# A-->C
24072:  4# A-->B
24073:  1# C-->B
24074:  2# C-->A
24075:  1# B-->A
24076:  3# C-->B
24077:  1# A-->C
24078:  2# A-->B
24079:  1# C-->B
24080:  5# A-->C
24081:  1# B-->A
24082:  2# B-->C
24083:  1# A-->C
24084:  3# B-->A
24085:  1# C-->B
24086:  2# C-->A
24087:  1# B-->A
24088:  4# B-->C
24089:  1# A-->C
24090:  2# A-->B
24091:  1# C-->B
24092:  3# A-->C
24093:  1# B-->A
24094:  2# B-->C
24095:  1# A-->C
24096:  6# A-->B
24097:  1# C-->B
24098:  2# C-->A
24099:  1# B-->A
24100:  3# C-->B
24101:  1# A-->C
24102:  2# A-->B
24103:  1# C-->B
24104:  4# C-->A
24105:  1# B-->A
24106:  2# B-->C
24107:  1# A-->C
24108:  3# B-->A
24109:  1# C-->B
24110:  2# C-->A
24111:  1# B-->A
24112:  5# C-->B
24113:  1# A-->C
24114:  2# A-->B
24115:  1# C-->B
24116:  3# A-->C
24117:  1# B-->A
24118:  2# B-->C
24119:  1# A-->C
24120:  4# A-->B
24121:  1# C-->B
24122:  2# C-->A
24123:  1# B-->A
24124:  3# C-->B
24125:  1# A-->C
24126:  2# A-->B
24127:  1# C-->B
24128:  7# A-->C
24129:  1# B-->A
24130:  2# B-->C
24131:  1# A-->C
24132:  3# B-->A
24133:  1# C-->B
24134:  2# C-->A
24135:  1# B-->A
24136:  4# B-->C
24137:  1# A-->C
24138:  2# A-->B
24139:  1# C-->B
24140:  3# A-->C
24141:  1# B-->A
24142:  2# B-->C
24143:  1# A-->C
24144:  5# B-->A
24145:  1# C-->B
24146:  2# C-->A
24147:  1# B-->A
24148:  3# C-->B
24149:  1# A-->C
24150:  2# A-->B
24151:  1# C-->B
24152:  4# C-->A
24153:  1# B-->A
24154:  2# B-->C
24155:  1# A-->C
24156:  3# B-->A
24157:  1# C-->B
24158:  2# C-->A
24159:  1# B-->A
24160:  6# B-->C
24161:  1# A-->C
24162:  2# A-->B
24163:  1# C-->B
24164:  3# A-->C
24165:  1# B-->A
24166:  2# B-->C
24167:  1# A-->C
24168:  4# A-->B
24169:  1# C-->B
24170:  2# C-->A
24171:  1# B-->A
24172:  3# C-->B
24173:  1# A-->C
24174:  2# A-->B
24175:  1# C-->B
24176:  5# A-->C
24177:  1# B-->A
24178:  2# B-->C
24179:  1# A-->C
24180:  3# B-->A
24181:  1# C-->B
24182:  2# C-->A
24183:  1# B-->A
24184:  4# B-->C
24185:  1# A-->C
24186:  2# A-->B
24187:  1# C-->B
24188:  3# A-->C
24189:  1# B-->A
24190:  2# B-->C
24191:  1# A-->C
24192:  8# A-->B
24193:  1# C-->B
24194:  2# C-->A
24195:  1# B-->A
24196:  3# C-->B
24197:  1# A-->C
24198:  2# A-->B
24199:  1# C-->B
24200:  4# C-->A
24201:  1# B-->A
24202:  2# B-->C
24203:  1# A-->C
24204:  3# B-->A
24205:  1# C-->B
24206:  2# C-->A
24207:  1# B-->A
24208:  5# C-->B
24209:  1# A-->C
24210:  2# A-->B
24211:  1# C-->B
24212:  3# A-->C
24213:  1# B-->A
24214:  2# B-->C
24215:  1# A-->C
24216:  4# A-->B
24217:  1# C-->B
24218:  2# C-->A
24219:  1# B-->A
24220:  3# C-->B
24221:  1# A-->C
24222:  2# A-->B
24223:  1# C-->B
24224:  6# C-->A
24225:  1# B-->A
24226:  2# B-->C
24227:  1# A-->C
24228:  3# B-->A
24229:  1# C-->B
24230:  2# C-->A
24231:  1# B-->A
24232:  4# B-->C
24233:  1# A-->C
24234:  2# A-->B
24235:  1# C-->B
24236:  3# A-->C
24237:  1# B-->A
24238:  2# B-->C
24239:  1# A-->C
24240:  5# B-->A
24241:  1# C-->B
24242:  2# C-->A
24243:  1# B-->A
24244:  3# C-->B
24245:  1# A-->C
24246:  2# A-->B
24247:  1# C-->B
24248:  4# C-->A
24249:  1# B-->A
24250:  2# B-->C
24251:  1# A-->C
24252:  3# B-->A
24253:  1# C-->B
24254:  2# C-->A
24255:  1# B-->A
24256:  7# C-->B
24257:  1# A-->C
24258:  2# A-->B
24259:  1# C-->B
24260:  3# A-->C
24261:  1# B-->A
24262:  2# B-->C
24263:  1# A-->C
24264:  4# A-->B
24265:  1# C-->B
24266:  2# C-->A
24267:  1# B-->A
24268:  3# C-->B
24269:  1# A-->C
24270:  2# A-->B
24271:  1# C-->B
24272:  5# A-->C
24273:  1# B-->A
24274:  2# B-->C
24275:  1# A-->C
24276:  3# B-->A
24277:  1# C-->B
24278:  2# C-->A
24279:  1# B-->A
24280:  4# B-->C
24281:  1# A-->C
24282:  2# A-->B
24283:  1# C-->B
24284:  3# A-->C
24285:  1# B-->A
24286:  2# B-->C
24287:  1# A-->C
24288:  6# A-->B
24289:  1# C-->B
24290:  2# C-->A
24291:  1# B-->A
24292:  3# C-->B
24293:  1# A-->C
24294:  2# A-->B
24295:  1# C-->B
24296:  4# C-->A
24297:  1# B-->A
24298:  2# B-->C
24299:  1# A-->C
24300:  3# B-->A
24301:  1# C-->B
24302:  2# C-->A
24303:  1# B-->A
24304:  5# C-->B
24305:  1# A-->C
24306:  2# A-->B
24307:  1# C-->B
24308:  3# A-->C
24309:  1# B-->A
24310:  2# B-->C
24311:  1# A-->C
24312:  4# A-->B
24313:  1# C-->B
24314:  2# C-->A
24315:  1# B-->A
24316:  3# C-->B
24317:  1# A-->C
24318:  2# A-->B
24319:  1# C-->B
24320:  9# A-->C
24321:  1# B-->A
24322:  2# B-->C
24323:  1# A-->C
24324:  3# B-->A
24325:  1# C-->B
24326:  2# C-->A
24327:  1# B-->A
24328:  4# B-->C
24329:  1# A-->C
24330:  2# A-->B
24331:  1# C-->B
24332:  3# A-->C
24333:  1# B-->A
24334:  2# B-->C
24335:  1# A-->C
24336:  5# B-->A
24337:  1# C-->B
24338:  2# C-->A
24339:  1# B-->A
24340:  3# C-->B
24341:  1# A-->C
24342:  2# A-->B
24343:  1# C-->B
24344:  4# C-->A
24345:  1# B-->A
24346:  2# B-->C
24347:  1# A-->C
24348:  3# B-->A
24349:  1# C-->B
24350:  2# C-->A
24351:  1# B-->A
24352:  6# B-->C
24353:  1# A-->C
24354:  2# A-->B
24355:  1# C-->B
24356:  3# A-->C
24357:  1# B-->A
24358:  2# B-->C
24359:  1# A-->C
24360:  4# A-->B
24361:  1# C-->B
24362:  2# C-->A
24363:  1# B-->A
24364:  3# C-->B
24365:  1# A-->C
24366:  2# A-->B
24367:  1# C-->B
24368:  5# A-->C
24369:  1# B-->A
24370:  2# B-->C
24371:  1# A-->C
24372:  3# B-->A
24373:  1# C-->B
24374:  2# C-->A
24375:  1# B-->A
24376:  4# B-->C
24377:  1# A-->C
24378:  2# A-->B
24379:  1# C-->B
24380:  3# A-->C
24381:  1# B-->A
24382:  2# B-->C
24383:  1# A-->C
24384:  7# B-->A
24385:  1# C-->B
24386:  2# C-->A
24387:  1# B-->A
24388:  3# C-->B
24389:  1# A-->C
24390:  2# A-->B
24391:  1# C-->B
24392:  4# C-->A
24393:  1# B-->A
24394:  2# B-->C
24395:  1# A-->C
24396:  3# B-->A
24397:  1# C-->B
24398:  2# C-->A
24399:  1# B-->A
24400:  5# C-->B
24401:  1# A-->C
24402:  2# A-->B
24403:  1# C-->B
24404:  3# A-->C
24405:  1# B-->A
24406:  2# B-->C
24407:  1# A-->C
24408:  4# A-->B
24409:  1# C-->B
24410:  2# C-->A
24411:  1# B-->A
24412:  3# C-->B
24413:  1# A-->C
24414:  2# A-->B
24415:  1# C-->B
24416:  6# C-->A
24417:  1# B-->A
24418:  2# B-->C
24419:  1# A-->C
24420:  3# B-->A
24421:  1# C-->B
24422:  2# C-->A
24423:  1# B-->A
24424:  4# B-->C
24425:  1# A-->C
24426:  2# A-->B
24427:  1# C-->B
24428:  3# A-->C
24429:  1# B-->A
24430:  2# B-->C
24431:  1# A-->C
24432:  5# B-->A
24433:  1# C-->B
24434:  2# C-->A
24435:  1# B-->A
24436:  3# C-->B
24437:  1# A-->C
24438:  2# A-->B
24439:  1# C-->B
24440:  4# C-->A
24441:  1# B-->A
24442:  2# B-->C
24443:  1# A-->C
24444:  3# B-->A
24445:  1# C-->B
24446:  2# C-->A
24447:  1# B-->A
24448:  8# B-->C
24449:  1# A-->C
24450:  2# A-->B
24451:  1# C-->B
24452:  3# A-->C
24453:  1# B-->A
24454:  2# B-->C
24455:  1# A-->C
24456:  4# A-->B
24457:  1# C-->B
24458:  2# C-->A
24459:  1# B-->A
24460:  3# C-->B
24461:  1# A-->C
24462:  2# A-->B
24463:  1# C-->B
24464:  5# A-->C
24465:  1# B-->A
24466:  2# B-->C
24467:  1# A-->C
24468:  3# B-->A
24469:  1# C-->B
24470:  2# C-->A
24471:  1# B-->A
24472:  4# B-->C
24473:  1# A-->C
24474:  2# A-->B
24475:  1# C-->B
24476:  3# A-->C
24477:  1# B-->A
24478:  2# B-->C
24479:  1# A-->C
24480:  6# A-->B
24481:  1# C-->B
24482:  2# C-->A
24483:  1# B-->A
24484:  3# C-->B
24485:  1# A-->C
24486:  2# A-->B
24487:  1# C-->B
24488:  4# C-->A
24489:  1# B-->A
24490:  2# B-->C
24491:  1# A-->C
24492:  3# B-->A
24493:  1# C-->B
24494:  2# C-->A
24495:  1# B-->A
24496:  5# C-->B
24497:  1# A-->C
24498:  2# A-->B
24499:  1# C-->B
24500:  3# A-->C
24501:  1# B-->A
24502:  2# B-->C
24503:  1# A-->C
24504:  4# A-->B
24505:  1# C-->B
24506:  2# C-->A
24507:  1# B-->A
24508:  3# C-->B
24509:  1# A-->C
24510:  2# A-->B
24511:  1# C-->B
24512:  7# A-->C
24513:  1# B-->A
24514:  2# B-->C
24515:  1# A-->C
24516:  3# B-->A
24517:  1# C-->B
24518:  2# C-->A
24519:  1# B-->A
24520:  4# B-->C
24521:  1# A-->C
24522:  2# A-->B
24523:  1# C-->B
24524:  3# A-->C
24525:  1# B-->A
24526:  2# B-->C
24527:  1# A-->C
24528:  5# B-->A
24529:  1# C-->B
24530:  2# C-->A
24531:  1# B-->A
24532:  3# C-->B
24533:  1# A-->C
24534:  2# A-->B
24535:  1# C-->B
24536:  4# C-->A
24537:  1# B-->A
24538:  2# B-->C
24539:  1# A-->C
24540:  3# B-->A
24541:  1# C-->B
24542:  2# C-->A
24543:  1# B-->A
24544:  6# B-->C
24545:  1# A-->C
24546:  2# A-->B
24547:  1# C-->B
24548:  3# A-->C
24549:  1# B-->A
24550:  2# B-->C
24551:  1# A-->C
24552:  4# A-->B
24553:  1# C-->B
24554:  2# C-->A
24555:  1# B-->A
24556:  3# C-->B
24557:  1# A-->C
24558:  2# A-->B
24559:  1# C-->B
24560:  5# A-->C
24561:  1# B-->A
24562:  2# B-->C
24563:  1# A-->C
24564:  3# B-->A
24565:  1# C-->B
24566:  2# C-->A
24567:  1# B-->A
24568:  4# B-->C
24569:  1# A-->C
24570:  2# A-->B
24571:  1# C-->B
24572:  3# A-->C
24573:  1# B-->A
24574:  2# B-->C
24575:  1# A-->C
24576: 14# A-->B
24577:  1# C-->B
24578:  2# C-->A
24579:  1# B-->A
24580:  3# C-->B
24581:  1# A-->C
24582:  2# A-->B
24583:  1# C-->B
24584:  4# C-->A
24585:  1# B-->A
24586:  2# B-->C
24587:  1# A-->C
24588:  3# B-->A
24589:  1# C-->B
24590:  2# C-->A
24591:  1# B-->A
24592:  5# C-->B
24593:  1# A-->C
24594:  2# A-->B
24595:  1# C-->B
24596:  3# A-->C
24597:  1# B-->A
24598:  2# B-->C
24599:  1# A-->C
24600:  4# A-->B
24601:  1# C-->B
24602:  2# C-->A
24603:  1# B-->A
24604:  3# C-->B
24605:  1# A-->C
24606:  2# A-->B
24607:  1# C-->B
24608:  6# C-->A
24609:  1# B-->A
24610:  2# B-->C
24611:  1# A-->C
24612:  3# B-->A
24613:  1# C-->B
24614:  2# C-->A
24615:  1# B-->A
24616:  4# B-->C
24617:  1# A-->C
24618:  2# A-->B
24619:  1# C-->B
24620:  3# A-->C
24621:  1# B-->A
24622:  2# B-->C
24623:  1# A-->C
24624:  5# B-->A
24625:  1# C-->B
24626:  2# C-->A
24627:  1# B-->A
24628:  3# C-->B
24629:  1# A-->C
24630:  2# A-->B
24631:  1# C-->B
24632:  4# C-->A
24633:  1# B-->A
24634:  2# B-->C
24635:  1# A-->C
24636:  3# B-->A
24637:  1# C-->B
24638:  2# C-->A
24639:  1# B-->A
24640:  7# C-->B
24641:  1# A-->C
24642:  2# A-->B
24643:  1# C-->B
24644:  3# A-->C
24645:  1# B-->A
24646:  2# B-->C
24647:  1# A-->C
24648:  4# A-->B
24649:  1# C-->B
24650:  2# C-->A
24651:  1# B-->A
24652:  3# C-->B
24653:  1# A-->C
24654:  2# A-->B
24655:  1# C-->B
24656:  5# A-->C
24657:  1# B-->A
24658:  2# B-->C
24659:  1# A-->C
24660:  3# B-->A
24661:  1# C-->B
24662:  2# C-->A
24663:  1# B-->A
24664:  4# B-->C
24665:  1# A-->C
24666:  2# A-->B
24667:  1# C-->B
24668:  3# A-->C
24669:  1# B-->A
24670:  2# B-->C
24671:  1# A-->C
24672:  6# A-->B
24673:  1# C-->B
24674:  2# C-->A
24675:  1# B-->A
24676:  3# C-->B
24677:  1# A-->C
24678:  2# A-->B
24679:  1# C-->B
24680:  4# C-->A
24681:  1# B-->A
24682:  2# B-->C
24683:  1# A-->C
24684:  3# B-->A
24685:  1# C-->B
24686:  2# C-->A
24687:  1# B-->A
24688:  5# C-->B
24689:  1# A-->C
24690:  2# A-->B
24691:  1# C-->B
24692:  3# A-->C
24693:  1# B-->A
24694:  2# B-->C
24695:  1# A-->C
24696:  4# A-->B
24697:  1# C-->B
24698:  2# C-->A
24699:  1# B-->A
24700:  3# C-->B
24701:  1# A-->C
24702:  2# A-->B
24703:  1# C-->B
24704:  8# C-->A
24705:  1# B-->A
24706:  2# B-->C
24707:  1# A-->C
24708:  3# B-->A
24709:  1# C-->B
24710:  2# C-->A
24711:  1# B-->A
24712:  4# B-->C
24713:  1# A-->C
24714:  2# A-->B
24715:  1# C-->B
24716:  3# A-->C
24717:  1# B-->A
24718:  2# B-->C
24719:  1# A-->C
24720:  5# B-->A
24721:  1# C-->B
24722:  2# C-->A
24723:  1# B-->A
24724:  3# C-->B
24725:  1# A-->C
24726:  2# A-->B
24727:  1# C-->B
24728:  4# C-->A
24729:  1# B-->A
24730:  2# B-->C
24731:  1# A-->C
24732:  3# B-->A
24733:  1# C-->B
24734:  2# C-->A
24735:  1# B-->A
24736:  6# B-->C
24737:  1# A-->C
24738:  2# A-->B
24739:  1# C-->B
24740:  3# A-->C
24741:  1# B-->A
24742:  2# B-->C
24743:  1# A-->C
24744:  4# A-->B
24745:  1# C-->B
24746:  2# C-->A
24747:  1# B-->A
24748:  3# C-->B
24749:  1# A-->C
24750:  2# A-->B
24751:  1# C-->B
24752:  5# A-->C
24753:  1# B-->A
24754:  2# B-->C
24755:  1# A-->C
24756:  3# B-->A
24757:  1# C-->B
24758:  2# C-->A
24759:  1# B-->A
24760:  4# B-->C
24761:  1# A-->C
24762:  2# A-->B
24763:  1# C-->B
24764:  3# A-->C
24765:  1# B-->A
24766:  2# B-->C
24767:  1# A-->C
24768:  7# B-->A
24769:  1# C-->B
24770:  2# C-->A
24771:  1# B-->A
24772:  3# C-->B
24773:  1# A-->C
24774:  2# A-->B
24775:  1# C-->B
24776:  4# C-->A
24777:  1# B-->A
24778:  2# B-->C
24779:  1# A-->C
24780:  3# B-->A
24781:  1# C-->B
24782:  2# C-->A
24783:  1# B-->A
24784:  5# C-->B
24785:  1# A-->C
24786:  2# A-->B
24787:  1# C-->B
24788:  3# A-->C
24789:  1# B-->A
24790:  2# B-->C
24791:  1# A-->C
24792:  4# A-->B
24793:  1# C-->B
24794:  2# C-->A
24795:  1# B-->A
24796:  3# C-->B
24797:  1# A-->C
24798:  2# A-->B
24799:  1# C-->B
24800:  6# C-->A
24801:  1# B-->A
24802:  2# B-->C
24803:  1# A-->C
24804:  3# B-->A
24805:  1# C-->B
24806:  2# C-->A
24807:  1# B-->A
24808:  4# B-->C
24809:  1# A-->C
24810:  2# A-->B
24811:  1# C-->B
24812:  3# A-->C
24813:  1# B-->A
24814:  2# B-->C
24815:  1# A-->C
24816:  5# B-->A
24817:  1# C-->B
24818:  2# C-->A
24819:  1# B-->A
24820:  3# C-->B
24821:  1# A-->C
24822:  2# A-->B
24823:  1# C-->B
24824:  4# C-->A
24825:  1# B-->A
24826:  2# B-->C
24827:  1# A-->C
24828:  3# B-->A
24829:  1# C-->B
24830:  2# C-->A
24831:  1# B-->A
24832:  9# C-->B
24833:  1# A-->C
24834:  2# A-->B
24835:  1# C-->B
24836:  3# A-->C
24837:  1# B-->A
24838:  2# B-->C
24839:  1# A-->C
24840:  4# A-->B
24841:  1# C-->B
24842:  2# C-->A
24843:  1# B-->A
24844:  3# C-->B
24845:  1# A-->C
24846:  2# A-->B
24847:  1# C-->B
24848:  5# A-->C
24849:  1# B-->A
24850:  2# B-->C
24851:  1# A-->C
24852:  3# B-->A
24853:  1# C-->B
24854:  2# C-->A
24855:  1# B-->A
24856:  4# B-->C
24857:  1# A-->C
24858:  2# A-->B
24859:  1# C-->B
24860:  3# A-->C
24861:  1# B-->A
24862:  2# B-->C
24863:  1# A-->C
24864:  6# A-->B
24865:  1# C-->B
24866:  2# C-->A
24867:  1# B-->A
24868:  3# C-->B
24869:  1# A-->C
24870:  2# A-->B
24871:  1# C-->B
24872:  4# C-->A
24873:  1# B-->A
24874:  2# B-->C
24875:  1# A-->C
24876:  3# B-->A
24877:  1# C-->B
24878:  2# C-->A
24879:  1# B-->A
24880:  5# C-->B
24881:  1# A-->C
24882:  2# A-->B
24883:  1# C-->B
24884:  3# A-->C
24885:  1# B-->A
24886:  2# B-->C
24887:  1# A-->C
24888:  4# A-->B
24889:  1# C-->B
24890:  2# C-->A
24891:  1# B-->A
24892:  3# C-->B
24893:  1# A-->C
24894:  2# A-->B
24895:  1# C-->B
24896:  7# A-->C
24897:  1# B-->A
24898:  2# B-->C
24899:  1# A-->C
24900:  3# B-->A
24901:  1# C-->B
24902:  2# C-->A
24903:  1# B-->A
24904:  4# B-->C
24905:  1# A-->C
24906:  2# A-->B
24907:  1# C-->B
24908:  3# A-->C
24909:  1# B-->A
24910:  2# B-->C
24911:  1# A-->C
24912:  5# B-->A
24913:  1# C-->B
24914:  2# C-->A
24915:  1# B-->A
24916:  3# C-->B
24917:  1# A-->C
24918:  2# A-->B
24919:  1# C-->B
24920:  4# C-->A
24921:  1# B-->A
24922:  2# B-->C
24923:  1# A-->C
24924:  3# B-->A
24925:  1# C-->B
24926:  2# C-->A
24927:  1# B-->A
24928:  6# B-->C
24929:  1# A-->C
24930:  2# A-->B
24931:  1# C-->B
24932:  3# A-->C
24933:  1# B-->A
24934:  2# B-->C
24935:  1# A-->C
24936:  4# A-->B
24937:  1# C-->B
24938:  2# C-->A
24939:  1# B-->A
24940:  3# C-->B
24941:  1# A-->C
24942:  2# A-->B
24943:  1# C-->B
24944:  5# A-->C
24945:  1# B-->A
24946:  2# B-->C
24947:  1# A-->C
24948:  3# B-->A
24949:  1# C-->B
24950:  2# C-->A
24951:  1# B-->A
24952:  4# B-->C
24953:  1# A-->C
24954:  2# A-->B
24955:  1# C-->B
24956:  3# A-->C
24957:  1# B-->A
24958:  2# B-->C
24959:  1# A-->C
24960:  8# A-->B
24961:  1# C-->B
24962:  2# C-->A
24963:  1# B-->A
24964:  3# C-->B
24965:  1# A-->C
24966:  2# A-->B
24967:  1# C-->B
24968:  4# C-->A
24969:  1# B-->A
24970:  2# B-->C
24971:  1# A-->C
24972:  3# B-->A
24973:  1# C-->B
24974:  2# C-->A
24975:  1# B-->A
24976:  5# C-->B
24977:  1# A-->C
24978:  2# A-->B
24979:  1# C-->B
24980:  3# A-->C
24981:  1# B-->A
24982:  2# B-->C
24983:  1# A-->C
24984:  4# A-->B
24985:  1# C-->B
24986:  2# C-->A
24987:  1# B-->A
24988:  3# C-->B
24989:  1# A-->C
24990:  2# A-->B
24991:  1# C-->B
24992:  6# C-->A
24993:  1# B-->A
24994:  2# B-->C
24995:  1# A-->C
24996:  3# B-->A
24997:  1# C-->B
24998:  2# C-->A
24999:  1# B-->A
25000:  4# B-->C
25001:  1# A-->C
25002:  2# A-->B
25003:  1# C-->B
25004:  3# A-->C
25005:  1# B-->A
25006:  2# B-->C
25007:  1# A-->C
25008:  5# B-->A
25009:  1# C-->B
25010:  2# C-->A
25011:  1# B-->A
25012:  3# C-->B
25013:  1# A-->C
25014:  2# A-->B
25015:  1# C-->B
25016:  4# C-->A
25017:  1# B-->A
25018:  2# B-->C
25019:  1# A-->C
25020:  3# B-->A
25021:  1# C-->B
25022:  2# C-->A
25023:  1# B-->A
25024:  7# C-->B
25025:  1# A-->C
25026:  2# A-->B
25027:  1# C-->B
25028:  3# A-->C
25029:  1# B-->A
25030:  2# B-->C
25031:  1# A-->C
25032:  4# A-->B
25033:  1# C-->B
25034:  2# C-->A
25035:  1# B-->A
25036:  3# C-->B
25037:  1# A-->C
25038:  2# A-->B
25039:  1# C-->B
25040:  5# A-->C
25041:  1# B-->A
25042:  2# B-->C
25043:  1# A-->C
25044:  3# B-->A
25045:  1# C-->B
25046:  2# C-->A
25047:  1# B-->A
25048:  4# B-->C
25049:  1# A-->C
25050:  2# A-->B
25051:  1# C-->B
25052:  3# A-->C
25053:  1# B-->A
25054:  2# B-->C
25055:  1# A-->C
25056:  6# A-->B
25057:  1# C-->B
25058:  2# C-->A
25059:  1# B-->A
25060:  3# C-->B
25061:  1# A-->C
25062:  2# A-->B
25063:  1# C-->B
25064:  4# C-->A
25065:  1# B-->A
25066:  2# B-->C
25067:  1# A-->C
25068:  3# B-->A
25069:  1# C-->B
25070:  2# C-->A
25071:  1# B-->A
25072:  5# C-->B
25073:  1# A-->C
25074:  2# A-->B
25075:  1# C-->B
25076:  3# A-->C
25077:  1# B-->A
25078:  2# B-->C
25079:  1# A-->C
25080:  4# A-->B
25081:  1# C-->B
25082:  2# C-->A
25083:  1# B-->A
25084:  3# C-->B
25085:  1# A-->C
25086:  2# A-->B
25087:  1# C-->B
25088: 10# C-->A
25089:  1# B-->A
25090:  2# B-->C
25091:  1# A-->C
25092:  3# B-->A
25093:  1# C-->B
25094:  2# C-->A
25095:  1# B-->A
25096:  4# B-->C
25097:  1# A-->C
25098:  2# A-->B
25099:  1# C-->B
25100:  3# A-->C
25101:  1# B-->A
25102:  2# B-->C
25103:  1# A-->C
25104:  5# B-->A
25105:  1# C-->B
25106:  2# C-->A
25107:  1# B-->A
25108:  3# C-->B
25109:  1# A-->C
25110:  2# A-->B
25111:  1# C-->B
25112:  4# C-->A
25113:  1# B-->A
25114:  2# B-->C
25115:  1# A-->C
25116:  3# B-->A
25117:  1# C-->B
25118:  2# C-->A
25119:  1# B-->A
25120:  6# B-->C
25121:  1# A-->C
25122:  2# A-->B
25123:  1# C-->B
25124:  3# A-->C
25125:  1# B-->A
25126:  2# B-->C
25127:  1# A-->C
25128:  4# A-->B
25129:  1# C-->B
25130:  2# C-->A
25131:  1# B-->A
25132:  3# C-->B
25133:  1# A-->C
25134:  2# A-->B
25135:  1# C-->B
25136:  5# A-->C
25137:  1# B-->A
25138:  2# B-->C
25139:  1# A-->C
25140:  3# B-->A
25141:  1# C-->B
25142:  2# C-->A
25143:  1# B-->A
25144:  4# B-->C
25145:  1# A-->C
25146:  2# A-->B
25147:  1# C-->B
25148:  3# A-->C
25149:  1# B-->A
25150:  2# B-->C
25151:  1# A-->C
25152:  7# B-->A
25153:  1# C-->B
25154:  2# C-->A
25155:  1# B-->A
25156:  3# C-->B
25157:  1# A-->C
25158:  2# A-->B
25159:  1# C-->B
25160:  4# C-->A
25161:  1# B-->A
25162:  2# B-->C
25163:  1# A-->C
25164:  3# B-->A
25165:  1# C-->B
25166:  2# C-->A
25167:  1# B-->A
25168:  5# C-->B
25169:  1# A-->C
25170:  2# A-->B
25171:  1# C-->B
25172:  3# A-->C
25173:  1# B-->A
25174:  2# B-->C
25175:  1# A-->C
25176:  4# A-->B
25177:  1# C-->B
25178:  2# C-->A
25179:  1# B-->A
25180:  3# C-->B
25181:  1# A-->C
25182:  2# A-->B
25183:  1# C-->B
25184:  6# C-->A
25185:  1# B-->A
25186:  2# B-->C
25187:  1# A-->C
25188:  3# B-->A
25189:  1# C-->B
25190:  2# C-->A
25191:  1# B-->A
25192:  4# B-->C
25193:  1# A-->C
25194:  2# A-->B
25195:  1# C-->B
25196:  3# A-->C
25197:  1# B-->A
25198:  2# B-->C
25199:  1# A-->C
25200:  5# B-->A
25201:  1# C-->B
25202:  2# C-->A
25203:  1# B-->A
25204:  3# C-->B
25205:  1# A-->C
25206:  2# A-->B
25207:  1# C-->B
25208:  4# C-->A
25209:  1# B-->A
25210:  2# B-->C
25211:  1# A-->C
25212:  3# B-->A
25213:  1# C-->B
25214:  2# C-->A
25215:  1# B-->A
25216:  8# B-->C
25217:  1# A-->C
25218:  2# A-->B
25219:  1# C-->B
25220:  3# A-->C
25221:  1# B-->A
25222:  2# B-->C
25223:  1# A-->C
25224:  4# A-->B
25225:  1# C-->B
25226:  2# C-->A
25227:  1# B-->A
25228:  3# C-->B
25229:  1# A-->C
25230:  2# A-->B
25231:  1# C-->B
25232:  5# A-->C
25233:  1# B-->A
25234:  2# B-->C
25235:  1# A-->C
25236:  3# B-->A
25237:  1# C-->B
25238:  2# C-->A
25239:  1# B-->A
25240:  4# B-->C
25241:  1# A-->C
25242:  2# A-->B
25243:  1# C-->B
25244:  3# A-->C
25245:  1# B-->A
25246:  2# B-->C
25247:  1# A-->C
25248:  6# A-->B
25249:  1# C-->B
25250:  2# C-->A
25251:  1# B-->A
25252:  3# C-->B
25253:  1# A-->C
25254:  2# A-->B
25255:  1# C-->B
25256:  4# C-->A
25257:  1# B-->A
25258:  2# B-->C
25259:  1# A-->C
25260:  3# B-->A
25261:  1# C-->B
25262:  2# C-->A
25263:  1# B-->A
25264:  5# C-->B
25265:  1# A-->C
25266:  2# A-->B
25267:  1# C-->B
25268:  3# A-->C
25269:  1# B-->A
25270:  2# B-->C
25271:  1# A-->C
25272:  4# A-->B
25273:  1# C-->B
25274:  2# C-->A
25275:  1# B-->A
25276:  3# C-->B
25277:  1# A-->C
25278:  2# A-->B
25279:  1# C-->B
25280:  7# A-->C
25281:  1# B-->A
25282:  2# B-->C
25283:  1# A-->C
25284:  3# B-->A
25285:  1# C-->B
25286:  2# C-->A
25287:  1# B-->A
25288:  4# B-->C
25289:  1# A-->C
25290:  2# A-->B
25291:  1# C-->B
25292:  3# A-->C
25293:  1# B-->A
25294:  2# B-->C
25295:  1# A-->C
25296:  5# B-->A
25297:  1# C-->B
25298:  2# C-->A
25299:  1# B-->A
25300:  3# C-->B
25301:  1# A-->C
25302:  2# A-->B
25303:  1# C-->B
25304:  4# C-->A
25305:  1# B-->A
25306:  2# B-->C
25307:  1# A-->C
25308:  3# B-->A
25309:  1# C-->B
25310:  2# C-->A
25311:  1# B-->A
25312:  6# B-->C
25313:  1# A-->C
25314:  2# A-->B
25315:  1# C-->B
25316:  3# A-->C
25317:  1# B-->A
25318:  2# B-->C
25319:  1# A-->C
25320:  4# A-->B
25321:  1# C-->B
25322:  2# C-->A
25323:  1# B-->A
25324:  3# C-->B
25325:  1# A-->C
25326:  2# A-->B
25327:  1# C-->B
25328:  5# A-->C
25329:  1# B-->A
25330:  2# B-->C
25331:  1# A-->C
25332:  3# B-->A
25333:  1# C-->B
25334:  2# C-->A
25335:  1# B-->A
25336:  4# B-->C
25337:  1# A-->C
25338:  2# A-->B
25339:  1# C-->B
25340:  3# A-->C
25341:  1# B-->A
25342:  2# B-->C
25343:  1# A-->C
25344:  9# B-->A
25345:  1# C-->B
25346:  2# C-->A
25347:  1# B-->A
25348:  3# C-->B
25349:  1# A-->C
25350:  2# A-->B
25351:  1# C-->B
25352:  4# C-->A
25353:  1# B-->A
25354:  2# B-->C
25355:  1# A-->C
25356:  3# B-->A
25357:  1# C-->B
25358:  2# C-->A
25359:  1# B-->A
25360:  5# C-->B
25361:  1# A-->C
25362:  2# A-->B
25363:  1# C-->B
25364:  3# A-->C
25365:  1# B-->A
25366:  2# B-->C
25367:  1# A-->C
25368:  4# A-->B
25369:  1# C-->B
25370:  2# C-->A
25371:  1# B-->A
25372:  3# C-->B
25373:  1# A-->C
25374:  2# A-->B
25375:  1# C-->B
25376:  6# C-->A
25377:  1# B-->A
25378:  2# B-->C
25379:  1# A-->C
25380:  3# B-->A
25381:  1# C-->B
25382:  2# C-->A
25383:  1# B-->A
25384:  4# B-->C
25385:  1# A-->C
25386:  2# A-->B
25387:  1# C-->B
25388:  3# A-->C
25389:  1# B-->A
25390:  2# B-->C
25391:  1# A-->C
25392:  5# B-->A
25393:  1# C-->B
25394:  2# C-->A
25395:  1# B-->A
25396:  3# C-->B
25397:  1# A-->C
25398:  2# A-->B
25399:  1# C-->B
25400:  4# C-->A
25401:  1# B-->A
25402:  2# B-->C
25403:  1# A-->C
25404:  3# B-->A
25405:  1# C-->B
25406:  2# C-->A
25407:  1# B-->A
25408:  7# C-->B
25409:  1# A-->C
25410:  2# A-->B
25411:  1# C-->B
25412:  3# A-->C
25413:  1# B-->A
25414:  2# B-->C
25415:  1# A-->C
25416:  4# A-->B
25417:  1# C-->B
25418:  2# C-->A
25419:  1# B-->A
25420:  3# C-->B
25421:  1# A-->C
25422:  2# A-->B
25423:  1# C-->B
25424:  5# A-->C
25425:  1# B-->A
25426:  2# B-->C
25427:  1# A-->C
25428:  3# B-->A
25429:  1# C-->B
25430:  2# C-->A
25431:  1# B-->A
25432:  4# B-->C
25433:  1# A-->C
25434:  2# A-->B
25435:  1# C-->B
25436:  3# A-->C
25437:  1# B-->A
25438:  2# B-->C
25439:  1# A-->C
25440:  6# A-->B
25441:  1# C-->B
25442:  2# C-->A
25443:  1# B-->A
25444:  3# C-->B
25445:  1# A-->C
25446:  2# A-->B
25447:  1# C-->B
25448:  4# C-->A
25449:  1# B-->A
25450:  2# B-->C
25451:  1# A-->C
25452:  3# B-->A
25453:  1# C-->B
25454:  2# C-->A
25455:  1# B-->A
25456:  5# C-->B
25457:  1# A-->C
25458:  2# A-->B
25459:  1# C-->B
25460:  3# A-->C
25461:  1# B-->A
25462:  2# B-->C
25463:  1# A-->C
25464:  4# A-->B
25465:  1# C-->B
25466:  2# C-->A
25467:  1# B-->A
25468:  3# C-->B
25469:  1# A-->C
25470:  2# A-->B
25471:  1# C-->B
25472:  8# C-->A
25473:  1# B-->A
25474:  2# B-->C
25475:  1# A-->C
25476:  3# B-->A
25477:  1# C-->B
25478:  2# C-->A
25479:  1# B-->A
25480:  4# B-->C
25481:  1# A-->C
25482:  2# A-->B
25483:  1# C-->B
25484:  3# A-->C
25485:  1# B-->A
25486:  2# B-->C
25487:  1# A-->C
25488:  5# B-->A
25489:  1# C-->B
25490:  2# C-->A
25491:  1# B-->A
25492:  3# C-->B
25493:  1# A-->C
25494:  2# A-->B
25495:  1# C-->B
25496:  4# C-->A
25497:  1# B-->A
25498:  2# B-->C
25499:  1# A-->C
25500:  3# B-->A
25501:  1# C-->B
25502:  2# C-->A
25503:  1# B-->A
25504:  6# B-->C
25505:  1# A-->C
25506:  2# A-->B
25507:  1# C-->B
25508:  3# A-->C
25509:  1# B-->A
25510:  2# B-->C
25511:  1# A-->C
25512:  4# A-->B
25513:  1# C-->B
25514:  2# C-->A
25515:  1# B-->A
25516:  3# C-->B
25517:  1# A-->C
25518:  2# A-->B
25519:  1# C-->B
25520:  5# A-->C
25521:  1# B-->A
25522:  2# B-->C
25523:  1# A-->C
25524:  3# B-->A
25525:  1# C-->B
25526:  2# C-->A
25527:  1# B-->A
25528:  4# B-->C
25529:  1# A-->C
25530:  2# A-->B
25531:  1# C-->B
25532:  3# A-->C
25533:  1# B-->A
25534:  2# B-->C
25535:  1# A-->C
25536:  7# B-->A
25537:  1# C-->B
25538:  2# C-->A
25539:  1# B-->A
25540:  3# C-->B
25541:  1# A-->C
25542:  2# A-->B
25543:  1# C-->B
25544:  4# C-->A
25545:  1# B-->A
25546:  2# B-->C
25547:  1# A-->C
25548:  3# B-->A
25549:  1# C-->B
25550:  2# C-->A
25551:  1# B-->A
25552:  5# C-->B
25553:  1# A-->C
25554:  2# A-->B
25555:  1# C-->B
25556:  3# A-->C
25557:  1# B-->A
25558:  2# B-->C
25559:  1# A-->C
25560:  4# A-->B
25561:  1# C-->B
25562:  2# C-->A
25563:  1# B-->A
25564:  3# C-->B
25565:  1# A-->C
25566:  2# A-->B
25567:  1# C-->B
25568:  6# C-->A
25569:  1# B-->A
25570:  2# B-->C
25571:  1# A-->C
25572:  3# B-->A
25573:  1# C-->B
25574:  2# C-->A
25575:  1# B-->A
25576:  4# B-->C
25577:  1# A-->C
25578:  2# A-->B
25579:  1# C-->B
25580:  3# A-->C
25581:  1# B-->A
25582:  2# B-->C
25583:  1# A-->C
25584:  5# B-->A
25585:  1# C-->B
25586:  2# C-->A
25587:  1# B-->A
25588:  3# C-->B
25589:  1# A-->C
25590:  2# A-->B
25591:  1# C-->B
25592:  4# C-->A
25593:  1# B-->A
25594:  2# B-->C
25595:  1# A-->C
25596:  3# B-->A
25597:  1# C-->B
25598:  2# C-->A
25599:  1# B-->A
25600: 11# C-->B
25601:  1# A-->C
25602:  2# A-->B
25603:  1# C-->B
25604:  3# A-->C
25605:  1# B-->A
25606:  2# B-->C
25607:  1# A-->C
25608:  4# A-->B
25609:  1# C-->B
25610:  2# C-->A
25611:  1# B-->A
25612:  3# C-->B
25613:  1# A-->C
25614:  2# A-->B
25615:  1# C-->B
25616:  5# A-->C
25617:  1# B-->A
25618:  2# B-->C
25619:  1# A-->C
25620:  3# B-->A
25621:  1# C-->B
25622:  2# C-->A
25623:  1# B-->A
25624:  4# B-->C
25625:  1# A-->C
25626:  2# A-->B
25627:  1# C-->B
25628:  3# A-->C
25629:  1# B-->A
25630:  2# B-->C
25631:  1# A-->C
25632:  6# A-->B
25633:  1# C-->B
25634:  2# C-->A
25635:  1# B-->A
25636:  3# C-->B
25637:  1# A-->C
25638:  2# A-->B
25639:  1# C-->B
25640:  4# C-->A
25641:  1# B-->A
25642:  2# B-->C
25643:  1# A-->C
25644:  3# B-->A
25645:  1# C-->B
25646:  2# C-->A
25647:  1# B-->A
25648:  5# C-->B
25649:  1# A-->C
25650:  2# A-->B
25651:  1# C-->B
25652:  3# A-->C
25653:  1# B-->A
25654:  2# B-->C
25655:  1# A-->C
25656:  4# A-->B
25657:  1# C-->B
25658:  2# C-->A
25659:  1# B-->A
25660:  3# C-->B
25661:  1# A-->C
25662:  2# A-->B
25663:  1# C-->B
25664:  7# A-->C
25665:  1# B-->A
25666:  2# B-->C
25667:  1# A-->C
25668:  3# B-->A
25669:  1# C-->B
25670:  2# C-->A
25671:  1# B-->A
25672:  4# B-->C
25673:  1# A-->C
25674:  2# A-->B
25675:  1# C-->B
25676:  3# A-->C
25677:  1# B-->A
25678:  2# B-->C
25679:  1# A-->C
25680:  5# B-->A
25681:  1# C-->B
25682:  2# C-->A
25683:  1# B-->A
25684:  3# C-->B
25685:  1# A-->C
25686:  2# A-->B
25687:  1# C-->B
25688:  4# C-->A
25689:  1# B-->A
25690:  2# B-->C
25691:  1# A-->C
25692:  3# B-->A
25693:  1# C-->B
25694:  2# C-->A
25695:  1# B-->A
25696:  6# B-->C
25697:  1# A-->C
25698:  2# A-->B
25699:  1# C-->B
25700:  3# A-->C
25701:  1# B-->A
25702:  2# B-->C
25703:  1# A-->C
25704:  4# A-->B
25705:  1# C-->B
25706:  2# C-->A
25707:  1# B-->A
25708:  3# C-->B
25709:  1# A-->C
25710:  2# A-->B
25711:  1# C-->B
25712:  5# A-->C
25713:  1# B-->A
25714:  2# B-->C
25715:  1# A-->C
25716:  3# B-->A
25717:  1# C-->B
25718:  2# C-->A
25719:  1# B-->A
25720:  4# B-->C
25721:  1# A-->C
25722:  2# A-->B
25723:  1# C-->B
25724:  3# A-->C
25725:  1# B-->A
25726:  2# B-->C
25727:  1# A-->C
25728:  8# A-->B
25729:  1# C-->B
25730:  2# C-->A
25731:  1# B-->A
25732:  3# C-->B
25733:  1# A-->C
25734:  2# A-->B
25735:  1# C-->B
25736:  4# C-->A
25737:  1# B-->A
25738:  2# B-->C
25739:  1# A-->C
25740:  3# B-->A
25741:  1# C-->B
25742:  2# C-->A
25743:  1# B-->A
25744:  5# C-->B
25745:  1# A-->C
25746:  2# A-->B
25747:  1# C-->B
25748:  3# A-->C
25749:  1# B-->A
25750:  2# B-->C
25751:  1# A-->C
25752:  4# A-->B
25753:  1# C-->B
25754:  2# C-->A
25755:  1# B-->A
25756:  3# C-->B
25757:  1# A-->C
25758:  2# A-->B
25759:  1# C-->B
25760:  6# C-->A
25761:  1# B-->A
25762:  2# B-->C
25763:  1# A-->C
25764:  3# B-->A
25765:  1# C-->B
25766:  2# C-->A
25767:  1# B-->A
25768:  4# B-->C
25769:  1# A-->C
25770:  2# A-->B
25771:  1# C-->B
25772:  3# A-->C
25773:  1# B-->A
25774:  2# B-->C
25775:  1# A-->C
25776:  5# B-->A
25777:  1# C-->B
25778:  2# C-->A
25779:  1# B-->A
25780:  3# C-->B
25781:  1# A-->C
25782:  2# A-->B
25783:  1# C-->B
25784:  4# C-->A
25785:  1# B-->A
25786:  2# B-->C
25787:  1# A-->C
25788:  3# B-->A
25789:  1# C-->B
25790:  2# C-->A
25791:  1# B-->A
25792:  7# C-->B
25793:  1# A-->C
25794:  2# A-->B
25795:  1# C-->B
25796:  3# A-->C
25797:  1# B-->A
25798:  2# B-->C
25799:  1# A-->C
25800:  4# A-->B
25801:  1# C-->B
25802:  2# C-->A
25803:  1# B-->A
25804:  3# C-->B
25805:  1# A-->C
25806:  2# A-->B
25807:  1# C-->B
25808:  5# A-->C
25809:  1# B-->A
25810:  2# B-->C
25811:  1# A-->C
25812:  3# B-->A
25813:  1# C-->B
25814:  2# C-->A
25815:  1# B-->A
25816:  4# B-->C
25817:  1# A-->C
25818:  2# A-->B
25819:  1# C-->B
25820:  3# A-->C
25821:  1# B-->A
25822:  2# B-->C
25823:  1# A-->C
25824:  6# A-->B
25825:  1# C-->B
25826:  2# C-->A
25827:  1# B-->A
25828:  3# C-->B
25829:  1# A-->C
25830:  2# A-->B
25831:  1# C-->B
25832:  4# C-->A
25833:  1# B-->A
25834:  2# B-->C
25835:  1# A-->C
25836:  3# B-->A
25837:  1# C-->B
25838:  2# C-->A
25839:  1# B-->A
25840:  5# C-->B
25841:  1# A-->C
25842:  2# A-->B
25843:  1# C-->B
25844:  3# A-->C
25845:  1# B-->A
25846:  2# B-->C
25847:  1# A-->C
25848:  4# A-->B
25849:  1# C-->B
25850:  2# C-->A
25851:  1# B-->A
25852:  3# C-->B
25853:  1# A-->C
25854:  2# A-->B
25855:  1# C-->B
25856:  9# A-->C
25857:  1# B-->A
25858:  2# B-->C
25859:  1# A-->C
25860:  3# B-->A
25861:  1# C-->B
25862:  2# C-->A
25863:  1# B-->A
25864:  4# B-->C
25865:  1# A-->C
25866:  2# A-->B
25867:  1# C-->B
25868:  3# A-->C
25869:  1# B-->A
25870:  2# B-->C
25871:  1# A-->C
25872:  5# B-->A
25873:  1# C-->B
25874:  2# C-->A
25875:  1# B-->A
25876:  3# C-->B
25877:  1# A-->C
25878:  2# A-->B
25879:  1# C-->B
25880:  4# C-->A
25881:  1# B-->A
25882:  2# B-->C
25883:  1# A-->C
25884:  3# B-->A
25885:  1# C-->B
25886:  2# C-->A
25887:  1# B-->A
25888:  6# B-->C
25889:  1# A-->C
25890:  2# A-->B
25891:  1# C-->B
25892:  3# A-->C
25893:  1# B-->A
25894:  2# B-->C
25895:  1# A-->C
25896:  4# A-->B
25897:  1# C-->B
25898:  2# C-->A
25899:  1# B-->A
25900:  3# C-->B
25901:  1# A-->C
25902:  2# A-->B
25903:  1# C-->B
25904:  5# A-->C
25905:  1# B-->A
25906:  2# B-->C
25907:  1# A-->C
25908:  3# B-->A
25909:  1# C-->B
25910:  2# C-->A
25911:  1# B-->A
25912:  4# B-->C
25913:  1# A-->C
25914:  2# A-->B
25915:  1# C-->B
25916:  3# A-->C
25917:  1# B-->A
25918:  2# B-->C
25919:  1# A-->C
25920:  7# B-->A
25921:  1# C-->B
25922:  2# C-->A
25923:  1# B-->A
25924:  3# C-->B
25925:  1# A-->C
25926:  2# A-->B
25927:  1# C-->B
25928:  4# C-->A
25929:  1# B-->A
25930:  2# B-->C
25931:  1# A-->C
25932:  3# B-->A
25933:  1# C-->B
25934:  2# C-->A
25935:  1# B-->A
25936:  5# C-->B
25937:  1# A-->C
25938:  2# A-->B
25939:  1# C-->B
25940:  3# A-->C
25941:  1# B-->A
25942:  2# B-->C
25943:  1# A-->C
25944:  4# A-->B
25945:  1# C-->B
25946:  2# C-->A
25947:  1# B-->A
25948:  3# C-->B
25949:  1# A-->C
25950:  2# A-->B
25951:  1# C-->B
25952:  6# C-->A
25953:  1# B-->A
25954:  2# B-->C
25955:  1# A-->C
25956:  3# B-->A
25957:  1# C-->B
25958:  2# C-->A
25959:  1# B-->A
25960:  4# B-->C
25961:  1# A-->C
25962:  2# A-->B
25963:  1# C-->B
25964:  3# A-->C
25965:  1# B-->A
25966:  2# B-->C
25967:  1# A-->C
25968:  5# B-->A
25969:  1# C-->B
25970:  2# C-->A
25971:  1# B-->A
25972:  3# C-->B
25973:  1# A-->C
25974:  2# A-->B
25975:  1# C-->B
25976:  4# C-->A
25977:  1# B-->A
25978:  2# B-->C
25979:  1# A-->C
25980:  3# B-->A
25981:  1# C-->B
25982:  2# C-->A
25983:  1# B-->A
25984:  8# B-->C
25985:  1# A-->C
25986:  2# A-->B
25987:  1# C-->B
25988:  3# A-->C
25989:  1# B-->A
25990:  2# B-->C
25991:  1# A-->C
25992:  4# A-->B
25993:  1# C-->B
25994:  2# C-->A
25995:  1# B-->A
25996:  3# C-->B
25997:  1# A-->C
25998:  2# A-->B
25999:  1# C-->B
26000:  5# A-->C
26001:  1# B-->A
26002:  2# B-->C
26003:  1# A-->C
26004:  3# B-->A
26005:  1# C-->B
26006:  2# C-->A
26007:  1# B-->A
26008:  4# B-->C
26009:  1# A-->C
26010:  2# A-->B
26011:  1# C-->B
26012:  3# A-->C
26013:  1# B-->A
26014:  2# B-->C
26015:  1# A-->C
26016:  6# A-->B
26017:  1# C-->B
26018:  2# C-->A
26019:  1# B-->A
26020:  3# C-->B
26021:  1# A-->C
26022:  2# A-->B
26023:  1# C-->B
26024:  4# C-->A
26025:  1# B-->A
26026:  2# B-->C
26027:  1# A-->C
26028:  3# B-->A
26029:  1# C-->B
26030:  2# C-->A
26031:  1# B-->A
26032:  5# C-->B
26033:  1# A-->C
26034:  2# A-->B
26035:  1# C-->B
26036:  3# A-->C
26037:  1# B-->A
26038:  2# B-->C
26039:  1# A-->C
26040:  4# A-->B
26041:  1# C-->B
26042:  2# C-->A
26043:  1# B-->A
26044:  3# C-->B
26045:  1# A-->C
26046:  2# A-->B
26047:  1# C-->B
26048:  7# A-->C
26049:  1# B-->A
26050:  2# B-->C
26051:  1# A-->C
26052:  3# B-->A
26053:  1# C-->B
26054:  2# C-->A
26055:  1# B-->A
26056:  4# B-->C
26057:  1# A-->C
26058:  2# A-->B
26059:  1# C-->B
26060:  3# A-->C
26061:  1# B-->A
26062:  2# B-->C
26063:  1# A-->C
26064:  5# B-->A
26065:  1# C-->B
26066:  2# C-->A
26067:  1# B-->A
26068:  3# C-->B
26069:  1# A-->C
26070:  2# A-->B
26071:  1# C-->B
26072:  4# C-->A
26073:  1# B-->A
26074:  2# B-->C
26075:  1# A-->C
26076:  3# B-->A
26077:  1# C-->B
26078:  2# C-->A
26079:  1# B-->A
26080:  6# B-->C
26081:  1# A-->C
26082:  2# A-->B
26083:  1# C-->B
26084:  3# A-->C
26085:  1# B-->A
26086:  2# B-->C
26087:  1# A-->C
26088:  4# A-->B
26089:  1# C-->B
26090:  2# C-->A
26091:  1# B-->A
26092:  3# C-->B
26093:  1# A-->C
26094:  2# A-->B
26095:  1# C-->B
26096:  5# A-->C
26097:  1# B-->A
26098:  2# B-->C
26099:  1# A-->C
26100:  3# B-->A
26101:  1# C-->B
26102:  2# C-->A
26103:  1# B-->A
26104:  4# B-->C
26105:  1# A-->C
26106:  2# A-->B
26107:  1# C-->B
26108:  3# A-->C
26109:  1# B-->A
26110:  2# B-->C
26111:  1# A-->C
26112: 10# A-->B
26113:  1# C-->B
26114:  2# C-->A
26115:  1# B-->A
26116:  3# C-->B
26117:  1# A-->C
26118:  2# A-->B
26119:  1# C-->B
26120:  4# C-->A
26121:  1# B-->A
26122:  2# B-->C
26123:  1# A-->C
26124:  3# B-->A
26125:  1# C-->B
26126:  2# C-->A
26127:  1# B-->A
26128:  5# C-->B
26129:  1# A-->C
26130:  2# A-->B
26131:  1# C-->B
26132:  3# A-->C
26133:  1# B-->A
26134:  2# B-->C
26135:  1# A-->C
26136:  4# A-->B
26137:  1# C-->B
26138:  2# C-->A
26139:  1# B-->A
26140:  3# C-->B
26141:  1# A-->C
26142:  2# A-->B
26143:  1# C-->B
26144:  6# C-->A
26145:  1# B-->A
26146:  2# B-->C
26147:  1# A-->C
26148:  3# B-->A
26149:  1# C-->B
26150:  2# C-->A
26151:  1# B-->A
26152:  4# B-->C
26153:  1# A-->C
26154:  2# A-->B
26155:  1# C-->B
26156:  3# A-->C
26157:  1# B-->A
26158:  2# B-->C
26159:  1# A-->C
26160:  5# B-->A
26161:  1# C-->B
26162:  2# C-->A
26163:  1# B-->A
26164:  3# C-->B
26165:  1# A-->C
26166:  2# A-->B
26167:  1# C-->B
26168:  4# C-->A
26169:  1# B-->A
26170:  2# B-->C
26171:  1# A-->C
26172:  3# B-->A
26173:  1# C-->B
26174:  2# C-->A
26175:  1# B-->A
26176:  7# C-->B
26177:  1# A-->C
26178:  2# A-->B
26179:  1# C-->B
26180:  3# A-->C
26181:  1# B-->A
26182:  2# B-->C
26183:  1# A-->C
26184:  4# A-->B
26185:  1# C-->B
26186:  2# C-->A
26187:  1# B-->A
26188:  3# C-->B
26189:  1# A-->C
26190:  2# A-->B
26191:  1# C-->B
26192:  5# A-->C
26193:  1# B-->A
26194:  2# B-->C
26195:  1# A-->C
26196:  3# B-->A
26197:  1# C-->B
26198:  2# C-->A
26199:  1# B-->A
26200:  4# B-->C
26201:  1# A-->C
26202:  2# A-->B
26203:  1# C-->B
26204:  3# A-->C
26205:  1# B-->A
26206:  2# B-->C
26207:  1# A-->C
26208:  6# A-->B
26209:  1# C-->B
26210:  2# C-->A
26211:  1# B-->A
26212:  3# C-->B
26213:  1# A-->C
26214:  2# A-->B
26215:  1# C-->B
26216:  4# C-->A
26217:  1# B-->A
26218:  2# B-->C
26219:  1# A-->C
26220:  3# B-->A
26221:  1# C-->B
26222:  2# C-->A
26223:  1# B-->A
26224:  5# C-->B
26225:  1# A-->C
26226:  2# A-->B
26227:  1# C-->B
26228:  3# A-->C
26229:  1# B-->A
26230:  2# B-->C
26231:  1# A-->C
26232:  4# A-->B
26233:  1# C-->B
26234:  2# C-->A
26235:  1# B-->A
26236:  3# C-->B
26237:  1# A-->C
26238:  2# A-->B
26239:  1# C-->B
26240:  8# C-->A
26241:  1# B-->A
26242:  2# B-->C
26243:  1# A-->C
26244:  3# B-->A
26245:  1# C-->B
26246:  2# C-->A
26247:  1# B-->A
26248:  4# B-->C
26249:  1# A-->C
26250:  2# A-->B
26251:  1# C-->B
26252:  3# A-->C
26253:  1# B-->A
26254:  2# B-->C
26255:  1# A-->C
26256:  5# B-->A
26257:  1# C-->B
26258:  2# C-->A
26259:  1# B-->A
26260:  3# C-->B
26261:  1# A-->C
26262:  2# A-->B
26263:  1# C-->B
26264:  4# C-->A
26265:  1# B-->A
26266:  2# B-->C
26267:  1# A-->C
26268:  3# B-->A
26269:  1# C-->B
26270:  2# C-->A
26271:  1# B-->A
26272:  6# B-->C
26273:  1# A-->C
26274:  2# A-->B
26275:  1# C-->B
26276:  3# A-->C
26277:  1# B-->A
26278:  2# B-->C
26279:  1# A-->C
26280:  4# A-->B
26281:  1# C-->B
26282:  2# C-->A
26283:  1# B-->A
26284:  3# C-->B
26285:  1# A-->C
26286:  2# A-->B
26287:  1# C-->B
26288:  5# A-->C
26289:  1# B-->A
26290:  2# B-->C
26291:  1# A-->C
26292:  3# B-->A
26293:  1# C-->B
26294:  2# C-->A
26295:  1# B-->A
26296:  4# B-->C
26297:  1# A-->C
26298:  2# A-->B
26299:  1# C-->B
26300:  3# A-->C
26301:  1# B-->A
26302:  2# B-->C
26303:  1# A-->C
26304:  7# B-->A
26305:  1# C-->B
26306:  2# C-->A
26307:  1# B-->A
26308:  3# C-->B
26309:  1# A-->C
26310:  2# A-->B
26311:  1# C-->B
26312:  4# C-->A
26313:  1# B-->A
26314:  2# B-->C
26315:  1# A-->C
26316:  3# B-->A
26317:  1# C-->B
26318:  2# C-->A
26319:  1# B-->A
26320:  5# C-->B
26321:  1# A-->C
26322:  2# A-->B
26323:  1# C-->B
26324:  3# A-->C
26325:  1# B-->A
26326:  2# B-->C
26327:  1# A-->C
26328:  4# A-->B
26329:  1# C-->B
26330:  2# C-->A
26331:  1# B-->A
26332:  3# C-->B
26333:  1# A-->C
26334:  2# A-->B
26335:  1# C-->B
26336:  6# C-->A
26337:  1# B-->A
26338:  2# B-->C
26339:  1# A-->C
26340:  3# B-->A
26341:  1# C-->B
26342:  2# C-->A
26343:  1# B-->A
26344:  4# B-->C
26345:  1# A-->C
26346:  2# A-->B
26347:  1# C-->B
26348:  3# A-->C
26349:  1# B-->A
26350:  2# B-->C
26351:  1# A-->C
26352:  5# B-->A
26353:  1# C-->B
26354:  2# C-->A
26355:  1# B-->A
26356:  3# C-->B
26357:  1# A-->C
26358:  2# A-->B
26359:  1# C-->B
26360:  4# C-->A
26361:  1# B-->A
26362:  2# B-->C
26363:  1# A-->C
26364:  3# B-->A
26365:  1# C-->B
26366:  2# C-->A
26367:  1# B-->A
26368:  9# C-->B
26369:  1# A-->C
26370:  2# A-->B
26371:  1# C-->B
26372:  3# A-->C
26373:  1# B-->A
26374:  2# B-->C
26375:  1# A-->C
26376:  4# A-->B
26377:  1# C-->B
26378:  2# C-->A
26379:  1# B-->A
26380:  3# C-->B
26381:  1# A-->C
26382:  2# A-->B
26383:  1# C-->B
26384:  5# A-->C
26385:  1# B-->A
26386:  2# B-->C
26387:  1# A-->C
26388:  3# B-->A
26389:  1# C-->B
26390:  2# C-->A
26391:  1# B-->A
26392:  4# B-->C
26393:  1# A-->C
26394:  2# A-->B
26395:  1# C-->B
26396:  3# A-->C
26397:  1# B-->A
26398:  2# B-->C
26399:  1# A-->C
26400:  6# A-->B
26401:  1# C-->B
26402:  2# C-->A
26403:  1# B-->A
26404:  3# C-->B
26405:  1# A-->C
26406:  2# A-->B
26407:  1# C-->B
26408:  4# C-->A
26409:  1# B-->A
26410:  2# B-->C
26411:  1# A-->C
26412:  3# B-->A
26413:  1# C-->B
26414:  2# C-->A
26415:  1# B-->A
26416:  5# C-->B
26417:  1# A-->C
26418:  2# A-->B
26419:  1# C-->B
26420:  3# A-->C
26421:  1# B-->A
26422:  2# B-->C
26423:  1# A-->C
26424:  4# A-->B
26425:  1# C-->B
26426:  2# C-->A
26427:  1# B-->A
26428:  3# C-->B
26429:  1# A-->C
26430:  2# A-->B
26431:  1# C-->B
26432:  7# A-->C
26433:  1# B-->A
26434:  2# B-->C
26435:  1# A-->C
26436:  3# B-->A
26437:  1# C-->B
26438:  2# C-->A
26439:  1# B-->A
26440:  4# B-->C
26441:  1# A-->C
26442:  2# A-->B
26443:  1# C-->B
26444:  3# A-->C
26445:  1# B-->A
26446:  2# B-->C
26447:  1# A-->C
26448:  5# B-->A
26449:  1# C-->B
26450:  2# C-->A
26451:  1# B-->A
26452:  3# C-->B
26453:  1# A-->C
26454:  2# A-->B
26455:  1# C-->B
26456:  4# C-->A
26457:  1# B-->A
26458:  2# B-->C
26459:  1# A-->C
26460:  3# B-->A
26461:  1# C-->B
26462:  2# C-->A
26463:  1# B-->A
26464:  6# B-->C
26465:  1# A-->C
26466:  2# A-->B
26467:  1# C-->B
26468:  3# A-->C
26469:  1# B-->A
26470:  2# B-->C
26471:  1# A-->C
26472:  4# A-->B
26473:  1# C-->B
26474:  2# C-->A
26475:  1# B-->A
26476:  3# C-->B
26477:  1# A-->C
26478:  2# A-->B
26479:  1# C-->B
26480:  5# A-->C
26481:  1# B-->A
26482:  2# B-->C
26483:  1# A-->C
26484:  3# B-->A
26485:  1# C-->B
26486:  2# C-->A
26487:  1# B-->A
26488:  4# B-->C
26489:  1# A-->C
26490:  2# A-->B
26491:  1# C-->B
26492:  3# A-->C
26493:  1# B-->A
26494:  2# B-->C
26495:  1# A-->C
26496:  8# A-->B
26497:  1# C-->B
26498:  2# C-->A
26499:  1# B-->A
26500:  3# C-->B
26501:  1# A-->C
26502:  2# A-->B
26503:  1# C-->B
26504:  4# C-->A
26505:  1# B-->A
26506:  2# B-->C
26507:  1# A-->C
26508:  3# B-->A
26509:  1# C-->B
26510:  2# C-->A
26511:  1# B-->A
26512:  5# C-->B
26513:  1# A-->C
26514:  2# A-->B
26515:  1# C-->B
26516:  3# A-->C
26517:  1# B-->A
26518:  2# B-->C
26519:  1# A-->C
26520:  4# A-->B
26521:  1# C-->B
26522:  2# C-->A
26523:  1# B-->A
26524:  3# C-->B
26525:  1# A-->C
26526:  2# A-->B
26527:  1# C-->B
26528:  6# C-->A
26529:  1# B-->A
26530:  2# B-->C
26531:  1# A-->C
26532:  3# B-->A
26533:  1# C-->B
26534:  2# C-->A
26535:  1# B-->A
26536:  4# B-->C
26537:  1# A-->C
26538:  2# A-->B
26539:  1# C-->B
26540:  3# A-->C
26541:  1# B-->A
26542:  2# B-->C
26543:  1# A-->C
26544:  5# B-->A
26545:  1# C-->B
26546:  2# C-->A
26547:  1# B-->A
26548:  3# C-->B
26549:  1# A-->C
26550:  2# A-->B
26551:  1# C-->B
26552:  4# C-->A
26553:  1# B-->A
26554:  2# B-->C
26555:  1# A-->C
26556:  3# B-->A
26557:  1# C-->B
26558:  2# C-->A
26559:  1# B-->A
26560:  7# C-->B
26561:  1# A-->C
26562:  2# A-->B
26563:  1# C-->B
26564:  3# A-->C
26565:  1# B-->A
26566:  2# B-->C
26567:  1# A-->C
26568:  4# A-->B
26569:  1# C-->B
26570:  2# C-->A
26571:  1# B-->A
26572:  3# C-->B
26573:  1# A-->C
26574:  2# A-->B
26575:  1# C-->B
26576:  5# A-->C
26577:  1# B-->A
26578:  2# B-->C
26579:  1# A-->C
26580:  3# B-->A
26581:  1# C-->B
26582:  2# C-->A
26583:  1# B-->A
26584:  4# B-->C
26585:  1# A-->C
26586:  2# A-->B
26587:  1# C-->B
26588:  3# A-->C
26589:  1# B-->A
26590:  2# B-->C
26591:  1# A-->C
26592:  6# A-->B
26593:  1# C-->B
26594:  2# C-->A
26595:  1# B-->A
26596:  3# C-->B
26597:  1# A-->C
26598:  2# A-->B
26599:  1# C-->B
26600:  4# C-->A
26601:  1# B-->A
26602:  2# B-->C
26603:  1# A-->C
26604:  3# B-->A
26605:  1# C-->B
26606:  2# C-->A
26607:  1# B-->A
26608:  5# C-->B
26609:  1# A-->C
26610:  2# A-->B
26611:  1# C-->B
26612:  3# A-->C
26613:  1# B-->A
26614:  2# B-->C
26615:  1# A-->C
26616:  4# A-->B
26617:  1# C-->B
26618:  2# C-->A
26619:  1# B-->A
26620:  3# C-->B
26621:  1# A-->C
26622:  2# A-->B
26623:  1# C-->B
26624: 12# C-->A
26625:  1# B-->A
26626:  2# B-->C
26627:  1# A-->C
26628:  3# B-->A
26629:  1# C-->B
26630:  2# C-->A
26631:  1# B-->A
26632:  4# B-->C
26633:  1# A-->C
26634:  2# A-->B
26635:  1# C-->B
26636:  3# A-->C
26637:  1# B-->A
26638:  2# B-->C
26639:  1# A-->C
26640:  5# B-->A
26641:  1# C-->B
26642:  2# C-->A
26643:  1# B-->A
26644:  3# C-->B
26645:  1# A-->C
26646:  2# A-->B
26647:  1# C-->B
26648:  4# C-->A
26649:  1# B-->A
26650:  2# B-->C
26651:  1# A-->C
26652:  3# B-->A
26653:  1# C-->B
26654:  2# C-->A
26655:  1# B-->A
26656:  6# B-->C
26657:  1# A-->C
26658:  2# A-->B
26659:  1# C-->B
26660:  3# A-->C
26661:  1# B-->A
26662:  2# B-->C
26663:  1# A-->C
26664:  4# A-->B
26665:  1# C-->B
26666:  2# C-->A
26667:  1# B-->A
26668:  3# C-->B
26669:  1# A-->C
26670:  2# A-->B
26671:  1# C-->B
26672:  5# A-->C
26673:  1# B-->A
26674:  2# B-->C
26675:  1# A-->C
26676:  3# B-->A
26677:  1# C-->B
26678:  2# C-->A
26679:  1# B-->A
26680:  4# B-->C
26681:  1# A-->C
26682:  2# A-->B
26683:  1# C-->B
26684:  3# A-->C
26685:  1# B-->A
26686:  2# B-->C
26687:  1# A-->C
26688:  7# B-->A
26689:  1# C-->B
26690:  2# C-->A
26691:  1# B-->A
26692:  3# C-->B
26693:  1# A-->C
26694:  2# A-->B
26695:  1# C-->B
26696:  4# C-->A
26697:  1# B-->A
26698:  2# B-->C
26699:  1# A-->C
26700:  3# B-->A
26701:  1# C-->B
26702:  2# C-->A
26703:  1# B-->A
26704:  5# C-->B
26705:  1# A-->C
26706:  2# A-->B
26707:  1# C-->B
26708:  3# A-->C
26709:  1# B-->A
26710:  2# B-->C
26711:  1# A-->C
26712:  4# A-->B
26713:  1# C-->B
26714:  2# C-->A
26715:  1# B-->A
26716:  3# C-->B
26717:  1# A-->C
26718:  2# A-->B
26719:  1# C-->B
26720:  6# C-->A
26721:  1# B-->A
26722:  2# B-->C
26723:  1# A-->C
26724:  3# B-->A
26725:  1# C-->B
26726:  2# C-->A
26727:  1# B-->A
26728:  4# B-->C
26729:  1# A-->C
26730:  2# A-->B
26731:  1# C-->B
26732:  3# A-->C
26733:  1# B-->A
26734:  2# B-->C
26735:  1# A-->C
26736:  5# B-->A
26737:  1# C-->B
26738:  2# C-->A
26739:  1# B-->A
26740:  3# C-->B
26741:  1# A-->C
26742:  2# A-->B
26743:  1# C-->B
26744:  4# C-->A
26745:  1# B-->A
26746:  2# B-->C
26747:  1# A-->C
26748:  3# B-->A
26749:  1# C-->B
26750:  2# C-->A
26751:  1# B-->A
26752:  8# B-->C
26753:  1# A-->C
26754:  2# A-->B
26755:  1# C-->B
26756:  3# A-->C
26757:  1# B-->A
26758:  2# B-->C
26759:  1# A-->C
26760:  4# A-->B
26761:  1# C-->B
26762:  2# C-->A
26763:  1# B-->A
26764:  3# C-->B
26765:  1# A-->C
26766:  2# A-->B
26767:  1# C-->B
26768:  5# A-->C
26769:  1# B-->A
26770:  2# B-->C
26771:  1# A-->C
26772:  3# B-->A
26773:  1# C-->B
26774:  2# C-->A
26775:  1# B-->A
26776:  4# B-->C
26777:  1# A-->C
26778:  2# A-->B
26779:  1# C-->B
26780:  3# A-->C
26781:  1# B-->A
26782:  2# B-->C
26783:  1# A-->C
26784:  6# A-->B
26785:  1# C-->B
26786:  2# C-->A
26787:  1# B-->A
26788:  3# C-->B
26789:  1# A-->C
26790:  2# A-->B
26791:  1# C-->B
26792:  4# C-->A
26793:  1# B-->A
26794:  2# B-->C
26795:  1# A-->C
26796:  3# B-->A
26797:  1# C-->B
26798:  2# C-->A
26799:  1# B-->A
26800:  5# C-->B
26801:  1# A-->C
26802:  2# A-->B
26803:  1# C-->B
26804:  3# A-->C
26805:  1# B-->A
26806:  2# B-->C
26807:  1# A-->C
26808:  4# A-->B
26809:  1# C-->B
26810:  2# C-->A
26811:  1# B-->A
26812:  3# C-->B
26813:  1# A-->C
26814:  2# A-->B
26815:  1# C-->B
26816:  7# A-->C
26817:  1# B-->A
26818:  2# B-->C
26819:  1# A-->C
26820:  3# B-->A
26821:  1# C-->B
26822:  2# C-->A
26823:  1# B-->A
26824:  4# B-->C
26825:  1# A-->C
26826:  2# A-->B
26827:  1# C-->B
26828:  3# A-->C
26829:  1# B-->A
26830:  2# B-->C
26831:  1# A-->C
26832:  5# B-->A
26833:  1# C-->B
26834:  2# C-->A
26835:  1# B-->A
26836:  3# C-->B
26837:  1# A-->C
26838:  2# A-->B
26839:  1# C-->B
26840:  4# C-->A
26841:  1# B-->A
26842:  2# B-->C
26843:  1# A-->C
26844:  3# B-->A
26845:  1# C-->B
26846:  2# C-->A
26847:  1# B-->A
26848:  6# B-->C
26849:  1# A-->C
26850:  2# A-->B
26851:  1# C-->B
26852:  3# A-->C
26853:  1# B-->A
26854:  2# B-->C
26855:  1# A-->C
26856:  4# A-->B
26857:  1# C-->B
26858:  2# C-->A
26859:  1# B-->A
26860:  3# C-->B
26861:  1# A-->C
26862:  2# A-->B
26863:  1# C-->B
26864:  5# A-->C
26865:  1# B-->A
26866:  2# B-->C
26867:  1# A-->C
26868:  3# B-->A
26869:  1# C-->B
26870:  2# C-->A
26871:  1# B-->A
26872:  4# B-->C
26873:  1# A-->C
26874:  2# A-->B
26875:  1# C-->B
26876:  3# A-->C
26877:  1# B-->A
26878:  2# B-->C
26879:  1# A-->C
26880:  9# B-->A
26881:  1# C-->B
26882:  2# C-->A
26883:  1# B-->A
26884:  3# C-->B
26885:  1# A-->C
26886:  2# A-->B
26887:  1# C-->B
26888:  4# C-->A
26889:  1# B-->A
26890:  2# B-->C
26891:  1# A-->C
26892:  3# B-->A
26893:  1# C-->B
26894:  2# C-->A
26895:  1# B-->A
26896:  5# C-->B
26897:  1# A-->C
26898:  2# A-->B
26899:  1# C-->B
26900:  3# A-->C
26901:  1# B-->A
26902:  2# B-->C
26903:  1# A-->C
26904:  4# A-->B
26905:  1# C-->B
26906:  2# C-->A
26907:  1# B-->A
26908:  3# C-->B
26909:  1# A-->C
26910:  2# A-->B
26911:  1# C-->B
26912:  6# C-->A
26913:  1# B-->A
26914:  2# B-->C
26915:  1# A-->C
26916:  3# B-->A
26917:  1# C-->B
26918:  2# C-->A
26919:  1# B-->A
26920:  4# B-->C
26921:  1# A-->C
26922:  2# A-->B
26923:  1# C-->B
26924:  3# A-->C
26925:  1# B-->A
26926:  2# B-->C
26927:  1# A-->C
26928:  5# B-->A
26929:  1# C-->B
26930:  2# C-->A
26931:  1# B-->A
26932:  3# C-->B
26933:  1# A-->C
26934:  2# A-->B
26935:  1# C-->B
26936:  4# C-->A
26937:  1# B-->A
26938:  2# B-->C
26939:  1# A-->C
26940:  3# B-->A
26941:  1# C-->B
26942:  2# C-->A
26943:  1# B-->A
26944:  7# C-->B
26945:  1# A-->C
26946:  2# A-->B
26947:  1# C-->B
26948:  3# A-->C
26949:  1# B-->A
26950:  2# B-->C
26951:  1# A-->C
26952:  4# A-->B
26953:  1# C-->B
26954:  2# C-->A
26955:  1# B-->A
26956:  3# C-->B
26957:  1# A-->C
26958:  2# A-->B
26959:  1# C-->B
26960:  5# A-->C
26961:  1# B-->A
26962:  2# B-->C
26963:  1# A-->C
26964:  3# B-->A
26965:  1# C-->B
26966:  2# C-->A
26967:  1# B-->A
26968:  4# B-->C
26969:  1# A-->C
26970:  2# A-->B
26971:  1# C-->B
26972:  3# A-->C
26973:  1# B-->A
26974:  2# B-->C
26975:  1# A-->C
26976:  6# A-->B
26977:  1# C-->B
26978:  2# C-->A
26979:  1# B-->A
26980:  3# C-->B
26981:  1# A-->C
26982:  2# A-->B
26983:  1# C-->B
26984:  4# C-->A
26985:  1# B-->A
26986:  2# B-->C
26987:  1# A-->C
26988:  3# B-->A
26989:  1# C-->B
26990:  2# C-->A
26991:  1# B-->A
26992:  5# C-->B
26993:  1# A-->C
26994:  2# A-->B
26995:  1# C-->B
26996:  3# A-->C
26997:  1# B-->A
26998:  2# B-->C
26999:  1# A-->C
27000:  4# A-->B
27001:  1# C-->B
27002:  2# C-->A
27003:  1# B-->A
27004:  3# C-->B
27005:  1# A-->C
27006:  2# A-->B
27007:  1# C-->B
27008:  8# C-->A
27009:  1# B-->A
27010:  2# B-->C
27011:  1# A-->C
27012:  3# B-->A
27013:  1# C-->B
27014:  2# C-->A
27015:  1# B-->A
27016:  4# B-->C
27017:  1# A-->C
27018:  2# A-->B
27019:  1# C-->B
27020:  3# A-->C
27021:  1# B-->A
27022:  2# B-->C
27023:  1# A-->C
27024:  5# B-->A
27025:  1# C-->B
27026:  2# C-->A
27027:  1# B-->A
27028:  3# C-->B
27029:  1# A-->C
27030:  2# A-->B
27031:  1# C-->B
27032:  4# C-->A
27033:  1# B-->A
27034:  2# B-->C
27035:  1# A-->C
27036:  3# B-->A
27037:  1# C-->B
27038:  2# C-->A
27039:  1# B-->A
27040:  6# B-->C
27041:  1# A-->C
27042:  2# A-->B
27043:  1# C-->B
27044:  3# A-->C
27045:  1# B-->A
27046:  2# B-->C
27047:  1# A-->C
27048:  4# A-->B
27049:  1# C-->B
27050:  2# C-->A
27051:  1# B-->A
27052:  3# C-->B
27053:  1# A-->C
27054:  2# A-->B
27055:  1# C-->B
27056:  5# A-->C
27057:  1# B-->A
27058:  2# B-->C
27059:  1# A-->C
27060:  3# B-->A
27061:  1# C-->B
27062:  2# C-->A
27063:  1# B-->A
27064:  4# B-->C
27065:  1# A-->C
27066:  2# A-->B
27067:  1# C-->B
27068:  3# A-->C
27069:  1# B-->A
27070:  2# B-->C
27071:  1# A-->C
27072:  7# B-->A
27073:  1# C-->B
27074:  2# C-->A
27075:  1# B-->A
27076:  3# C-->B
27077:  1# A-->C
27078:  2# A-->B
27079:  1# C-->B
27080:  4# C-->A
27081:  1# B-->A
27082:  2# B-->C
27083:  1# A-->C
27084:  3# B-->A
27085:  1# C-->B
27086:  2# C-->A
27087:  1# B-->A
27088:  5# C-->B
27089:  1# A-->C
27090:  2# A-->B
27091:  1# C-->B
27092:  3# A-->C
27093:  1# B-->A
27094:  2# B-->C
27095:  1# A-->C
27096:  4# A-->B
27097:  1# C-->B
27098:  2# C-->A
27099:  1# B-->A
27100:  3# C-->B
27101:  1# A-->C
27102:  2# A-->B
27103:  1# C-->B
27104:  6# C-->A
27105:  1# B-->A
27106:  2# B-->C
27107:  1# A-->C
27108:  3# B-->A
27109:  1# C-->B
27110:  2# C-->A
27111:  1# B-->A
27112:  4# B-->C
27113:  1# A-->C
27114:  2# A-->B
27115:  1# C-->B
27116:  3# A-->C
27117:  1# B-->A
27118:  2# B-->C
27119:  1# A-->C
27120:  5# B-->A
27121:  1# C-->B
27122:  2# C-->A
27123:  1# B-->A
27124:  3# C-->B
27125:  1# A-->C
27126:  2# A-->B
27127:  1# C-->B
27128:  4# C-->A
27129:  1# B-->A
27130:  2# B-->C
27131:  1# A-->C
27132:  3# B-->A
27133:  1# C-->B
27134:  2# C-->A
27135:  1# B-->A
27136: 10# B-->C
27137:  1# A-->C
27138:  2# A-->B
27139:  1# C-->B
27140:  3# A-->C
27141:  1# B-->A
27142:  2# B-->C
27143:  1# A-->C
27144:  4# A-->B
27145:  1# C-->B
27146:  2# C-->A
27147:  1# B-->A
27148:  3# C-->B
27149:  1# A-->C
27150:  2# A-->B
27151:  1# C-->B
27152:  5# A-->C
27153:  1# B-->A
27154:  2# B-->C
27155:  1# A-->C
27156:  3# B-->A
27157:  1# C-->B
27158:  2# C-->A
27159:  1# B-->A
27160:  4# B-->C
27161:  1# A-->C
27162:  2# A-->B
27163:  1# C-->B
27164:  3# A-->C
27165:  1# B-->A
27166:  2# B-->C
27167:  1# A-->C
27168:  6# A-->B
27169:  1# C-->B
27170:  2# C-->A
27171:  1# B-->A
27172:  3# C-->B
27173:  1# A-->C
27174:  2# A-->B
27175:  1# C-->B
27176:  4# C-->A
27177:  1# B-->A
27178:  2# B-->C
27179:  1# A-->C
27180:  3# B-->A
27181:  1# C-->B
27182:  2# C-->A
27183:  1# B-->A
27184:  5# C-->B
27185:  1# A-->C
27186:  2# A-->B
27187:  1# C-->B
27188:  3# A-->C
27189:  1# B-->A
27190:  2# B-->C
27191:  1# A-->C
27192:  4# A-->B
27193:  1# C-->B
27194:  2# C-->A
27195:  1# B-->A
27196:  3# C-->B
27197:  1# A-->C
27198:  2# A-->B
27199:  1# C-->B
27200:  7# A-->C
27201:  1# B-->A
27202:  2# B-->C
27203:  1# A-->C
27204:  3# B-->A
27205:  1# C-->B
27206:  2# C-->A
27207:  1# B-->A
27208:  4# B-->C
27209:  1# A-->C
27210:  2# A-->B
27211:  1# C-->B
27212:  3# A-->C
27213:  1# B-->A
27214:  2# B-->C
27215:  1# A-->C
27216:  5# B-->A
27217:  1# C-->B
27218:  2# C-->A
27219:  1# B-->A
27220:  3# C-->B
27221:  1# A-->C
27222:  2# A-->B
27223:  1# C-->B
27224:  4# C-->A
27225:  1# B-->A
27226:  2# B-->C
27227:  1# A-->C
27228:  3# B-->A
27229:  1# C-->B
27230:  2# C-->A
27231:  1# B-->A
27232:  6# B-->C
27233:  1# A-->C
27234:  2# A-->B
27235:  1# C-->B
27236:  3# A-->C
27237:  1# B-->A
27238:  2# B-->C
27239:  1# A-->C
27240:  4# A-->B
27241:  1# C-->B
27242:  2# C-->A
27243:  1# B-->A
27244:  3# C-->B
27245:  1# A-->C
27246:  2# A-->B
27247:  1# C-->B
27248:  5# A-->C
27249:  1# B-->A
27250:  2# B-->C
27251:  1# A-->C
27252:  3# B-->A
27253:  1# C-->B
27254:  2# C-->A
27255:  1# B-->A
27256:  4# B-->C
27257:  1# A-->C
27258:  2# A-->B
27259:  1# C-->B
27260:  3# A-->C
27261:  1# B-->A
27262:  2# B-->C
27263:  1# A-->C
27264:  8# A-->B
27265:  1# C-->B
27266:  2# C-->A
27267:  1# B-->A
27268:  3# C-->B
27269:  1# A-->C
27270:  2# A-->B
27271:  1# C-->B
27272:  4# C-->A
27273:  1# B-->A
27274:  2# B-->C
27275:  1# A-->C
27276:  3# B-->A
27277:  1# C-->B
27278:  2# C-->A
27279:  1# B-->A
27280:  5# C-->B
27281:  1# A-->C
27282:  2# A-->B
27283:  1# C-->B
27284:  3# A-->C
27285:  1# B-->A
27286:  2# B-->C
27287:  1# A-->C
27288:  4# A-->B
27289:  1# C-->B
27290:  2# C-->A
27291:  1# B-->A
27292:  3# C-->B
27293:  1# A-->C
27294:  2# A-->B
27295:  1# C-->B
27296:  6# C-->A
27297:  1# B-->A
27298:  2# B-->C
27299:  1# A-->C
27300:  3# B-->A
27301:  1# C-->B
27302:  2# C-->A
27303:  1# B-->A
27304:  4# B-->C
27305:  1# A-->C
27306:  2# A-->B
27307:  1# C-->B
27308:  3# A-->C
27309:  1# B-->A
27310:  2# B-->C
27311:  1# A-->C
27312:  5# B-->A
27313:  1# C-->B
27314:  2# C-->A
27315:  1# B-->A
27316:  3# C-->B
27317:  1# A-->C
27318:  2# A-->B
27319:  1# C-->B
27320:  4# C-->A
27321:  1# B-->A
27322:  2# B-->C
27323:  1# A-->C
27324:  3# B-->A
27325:  1# C-->B
27326:  2# C-->A
27327:  1# B-->A
27328:  7# C-->B
27329:  1# A-->C
27330:  2# A-->B
27331:  1# C-->B
27332:  3# A-->C
27333:  1# B-->A
27334:  2# B-->C
27335:  1# A-->C
27336:  4# A-->B
27337:  1# C-->B
27338:  2# C-->A
27339:  1# B-->A
27340:  3# C-->B
27341:  1# A-->C
27342:  2# A-->B
27343:  1# C-->B
27344:  5# A-->C
27345:  1# B-->A
27346:  2# B-->C
27347:  1# A-->C
27348:  3# B-->A
27349:  1# C-->B
27350:  2# C-->A
27351:  1# B-->A
27352:  4# B-->C
27353:  1# A-->C
27354:  2# A-->B
27355:  1# C-->B
27356:  3# A-->C
27357:  1# B-->A
27358:  2# B-->C
27359:  1# A-->C
27360:  6# A-->B
27361:  1# C-->B
27362:  2# C-->A
27363:  1# B-->A
27364:  3# C-->B
27365:  1# A-->C
27366:  2# A-->B
27367:  1# C-->B
27368:  4# C-->A
27369:  1# B-->A
27370:  2# B-->C
27371:  1# A-->C
27372:  3# B-->A
27373:  1# C-->B
27374:  2# C-->A
27375:  1# B-->A
27376:  5# C-->B
27377:  1# A-->C
27378:  2# A-->B
27379:  1# C-->B
27380:  3# A-->C
27381:  1# B-->A
27382:  2# B-->C
27383:  1# A-->C
27384:  4# A-->B
27385:  1# C-->B
27386:  2# C-->A
27387:  1# B-->A
27388:  3# C-->B
27389:  1# A-->C
27390:  2# A-->B
27391:  1# C-->B
27392:  9# A-->C
27393:  1# B-->A
27394:  2# B-->C
27395:  1# A-->C
27396:  3# B-->A
27397:  1# C-->B
27398:  2# C-->A
27399:  1# B-->A
27400:  4# B-->C
27401:  1# A-->C
27402:  2# A-->B
27403:  1# C-->B
27404:  3# A-->C
27405:  1# B-->A
27406:  2# B-->C
27407:  1# A-->C
27408:  5# B-->A
27409:  1# C-->B
27410:  2# C-->A
27411:  1# B-->A
27412:  3# C-->B
27413:  1# A-->C
27414:  2# A-->B
27415:  1# C-->B
27416:  4# C-->A
27417:  1# B-->A
27418:  2# B-->C
27419:  1# A-->C
27420:  3# B-->A
27421:  1# C-->B
27422:  2# C-->A
27423:  1# B-->A
27424:  6# B-->C
27425:  1# A-->C
27426:  2# A-->B
27427:  1# C-->B
27428:  3# A-->C
27429:  1# B-->A
27430:  2# B-->C
27431:  1# A-->C
27432:  4# A-->B
27433:  1# C-->B
27434:  2# C-->A
27435:  1# B-->A
27436:  3# C-->B
27437:  1# A-->C
27438:  2# A-->B
27439:  1# C-->B
27440:  5# A-->C
27441:  1# B-->A
27442:  2# B-->C
27443:  1# A-->C
27444:  3# B-->A
27445:  1# C-->B
27446:  2# C-->A
27447:  1# B-->A
27448:  4# B-->C
27449:  1# A-->C
27450:  2# A-->B
27451:  1# C-->B
27452:  3# A-->C
27453:  1# B-->A
27454:  2# B-->C
27455:  1# A-->C
27456:  7# B-->A
27457:  1# C-->B
27458:  2# C-->A
27459:  1# B-->A
27460:  3# C-->B
27461:  1# A-->C
27462:  2# A-->B
27463:  1# C-->B
27464:  4# C-->A
27465:  1# B-->A
27466:  2# B-->C
27467:  1# A-->C
27468:  3# B-->A
27469:  1# C-->B
27470:  2# C-->A
27471:  1# B-->A
27472:  5# C-->B
27473:  1# A-->C
27474:  2# A-->B
27475:  1# C-->B
27476:  3# A-->C
27477:  1# B-->A
27478:  2# B-->C
27479:  1# A-->C
27480:  4# A-->B
27481:  1# C-->B
27482:  2# C-->A
27483:  1# B-->A
27484:  3# C-->B
27485:  1# A-->C
27486:  2# A-->B
27487:  1# C-->B
27488:  6# C-->A
27489:  1# B-->A
27490:  2# B-->C
27491:  1# A-->C
27492:  3# B-->A
27493:  1# C-->B
27494:  2# C-->A
27495:  1# B-->A
27496:  4# B-->C
27497:  1# A-->C
27498:  2# A-->B
27499:  1# C-->B
27500:  3# A-->C
27501:  1# B-->A
27502:  2# B-->C
27503:  1# A-->C
27504:  5# B-->A
27505:  1# C-->B
27506:  2# C-->A
27507:  1# B-->A
27508:  3# C-->B
27509:  1# A-->C
27510:  2# A-->B
27511:  1# C-->B
27512:  4# C-->A
27513:  1# B-->A
27514:  2# B-->C
27515:  1# A-->C
27516:  3# B-->A
27517:  1# C-->B
27518:  2# C-->A
27519:  1# B-->A
27520:  8# B-->C
27521:  1# A-->C
27522:  2# A-->B
27523:  1# C-->B
27524:  3# A-->C
27525:  1# B-->A
27526:  2# B-->C
27527:  1# A-->C
27528:  4# A-->B
27529:  1# C-->B
27530:  2# C-->A
27531:  1# B-->A
27532:  3# C-->B
27533:  1# A-->C
27534:  2# A-->B
27535:  1# C-->B
27536:  5# A-->C
27537:  1# B-->A
27538:  2# B-->C
27539:  1# A-->C
27540:  3# B-->A
27541:  1# C-->B
27542:  2# C-->A
27543:  1# B-->A
27544:  4# B-->C
27545:  1# A-->C
27546:  2# A-->B
27547:  1# C-->B
27548:  3# A-->C
27549:  1# B-->A
27550:  2# B-->C
27551:  1# A-->C
27552:  6# A-->B
27553:  1# C-->B
27554:  2# C-->A
27555:  1# B-->A
27556:  3# C-->B
27557:  1# A-->C
27558:  2# A-->B
27559:  1# C-->B
27560:  4# C-->A
27561:  1# B-->A
27562:  2# B-->C
27563:  1# A-->C
27564:  3# B-->A
27565:  1# C-->B
27566:  2# C-->A
27567:  1# B-->A
27568:  5# C-->B
27569:  1# A-->C
27570:  2# A-->B
27571:  1# C-->B
27572:  3# A-->C
27573:  1# B-->A
27574:  2# B-->C
27575:  1# A-->C
27576:  4# A-->B
27577:  1# C-->B
27578:  2# C-->A
27579:  1# B-->A
27580:  3# C-->B
27581:  1# A-->C
27582:  2# A-->B
27583:  1# C-->B
27584:  7# A-->C
27585:  1# B-->A
27586:  2# B-->C
27587:  1# A-->C
27588:  3# B-->A
27589:  1# C-->B
27590:  2# C-->A
27591:  1# B-->A
27592:  4# B-->C
27593:  1# A-->C
27594:  2# A-->B
27595:  1# C-->B
27596:  3# A-->C
27597:  1# B-->A
27598:  2# B-->C
27599:  1# A-->C
27600:  5# B-->A
27601:  1# C-->B
27602:  2# C-->A
27603:  1# B-->A
27604:  3# C-->B
27605:  1# A-->C
27606:  2# A-->B
27607:  1# C-->B
27608:  4# C-->A
27609:  1# B-->A
27610:  2# B-->C
27611:  1# A-->C
27612:  3# B-->A
27613:  1# C-->B
27614:  2# C-->A
27615:  1# B-->A
27616:  6# B-->C
27617:  1# A-->C
27618:  2# A-->B
27619:  1# C-->B
27620:  3# A-->C
27621:  1# B-->A
27622:  2# B-->C
27623:  1# A-->C
27624:  4# A-->B
27625:  1# C-->B
27626:  2# C-->A
27627:  1# B-->A
27628:  3# C-->B
27629:  1# A-->C
27630:  2# A-->B
27631:  1# C-->B
27632:  5# A-->C
27633:  1# B-->A
27634:  2# B-->C
27635:  1# A-->C
27636:  3# B-->A
27637:  1# C-->B
27638:  2# C-->A
27639:  1# B-->A
27640:  4# B-->C
27641:  1# A-->C
27642:  2# A-->B
27643:  1# C-->B
27644:  3# A-->C
27645:  1# B-->A
27646:  2# B-->C
27647:  1# A-->C
27648: 11# B-->A
27649:  1# C-->B
27650:  2# C-->A
27651:  1# B-->A
27652:  3# C-->B
27653:  1# A-->C
27654:  2# A-->B
27655:  1# C-->B
27656:  4# C-->A
27657:  1# B-->A
27658:  2# B-->C
27659:  1# A-->C
27660:  3# B-->A
27661:  1# C-->B
27662:  2# C-->A
27663:  1# B-->A
27664:  5# C-->B
27665:  1# A-->C
27666:  2# A-->B
27667:  1# C-->B
27668:  3# A-->C
27669:  1# B-->A
27670:  2# B-->C
27671:  1# A-->C
27672:  4# A-->B
27673:  1# C-->B
27674:  2# C-->A
27675:  1# B-->A
27676:  3# C-->B
27677:  1# A-->C
27678:  2# A-->B
27679:  1# C-->B
27680:  6# C-->A
27681:  1# B-->A
27682:  2# B-->C
27683:  1# A-->C
27684:  3# B-->A
27685:  1# C-->B
27686:  2# C-->A
27687:  1# B-->A
27688:  4# B-->C
27689:  1# A-->C
27690:  2# A-->B
27691:  1# C-->B
27692:  3# A-->C
27693:  1# B-->A
27694:  2# B-->C
27695:  1# A-->C
27696:  5# B-->A
27697:  1# C-->B
27698:  2# C-->A
27699:  1# B-->A
27700:  3# C-->B
27701:  1# A-->C
27702:  2# A-->B
27703:  1# C-->B
27704:  4# C-->A
27705:  1# B-->A
27706:  2# B-->C
27707:  1# A-->C
27708:  3# B-->A
27709:  1# C-->B
27710:  2# C-->A
27711:  1# B-->A
27712:  7# C-->B
27713:  1# A-->C
27714:  2# A-->B
27715:  1# C-->B
27716:  3# A-->C
27717:  1# B-->A
27718:  2# B-->C
27719:  1# A-->C
27720:  4# A-->B
27721:  1# C-->B
27722:  2# C-->A
27723:  1# B-->A
27724:  3# C-->B
27725:  1# A-->C
27726:  2# A-->B
27727:  1# C-->B
27728:  5# A-->C
27729:  1# B-->A
27730:  2# B-->C
27731:  1# A-->C
27732:  3# B-->A
27733:  1# C-->B
27734:  2# C-->A
27735:  1# B-->A
27736:  4# B-->C
27737:  1# A-->C
27738:  2# A-->B
27739:  1# C-->B
27740:  3# A-->C
27741:  1# B-->A
27742:  2# B-->C
27743:  1# A-->C
27744:  6# A-->B
27745:  1# C-->B
27746:  2# C-->A
27747:  1# B-->A
27748:  3# C-->B
27749:  1# A-->C
27750:  2# A-->B
27751:  1# C-->B
27752:  4# C-->A
27753:  1# B-->A
27754:  2# B-->C
27755:  1# A-->C
27756:  3# B-->A
27757:  1# C-->B
27758:  2# C-->A
27759:  1# B-->A
27760:  5# C-->B
27761:  1# A-->C
27762:  2# A-->B
27763:  1# C-->B
27764:  3# A-->C
27765:  1# B-->A
27766:  2# B-->C
27767:  1# A-->C
27768:  4# A-->B
27769:  1# C-->B
27770:  2# C-->A
27771:  1# B-->A
27772:  3# C-->B
27773:  1# A-->C
27774:  2# A-->B
27775:  1# C-->B
27776:  8# C-->A
27777:  1# B-->A
27778:  2# B-->C
27779:  1# A-->C
27780:  3# B-->A
27781:  1# C-->B
27782:  2# C-->A
27783:  1# B-->A
27784:  4# B-->C
27785:  1# A-->C
27786:  2# A-->B
27787:  1# C-->B
27788:  3# A-->C
27789:  1# B-->A
27790:  2# B-->C
27791:  1# A-->C
27792:  5# B-->A
27793:  1# C-->B
27794:  2# C-->A
27795:  1# B-->A
27796:  3# C-->B
27797:  1# A-->C
27798:  2# A-->B
27799:  1# C-->B
27800:  4# C-->A
27801:  1# B-->A
27802:  2# B-->C
27803:  1# A-->C
27804:  3# B-->A
27805:  1# C-->B
27806:  2# C-->A
27807:  1# B-->A
27808:  6# B-->C
27809:  1# A-->C
27810:  2# A-->B
27811:  1# C-->B
27812:  3# A-->C
27813:  1# B-->A
27814:  2# B-->C
27815:  1# A-->C
27816:  4# A-->B
27817:  1# C-->B
27818:  2# C-->A
27819:  1# B-->A
27820:  3# C-->B
27821:  1# A-->C
27822:  2# A-->B
27823:  1# C-->B
27824:  5# A-->C
27825:  1# B-->A
27826:  2# B-->C
27827:  1# A-->C
27828:  3# B-->A
27829:  1# C-->B
27830:  2# C-->A
27831:  1# B-->A
27832:  4# B-->C
27833:  1# A-->C
27834:  2# A-->B
27835:  1# C-->B
27836:  3# A-->C
27837:  1# B-->A
27838:  2# B-->C
27839:  1# A-->C
27840:  7# B-->A
27841:  1# C-->B
27842:  2# C-->A
27843:  1# B-->A
27844:  3# C-->B
27845:  1# A-->C
27846:  2# A-->B
27847:  1# C-->B
27848:  4# C-->A
27849:  1# B-->A
27850:  2# B-->C
27851:  1# A-->C
27852:  3# B-->A
27853:  1# C-->B
27854:  2# C-->A
27855:  1# B-->A
27856:  5# C-->B
27857:  1# A-->C
27858:  2# A-->B
27859:  1# C-->B
27860:  3# A-->C
27861:  1# B-->A
27862:  2# B-->C
27863:  1# A-->C
27864:  4# A-->B
27865:  1# C-->B
27866:  2# C-->A
27867:  1# B-->A
27868:  3# C-->B
27869:  1# A-->C
27870:  2# A-->B
27871:  1# C-->B
27872:  6# C-->A
27873:  1# B-->A
27874:  2# B-->C
27875:  1# A-->C
27876:  3# B-->A
27877:  1# C-->B
27878:  2# C-->A
27879:  1# B-->A
27880:  4# B-->C
27881:  1# A-->C
27882:  2# A-->B
27883:  1# C-->B
27884:  3# A-->C
27885:  1# B-->A
27886:  2# B-->C
27887:  1# A-->C
27888:  5# B-->A
27889:  1# C-->B
27890:  2# C-->A
27891:  1# B-->A
27892:  3# C-->B
27893:  1# A-->C
27894:  2# A-->B
27895:  1# C-->B
27896:  4# C-->A
27897:  1# B-->A
27898:  2# B-->C
27899:  1# A-->C
27900:  3# B-->A
27901:  1# C-->B
27902:  2# C-->A
27903:  1# B-->A
27904:  9# C-->B
27905:  1# A-->C
27906:  2# A-->B
27907:  1# C-->B
27908:  3# A-->C
27909:  1# B-->A
27910:  2# B-->C
27911:  1# A-->C
27912:  4# A-->B
27913:  1# C-->B
27914:  2# C-->A
27915:  1# B-->A
27916:  3# C-->B
27917:  1# A-->C
27918:  2# A-->B
27919:  1# C-->B
27920:  5# A-->C
27921:  1# B-->A
27922:  2# B-->C
27923:  1# A-->C
27924:  3# B-->A
27925:  1# C-->B
27926:  2# C-->A
27927:  1# B-->A
27928:  4# B-->C
27929:  1# A-->C
27930:  2# A-->B
27931:  1# C-->B
27932:  3# A-->C
27933:  1# B-->A
27934:  2# B-->C
27935:  1# A-->C
27936:  6# A-->B
27937:  1# C-->B
27938:  2# C-->A
27939:  1# B-->A
27940:  3# C-->B
27941:  1# A-->C
27942:  2# A-->B
27943:  1# C-->B
27944:  4# C-->A
27945:  1# B-->A
27946:  2# B-->C
27947:  1# A-->C
27948:  3# B-->A
27949:  1# C-->B
27950:  2# C-->A
27951:  1# B-->A
27952:  5# C-->B
27953:  1# A-->C
27954:  2# A-->B
27955:  1# C-->B
27956:  3# A-->C
27957:  1# B-->A
27958:  2# B-->C
27959:  1# A-->C
27960:  4# A-->B
27961:  1# C-->B
27962:  2# C-->A
27963:  1# B-->A
27964:  3# C-->B
27965:  1# A-->C
27966:  2# A-->B
27967:  1# C-->B
27968:  7# A-->C
27969:  1# B-->A
27970:  2# B-->C
27971:  1# A-->C
27972:  3# B-->A
27973:  1# C-->B
27974:  2# C-->A
27975:  1# B-->A
27976:  4# B-->C
27977:  1# A-->C
27978:  2# A-->B
27979:  1# C-->B
27980:  3# A-->C
27981:  1# B-->A
27982:  2# B-->C
27983:  1# A-->C
27984:  5# B-->A
27985:  1# C-->B
27986:  2# C-->A
27987:  1# B-->A
27988:  3# C-->B
27989:  1# A-->C
27990:  2# A-->B
27991:  1# C-->B
27992:  4# C-->A
27993:  1# B-->A
27994:  2# B-->C
27995:  1# A-->C
27996:  3# B-->A
27997:  1# C-->B
27998:  2# C-->A
27999:  1# B-->A
28000:  6# B-->C
28001:  1# A-->C
28002:  2# A-->B
28003:  1# C-->B
28004:  3# A-->C
28005:  1# B-->A
28006:  2# B-->C
28007:  1# A-->C
28008:  4# A-->B
28009:  1# C-->B
28010:  2# C-->A
28011:  1# B-->A
28012:  3# C-->B
28013:  1# A-->C
28014:  2# A-->B
28015:  1# C-->B
28016:  5# A-->C
28017:  1# B-->A
28018:  2# B-->C
28019:  1# A-->C
28020:  3# B-->A
28021:  1# C-->B
28022:  2# C-->A
28023:  1# B-->A
28024:  4# B-->C
28025:  1# A-->C
28026:  2# A-->B
28027:  1# C-->B
28028:  3# A-->C
28029:  1# B-->A
28030:  2# B-->C
28031:  1# A-->C
28032:  8# A-->B
28033:  1# C-->B
28034:  2# C-->A
28035:  1# B-->A
28036:  3# C-->B
28037:  1# A-->C
28038:  2# A-->B
28039:  1# C-->B
28040:  4# C-->A
28041:  1# B-->A
28042:  2# B-->C
28043:  1# A-->C
28044:  3# B-->A
28045:  1# C-->B
28046:  2# C-->A
28047:  1# B-->A
28048:  5# C-->B
28049:  1# A-->C
28050:  2# A-->B
28051:  1# C-->B
28052:  3# A-->C
28053:  1# B-->A
28054:  2# B-->C
28055:  1# A-->C
28056:  4# A-->B
28057:  1# C-->B
28058:  2# C-->A
28059:  1# B-->A
28060:  3# C-->B
28061:  1# A-->C
28062:  2# A-->B
28063:  1# C-->B
28064:  6# C-->A
28065:  1# B-->A
28066:  2# B-->C
28067:  1# A-->C
28068:  3# B-->A
28069:  1# C-->B
28070:  2# C-->A
28071:  1# B-->A
28072:  4# B-->C
28073:  1# A-->C
28074:  2# A-->B
28075:  1# C-->B
28076:  3# A-->C
28077:  1# B-->A
28078:  2# B-->C
28079:  1# A-->C
28080:  5# B-->A
28081:  1# C-->B
28082:  2# C-->A
28083:  1# B-->A
28084:  3# C-->B
28085:  1# A-->C
28086:  2# A-->B
28087:  1# C-->B
28088:  4# C-->A
28089:  1# B-->A
28090:  2# B-->C
28091:  1# A-->C
28092:  3# B-->A
28093:  1# C-->B
28094:  2# C-->A
28095:  1# B-->A
28096:  7# C-->B
28097:  1# A-->C
28098:  2# A-->B
28099:  1# C-->B
28100:  3# A-->C
28101:  1# B-->A
28102:  2# B-->C
28103:  1# A-->C
28104:  4# A-->B
28105:  1# C-->B
28106:  2# C-->A
28107:  1# B-->A
28108:  3# C-->B
28109:  1# A-->C
28110:  2# A-->B
28111:  1# C-->B
28112:  5# A-->C
28113:  1# B-->A
28114:  2# B-->C
28115:  1# A-->C
28116:  3# B-->A
28117:  1# C-->B
28118:  2# C-->A
28119:  1# B-->A
28120:  4# B-->C
28121:  1# A-->C
28122:  2# A-->B
28123:  1# C-->B
28124:  3# A-->C
28125:  1# B-->A
28126:  2# B-->C
28127:  1# A-->C
28128:  6# A-->B
28129:  1# C-->B
28130:  2# C-->A
28131:  1# B-->A
28132:  3# C-->B
28133:  1# A-->C
28134:  2# A-->B
28135:  1# C-->B
28136:  4# C-->A
28137:  1# B-->A
28138:  2# B-->C
28139:  1# A-->C
28140:  3# B-->A
28141:  1# C-->B
28142:  2# C-->A
28143:  1# B-->A
28144:  5# C-->B
28145:  1# A-->C
28146:  2# A-->B
28147:  1# C-->B
28148:  3# A-->C
28149:  1# B-->A
28150:  2# B-->C
28151:  1# A-->C
28152:  4# A-->B
28153:  1# C-->B
28154:  2# C-->A
28155:  1# B-->A
28156:  3# C-->B
28157:  1# A-->C
28158:  2# A-->B
28159:  1# C-->B
28160: 10# C-->A
28161:  1# B-->A
28162:  2# B-->C
28163:  1# A-->C
28164:  3# B-->A
28165:  1# C-->B
28166:  2# C-->A
28167:  1# B-->A
28168:  4# B-->C
28169:  1# A-->C
28170:  2# A-->B
28171:  1# C-->B
28172:  3# A-->C
28173:  1# B-->A
28174:  2# B-->C
28175:  1# A-->C
28176:  5# B-->A
28177:  1# C-->B
28178:  2# C-->A
28179:  1# B-->A
28180:  3# C-->B
28181:  1# A-->C
28182:  2# A-->B
28183:  1# C-->B
28184:  4# C-->A
28185:  1# B-->A
28186:  2# B-->C
28187:  1# A-->C
28188:  3# B-->A
28189:  1# C-->B
28190:  2# C-->A
28191:  1# B-->A
28192:  6# B-->C
28193:  1# A-->C
28194:  2# A-->B
28195:  1# C-->B
28196:  3# A-->C
28197:  1# B-->A
28198:  2# B-->C
28199:  1# A-->C
28200:  4# A-->B
28201:  1# C-->B
28202:  2# C-->A
28203:  1# B-->A
28204:  3# C-->B
28205:  1# A-->C
28206:  2# A-->B
28207:  1# C-->B
28208:  5# A-->C
28209:  1# B-->A
28210:  2# B-->C
28211:  1# A-->C
28212:  3# B-->A
28213:  1# C-->B
28214:  2# C-->A
28215:  1# B-->A
28216:  4# B-->C
28217:  1# A-->C
28218:  2# A-->B
28219:  1# C-->B
28220:  3# A-->C
28221:  1# B-->A
28222:  2# B-->C
28223:  1# A-->C
28224:  7# B-->A
28225:  1# C-->B
28226:  2# C-->A
28227:  1# B-->A
28228:  3# C-->B
28229:  1# A-->C
28230:  2# A-->B
28231:  1# C-->B
28232:  4# C-->A
28233:  1# B-->A
28234:  2# B-->C
28235:  1# A-->C
28236:  3# B-->A
28237:  1# C-->B
28238:  2# C-->A
28239:  1# B-->A
28240:  5# C-->B
28241:  1# A-->C
28242:  2# A-->B
28243:  1# C-->B
28244:  3# A-->C
28245:  1# B-->A
28246:  2# B-->C
28247:  1# A-->C
28248:  4# A-->B
28249:  1# C-->B
28250:  2# C-->A
28251:  1# B-->A
28252:  3# C-->B
28253:  1# A-->C
28254:  2# A-->B
28255:  1# C-->B
28256:  6# C-->A
28257:  1# B-->A
28258:  2# B-->C
28259:  1# A-->C
28260:  3# B-->A
28261:  1# C-->B
28262:  2# C-->A
28263:  1# B-->A
28264:  4# B-->C
28265:  1# A-->C
28266:  2# A-->B
28267:  1# C-->B
28268:  3# A-->C
28269:  1# B-->A
28270:  2# B-->C
28271:  1# A-->C
28272:  5# B-->A
28273:  1# C-->B
28274:  2# C-->A
28275:  1# B-->A
28276:  3# C-->B
28277:  1# A-->C
28278:  2# A-->B
28279:  1# C-->B
28280:  4# C-->A
28281:  1# B-->A
28282:  2# B-->C
28283:  1# A-->C
28284:  3# B-->A
28285:  1# C-->B
28286:  2# C-->A
28287:  1# B-->A
28288:  8# B-->C
28289:  1# A-->C
28290:  2# A-->B
28291:  1# C-->B
28292:  3# A-->C
28293:  1# B-->A
28294:  2# B-->C
28295:  1# A-->C
28296:  4# A-->B
28297:  1# C-->B
28298:  2# C-->A
28299:  1# B-->A
28300:  3# C-->B
28301:  1# A-->C
28302:  2# A-->B
28303:  1# C-->B
28304:  5# A-->C
28305:  1# B-->A
28306:  2# B-->C
28307:  1# A-->C
28308:  3# B-->A
28309:  1# C-->B
28310:  2# C-->A
28311:  1# B-->A
28312:  4# B-->C
28313:  1# A-->C
28314:  2# A-->B
28315:  1# C-->B
28316:  3# A-->C
28317:  1# B-->A
28318:  2# B-->C
28319:  1# A-->C
28320:  6# A-->B
28321:  1# C-->B
28322:  2# C-->A
28323:  1# B-->A
28324:  3# C-->B
28325:  1# A-->C
28326:  2# A-->B
28327:  1# C-->B
28328:  4# C-->A
28329:  1# B-->A
28330:  2# B-->C
28331:  1# A-->C
28332:  3# B-->A
28333:  1# C-->B
28334:  2# C-->A
28335:  1# B-->A
28336:  5# C-->B
28337:  1# A-->C
28338:  2# A-->B
28339:  1# C-->B
28340:  3# A-->C
28341:  1# B-->A
28342:  2# B-->C
28343:  1# A-->C
28344:  4# A-->B
28345:  1# C-->B
28346:  2# C-->A
28347:  1# B-->A
28348:  3# C-->B
28349:  1# A-->C
28350:  2# A-->B
28351:  1# C-->B
28352:  7# A-->C
28353:  1# B-->A
28354:  2# B-->C
28355:  1# A-->C
28356:  3# B-->A
28357:  1# C-->B
28358:  2# C-->A
28359:  1# B-->A
28360:  4# B-->C
28361:  1# A-->C
28362:  2# A-->B
28363:  1# C-->B
28364:  3# A-->C
28365:  1# B-->A
28366:  2# B-->C
28367:  1# A-->C
28368:  5# B-->A
28369:  1# C-->B
28370:  2# C-->A
28371:  1# B-->A
28372:  3# C-->B
28373:  1# A-->C
28374:  2# A-->B
28375:  1# C-->B
28376:  4# C-->A
28377:  1# B-->A
28378:  2# B-->C
28379:  1# A-->C
28380:  3# B-->A
28381:  1# C-->B
28382:  2# C-->A
28383:  1# B-->A
28384:  6# B-->C
28385:  1# A-->C
28386:  2# A-->B
28387:  1# C-->B
28388:  3# A-->C
28389:  1# B-->A
28390:  2# B-->C
28391:  1# A-->C
28392:  4# A-->B
28393:  1# C-->B
28394:  2# C-->A
28395:  1# B-->A
28396:  3# C-->B
28397:  1# A-->C
28398:  2# A-->B
28399:  1# C-->B
28400:  5# A-->C
28401:  1# B-->A
28402:  2# B-->C
28403:  1# A-->C
28404:  3# B-->A
28405:  1# C-->B
28406:  2# C-->A
28407:  1# B-->A
28408:  4# B-->C
28409:  1# A-->C
28410:  2# A-->B
28411:  1# C-->B
28412:  3# A-->C
28413:  1# B-->A
28414:  2# B-->C
28415:  1# A-->C
28416:  9# B-->A
28417:  1# C-->B
28418:  2# C-->A
28419:  1# B-->A
28420:  3# C-->B
28421:  1# A-->C
28422:  2# A-->B
28423:  1# C-->B
28424:  4# C-->A
28425:  1# B-->A
28426:  2# B-->C
28427:  1# A-->C
28428:  3# B-->A
28429:  1# C-->B
28430:  2# C-->A
28431:  1# B-->A
28432:  5# C-->B
28433:  1# A-->C
28434:  2# A-->B
28435:  1# C-->B
28436:  3# A-->C
28437:  1# B-->A
28438:  2# B-->C
28439:  1# A-->C
28440:  4# A-->B
28441:  1# C-->B
28442:  2# C-->A
28443:  1# B-->A
28444:  3# C-->B
28445:  1# A-->C
28446:  2# A-->B
28447:  1# C-->B
28448:  6# C-->A
28449:  1# B-->A
28450:  2# B-->C
28451:  1# A-->C
28452:  3# B-->A
28453:  1# C-->B
28454:  2# C-->A
28455:  1# B-->A
28456:  4# B-->C
28457:  1# A-->C
28458:  2# A-->B
28459:  1# C-->B
28460:  3# A-->C
28461:  1# B-->A
28462:  2# B-->C
28463:  1# A-->C
28464:  5# B-->A
28465:  1# C-->B
28466:  2# C-->A
28467:  1# B-->A
28468:  3# C-->B
28469:  1# A-->C
28470:  2# A-->B
28471:  1# C-->B
28472:  4# C-->A
28473:  1# B-->A
28474:  2# B-->C
28475:  1# A-->C
28476:  3# B-->A
28477:  1# C-->B
28478:  2# C-->A
28479:  1# B-->A
28480:  7# C-->B
28481:  1# A-->C
28482:  2# A-->B
28483:  1# C-->B
28484:  3# A-->C
28485:  1# B-->A
28486:  2# B-->C
28487:  1# A-->C
28488:  4# A-->B
28489:  1# C-->B
28490:  2# C-->A
28491:  1# B-->A
28492:  3# C-->B
28493:  1# A-->C
28494:  2# A-->B
28495:  1# C-->B
28496:  5# A-->C
28497:  1# B-->A
28498:  2# B-->C
28499:  1# A-->C
28500:  3# B-->A
28501:  1# C-->B
28502:  2# C-->A
28503:  1# B-->A
28504:  4# B-->C
28505:  1# A-->C
28506:  2# A-->B
28507:  1# C-->B
28508:  3# A-->C
28509:  1# B-->A
28510:  2# B-->C
28511:  1# A-->C
28512:  6# A-->B
28513:  1# C-->B
28514:  2# C-->A
28515:  1# B-->A
28516:  3# C-->B
28517:  1# A-->C
28518:  2# A-->B
28519:  1# C-->B
28520:  4# C-->A
28521:  1# B-->A
28522:  2# B-->C
28523:  1# A-->C
28524:  3# B-->A
28525:  1# C-->B
28526:  2# C-->A
28527:  1# B-->A
28528:  5# C-->B
28529:  1# A-->C
28530:  2# A-->B
28531:  1# C-->B
28532:  3# A-->C
28533:  1# B-->A
28534:  2# B-->C
28535:  1# A-->C
28536:  4# A-->B
28537:  1# C-->B
28538:  2# C-->A
28539:  1# B-->A
28540:  3# C-->B
28541:  1# A-->C
28542:  2# A-->B
28543:  1# C-->B
28544:  8# C-->A
28545:  1# B-->A
28546:  2# B-->C
28547:  1# A-->C
28548:  3# B-->A
28549:  1# C-->B
28550:  2# C-->A
28551:  1# B-->A
28552:  4# B-->C
28553:  1# A-->C
28554:  2# A-->B
28555:  1# C-->B
28556:  3# A-->C
28557:  1# B-->A
28558:  2# B-->C
28559:  1# A-->C
28560:  5# B-->A
28561:  1# C-->B
28562:  2# C-->A
28563:  1# B-->A
28564:  3# C-->B
28565:  1# A-->C
28566:  2# A-->B
28567:  1# C-->B
28568:  4# C-->A
28569:  1# B-->A
28570:  2# B-->C
28571:  1# A-->C
28572:  3# B-->A
28573:  1# C-->B
28574:  2# C-->A
28575:  1# B-->A
28576:  6# B-->C
28577:  1# A-->C
28578:  2# A-->B
28579:  1# C-->B
28580:  3# A-->C
28581:  1# B-->A
28582:  2# B-->C
28583:  1# A-->C
28584:  4# A-->B
28585:  1# C-->B
28586:  2# C-->A
28587:  1# B-->A
28588:  3# C-->B
28589:  1# A-->C
28590:  2# A-->B
28591:  1# C-->B
28592:  5# A-->C
28593:  1# B-->A
28594:  2# B-->C
28595:  1# A-->C
28596:  3# B-->A
28597:  1# C-->B
28598:  2# C-->A
28599:  1# B-->A
28600:  4# B-->C
28601:  1# A-->C
28602:  2# A-->B
28603:  1# C-->B
28604:  3# A-->C
28605:  1# B-->A
28606:  2# B-->C
28607:  1# A-->C
28608:  7# B-->A
28609:  1# C-->B
28610:  2# C-->A
28611:  1# B-->A
28612:  3# C-->B
28613:  1# A-->C
28614:  2# A-->B
28615:  1# C-->B
28616:  4# C-->A
28617:  1# B-->A
28618:  2# B-->C
28619:  1# A-->C
28620:  3# B-->A
28621:  1# C-->B
28622:  2# C-->A
28623:  1# B-->A
28624:  5# C-->B
28625:  1# A-->C
28626:  2# A-->B
28627:  1# C-->B
28628:  3# A-->C
28629:  1# B-->A
28630:  2# B-->C
28631:  1# A-->C
28632:  4# A-->B
28633:  1# C-->B
28634:  2# C-->A
28635:  1# B-->A
28636:  3# C-->B
28637:  1# A-->C
28638:  2# A-->B
28639:  1# C-->B
28640:  6# C-->A
28641:  1# B-->A
28642:  2# B-->C
28643:  1# A-->C
28644:  3# B-->A
28645:  1# C-->B
28646:  2# C-->A
28647:  1# B-->A
28648:  4# B-->C
28649:  1# A-->C
28650:  2# A-->B
28651:  1# C-->B
28652:  3# A-->C
28653:  1# B-->A
28654:  2# B-->C
28655:  1# A-->C
28656:  5# B-->A
28657:  1# C-->B
28658:  2# C-->A
28659:  1# B-->A
28660:  3# C-->B
28661:  1# A-->C
28662:  2# A-->B
28663:  1# C-->B
28664:  4# C-->A
28665:  1# B-->A
28666:  2# B-->C
28667:  1# A-->C
28668:  3# B-->A
28669:  1# C-->B
28670:  2# C-->A
28671:  1# B-->A
28672: 13# C-->B
28673:  1# A-->C
28674:  2# A-->B
28675:  1# C-->B
28676:  3# A-->C
28677:  1# B-->A
28678:  2# B-->C
28679:  1# A-->C
28680:  4# A-->B
28681:  1# C-->B
28682:  2# C-->A
28683:  1# B-->A
28684:  3# C-->B
28685:  1# A-->C
28686:  2# A-->B
28687:  1# C-->B
28688:  5# A-->C
28689:  1# B-->A
28690:  2# B-->C
28691:  1# A-->C
28692:  3# B-->A
28693:  1# C-->B
28694:  2# C-->A
28695:  1# B-->A
28696:  4# B-->C
28697:  1# A-->C
28698:  2# A-->B
28699:  1# C-->B
28700:  3# A-->C
28701:  1# B-->A
28702:  2# B-->C
28703:  1# A-->C
28704:  6# A-->B
28705:  1# C-->B
28706:  2# C-->A
28707:  1# B-->A
28708:  3# C-->B
28709:  1# A-->C
28710:  2# A-->B
28711:  1# C-->B
28712:  4# C-->A
28713:  1# B-->A
28714:  2# B-->C
28715:  1# A-->C
28716:  3# B-->A
28717:  1# C-->B
28718:  2# C-->A
28719:  1# B-->A
28720:  5# C-->B
28721:  1# A-->C
28722:  2# A-->B
28723:  1# C-->B
28724:  3# A-->C
28725:  1# B-->A
28726:  2# B-->C
28727:  1# A-->C
28728:  4# A-->B
28729:  1# C-->B
28730:  2# C-->A
28731:  1# B-->A
28732:  3# C-->B
28733:  1# A-->C
28734:  2# A-->B
28735:  1# C-->B
28736:  7# A-->C
28737:  1# B-->A
28738:  2# B-->C
28739:  1# A-->C
28740:  3# B-->A
28741:  1# C-->B
28742:  2# C-->A
28743:  1# B-->A
28744:  4# B-->C
28745:  1# A-->C
28746:  2# A-->B
28747:  1# C-->B
28748:  3# A-->C
28749:  1# B-->A
28750:  2# B-->C
28751:  1# A-->C
28752:  5# B-->A
28753:  1# C-->B
28754:  2# C-->A
28755:  1# B-->A
28756:  3# C-->B
28757:  1# A-->C
28758:  2# A-->B
28759:  1# C-->B
28760:  4# C-->A
28761:  1# B-->A
28762:  2# B-->C
28763:  1# A-->C
28764:  3# B-->A
28765:  1# C-->B
28766:  2# C-->A
28767:  1# B-->A
28768:  6# B-->C
28769:  1# A-->C
28770:  2# A-->B
28771:  1# C-->B
28772:  3# A-->C
28773:  1# B-->A
28774:  2# B-->C
28775:  1# A-->C
28776:  4# A-->B
28777:  1# C-->B
28778:  2# C-->A
28779:  1# B-->A
28780:  3# C-->B
28781:  1# A-->C
28782:  2# A-->B
28783:  1# C-->B
28784:  5# A-->C
28785:  1# B-->A
28786:  2# B-->C
28787:  1# A-->C
28788:  3# B-->A
28789:  1# C-->B
28790:  2# C-->A
28791:  1# B-->A
28792:  4# B-->C
28793:  1# A-->C
28794:  2# A-->B
28795:  1# C-->B
28796:  3# A-->C
28797:  1# B-->A
28798:  2# B-->C
28799:  1# A-->C
28800:  8# A-->B
28801:  1# C-->B
28802:  2# C-->A
28803:  1# B-->A
28804:  3# C-->B
28805:  1# A-->C
28806:  2# A-->B
28807:  1# C-->B
28808:  4# C-->A
28809:  1# B-->A
28810:  2# B-->C
28811:  1# A-->C
28812:  3# B-->A
28813:  1# C-->B
28814:  2# C-->A
28815:  1# B-->A
28816:  5# C-->B
28817:  1# A-->C
28818:  2# A-->B
28819:  1# C-->B
28820:  3# A-->C
28821:  1# B-->A
28822:  2# B-->C
28823:  1# A-->C
28824:  4# A-->B
28825:  1# C-->B
28826:  2# C-->A
28827:  1# B-->A
28828:  3# C-->B
28829:  1# A-->C
28830:  2# A-->B
28831:  1# C-->B
28832:  6# C-->A
28833:  1# B-->A
28834:  2# B-->C
28835:  1# A-->C
28836:  3# B-->A
28837:  1# C-->B
28838:  2# C-->A
28839:  1# B-->A
28840:  4# B-->C
28841:  1# A-->C
28842:  2# A-->B
28843:  1# C-->B
28844:  3# A-->C
28845:  1# B-->A
28846:  2# B-->C
28847:  1# A-->C
28848:  5# B-->A
28849:  1# C-->B
28850:  2# C-->A
28851:  1# B-->A
28852:  3# C-->B
28853:  1# A-->C
28854:  2# A-->B
28855:  1# C-->B
28856:  4# C-->A
28857:  1# B-->A
28858:  2# B-->C
28859:  1# A-->C
28860:  3# B-->A
28861:  1# C-->B
28862:  2# C-->A
28863:  1# B-->A
28864:  7# C-->B
28865:  1# A-->C
28866:  2# A-->B
28867:  1# C-->B
28868:  3# A-->C
28869:  1# B-->A
28870:  2# B-->C
28871:  1# A-->C
28872:  4# A-->B
28873:  1# C-->B
28874:  2# C-->A
28875:  1# B-->A
28876:  3# C-->B
28877:  1# A-->C
28878:  2# A-->B
28879:  1# C-->B
28880:  5# A-->C
28881:  1# B-->A
28882:  2# B-->C
28883:  1# A-->C
28884:  3# B-->A
28885:  1# C-->B
28886:  2# C-->A
28887:  1# B-->A
28888:  4# B-->C
28889:  1# A-->C
28890:  2# A-->B
28891:  1# C-->B
28892:  3# A-->C
28893:  1# B-->A
28894:  2# B-->C
28895:  1# A-->C
28896:  6# A-->B
28897:  1# C-->B
28898:  2# C-->A
28899:  1# B-->A
28900:  3# C-->B
28901:  1# A-->C
28902:  2# A-->B
28903:  1# C-->B
28904:  4# C-->A
28905:  1# B-->A
28906:  2# B-->C
28907:  1# A-->C
28908:  3# B-->A
28909:  1# C-->B
28910:  2# C-->A
28911:  1# B-->A
28912:  5# C-->B
28913:  1# A-->C
28914:  2# A-->B
28915:  1# C-->B
28916:  3# A-->C
28917:  1# B-->A
28918:  2# B-->C
28919:  1# A-->C
28920:  4# A-->B
28921:  1# C-->B
28922:  2# C-->A
28923:  1# B-->A
28924:  3# C-->B
28925:  1# A-->C
28926:  2# A-->B
28927:  1# C-->B
28928:  9# A-->C
28929:  1# B-->A
28930:  2# B-->C
28931:  1# A-->C
28932:  3# B-->A
28933:  1# C-->B
28934:  2# C-->A
28935:  1# B-->A
28936:  4# B-->C
28937:  1# A-->C
28938:  2# A-->B
28939:  1# C-->B
28940:  3# A-->C
28941:  1# B-->A
28942:  2# B-->C
28943:  1# A-->C
28944:  5# B-->A
28945:  1# C-->B
28946:  2# C-->A
28947:  1# B-->A
28948:  3# C-->B
28949:  1# A-->C
28950:  2# A-->B
28951:  1# C-->B
28952:  4# C-->A
28953:  1# B-->A
28954:  2# B-->C
28955:  1# A-->C
28956:  3# B-->A
28957:  1# C-->B
28958:  2# C-->A
28959:  1# B-->A
28960:  6# B-->C
28961:  1# A-->C
28962:  2# A-->B
28963:  1# C-->B
28964:  3# A-->C
28965:  1# B-->A
28966:  2# B-->C
28967:  1# A-->C
28968:  4# A-->B
28969:  1# C-->B
28970:  2# C-->A
28971:  1# B-->A
28972:  3# C-->B
28973:  1# A-->C
28974:  2# A-->B
28975:  1# C-->B
28976:  5# A-->C
28977:  1# B-->A
28978:  2# B-->C
28979:  1# A-->C
28980:  3# B-->A
28981:  1# C-->B
28982:  2# C-->A
28983:  1# B-->A
28984:  4# B-->C
28985:  1# A-->C
28986:  2# A-->B
28987:  1# C-->B
28988:  3# A-->C
28989:  1# B-->A
28990:  2# B-->C
28991:  1# A-->C
28992:  7# B-->A
28993:  1# C-->B
28994:  2# C-->A
28995:  1# B-->A
28996:  3# C-->B
28997:  1# A-->C
28998:  2# A-->B
28999:  1# C-->B
29000:  4# C-->A
29001:  1# B-->A
29002:  2# B-->C
29003:  1# A-->C
29004:  3# B-->A
29005:  1# C-->B
29006:  2# C-->A
29007:  1# B-->A
29008:  5# C-->B
29009:  1# A-->C
29010:  2# A-->B
29011:  1# C-->B
29012:  3# A-->C
29013:  1# B-->A
29014:  2# B-->C
29015:  1# A-->C
29016:  4# A-->B
29017:  1# C-->B
29018:  2# C-->A
29019:  1# B-->A
29020:  3# C-->B
29021:  1# A-->C
29022:  2# A-->B
29023:  1# C-->B
29024:  6# C-->A
29025:  1# B-->A
29026:  2# B-->C
29027:  1# A-->C
29028:  3# B-->A
29029:  1# C-->B
29030:  2# C-->A
29031:  1# B-->A
29032:  4# B-->C
29033:  1# A-->C
29034:  2# A-->B
29035:  1# C-->B
29036:  3# A-->C
29037:  1# B-->A
29038:  2# B-->C
29039:  1# A-->C
29040:  5# B-->A
29041:  1# C-->B
29042:  2# C-->A
29043:  1# B-->A
29044:  3# C-->B
29045:  1# A-->C
29046:  2# A-->B
29047:  1# C-->B
29048:  4# C-->A
29049:  1# B-->A
29050:  2# B-->C
29051:  1# A-->C
29052:  3# B-->A
29053:  1# C-->B
29054:  2# C-->A
29055:  1# B-->A
29056:  8# B-->C
29057:  1# A-->C
29058:  2# A-->B
29059:  1# C-->B
29060:  3# A-->C
29061:  1# B-->A
29062:  2# B-->C
29063:  1# A-->C
29064:  4# A-->B
29065:  1# C-->B
29066:  2# C-->A
29067:  1# B-->A
29068:  3# C-->B
29069:  1# A-->C
29070:  2# A-->B
29071:  1# C-->B
29072:  5# A-->C
29073:  1# B-->A
29074:  2# B-->C
29075:  1# A-->C
29076:  3# B-->A
29077:  1# C-->B
29078:  2# C-->A
29079:  1# B-->A
29080:  4# B-->C
29081:  1# A-->C
29082:  2# A-->B
29083:  1# C-->B
29084:  3# A-->C
29085:  1# B-->A
29086:  2# B-->C
29087:  1# A-->C
29088:  6# A-->B
29089:  1# C-->B
29090:  2# C-->A
29091:  1# B-->A
29092:  3# C-->B
29093:  1# A-->C
29094:  2# A-->B
29095:  1# C-->B
29096:  4# C-->A
29097:  1# B-->A
29098:  2# B-->C
29099:  1# A-->C
29100:  3# B-->A
29101:  1# C-->B
29102:  2# C-->A
29103:  1# B-->A
29104:  5# C-->B
29105:  1# A-->C
29106:  2# A-->B
29107:  1# C-->B
29108:  3# A-->C
29109:  1# B-->A
29110:  2# B-->C
29111:  1# A-->C
29112:  4# A-->B
29113:  1# C-->B
29114:  2# C-->A
29115:  1# B-->A
29116:  3# C-->B
29117:  1# A-->C
29118:  2# A-->B
29119:  1# C-->B
29120:  7# A-->C
29121:  1# B-->A
29122:  2# B-->C
29123:  1# A-->C
29124:  3# B-->A
29125:  1# C-->B
29126:  2# C-->A
29127:  1# B-->A
29128:  4# B-->C
29129:  1# A-->C
29130:  2# A-->B
29131:  1# C-->B
29132:  3# A-->C
29133:  1# B-->A
29134:  2# B-->C
29135:  1# A-->C
29136:  5# B-->A
29137:  1# C-->B
29138:  2# C-->A
29139:  1# B-->A
29140:  3# C-->B
29141:  1# A-->C
29142:  2# A-->B
29143:  1# C-->B
29144:  4# C-->A
29145:  1# B-->A
29146:  2# B-->C
29147:  1# A-->C
29148:  3# B-->A
29149:  1# C-->B
29150:  2# C-->A
29151:  1# B-->A
29152:  6# B-->C
29153:  1# A-->C
29154:  2# A-->B
29155:  1# C-->B
29156:  3# A-->C
29157:  1# B-->A
29158:  2# B-->C
29159:  1# A-->C
29160:  4# A-->B
29161:  1# C-->B
29162:  2# C-->A
29163:  1# B-->A
29164:  3# C-->B
29165:  1# A-->C
29166:  2# A-->B
29167:  1# C-->B
29168:  5# A-->C
29169:  1# B-->A
29170:  2# B-->C
29171:  1# A-->C
29172:  3# B-->A
29173:  1# C-->B
29174:  2# C-->A
29175:  1# B-->A
29176:  4# B-->C
29177:  1# A-->C
29178:  2# A-->B
29179:  1# C-->B
29180:  3# A-->C
29181:  1# B-->A
29182:  2# B-->C
29183:  1# A-->C
29184: 10# A-->B
29185:  1# C-->B
29186:  2# C-->A
29187:  1# B-->A
29188:  3# C-->B
29189:  1# A-->C
29190:  2# A-->B
29191:  1# C-->B
29192:  4# C-->A
29193:  1# B-->A
29194:  2# B-->C
29195:  1# A-->C
29196:  3# B-->A
29197:  1# C-->B
29198:  2# C-->A
29199:  1# B-->A
29200:  5# C-->B
29201:  1# A-->C
29202:  2# A-->B
29203:  1# C-->B
29204:  3# A-->C
29205:  1# B-->A
29206:  2# B-->C
29207:  1# A-->C
29208:  4# A-->B
29209:  1# C-->B
29210:  2# C-->A
29211:  1# B-->A
29212:  3# C-->B
29213:  1# A-->C
29214:  2# A-->B
29215:  1# C-->B
29216:  6# C-->A
29217:  1# B-->A
29218:  2# B-->C
29219:  1# A-->C
29220:  3# B-->A
29221:  1# C-->B
29222:  2# C-->A
29223:  1# B-->A
29224:  4# B-->C
29225:  1# A-->C
29226:  2# A-->B
29227:  1# C-->B
29228:  3# A-->C
29229:  1# B-->A
29230:  2# B-->C
29231:  1# A-->C
29232:  5# B-->A
29233:  1# C-->B
29234:  2# C-->A
29235:  1# B-->A
29236:  3# C-->B
29237:  1# A-->C
29238:  2# A-->B
29239:  1# C-->B
29240:  4# C-->A
29241:  1# B-->A
29242:  2# B-->C
29243:  1# A-->C
29244:  3# B-->A
29245:  1# C-->B
29246:  2# C-->A
29247:  1# B-->A
29248:  7# C-->B
29249:  1# A-->C
29250:  2# A-->B
29251:  1# C-->B
29252:  3# A-->C
29253:  1# B-->A
29254:  2# B-->C
29255:  1# A-->C
29256:  4# A-->B
29257:  1# C-->B
29258:  2# C-->A
29259:  1# B-->A
29260:  3# C-->B
29261:  1# A-->C
29262:  2# A-->B
29263:  1# C-->B
29264:  5# A-->C
29265:  1# B-->A
29266:  2# B-->C
29267:  1# A-->C
29268:  3# B-->A
29269:  1# C-->B
29270:  2# C-->A
29271:  1# B-->A
29272:  4# B-->C
29273:  1# A-->C
29274:  2# A-->B
29275:  1# C-->B
29276:  3# A-->C
29277:  1# B-->A
29278:  2# B-->C
29279:  1# A-->C
29280:  6# A-->B
29281:  1# C-->B
29282:  2# C-->A
29283:  1# B-->A
29284:  3# C-->B
29285:  1# A-->C
29286:  2# A-->B
29287:  1# C-->B
29288:  4# C-->A
29289:  1# B-->A
29290:  2# B-->C
29291:  1# A-->C
29292:  3# B-->A
29293:  1# C-->B
29294:  2# C-->A
29295:  1# B-->A
29296:  5# C-->B
29297:  1# A-->C
29298:  2# A-->B
29299:  1# C-->B
29300:  3# A-->C
29301:  1# B-->A
29302:  2# B-->C
29303:  1# A-->C
29304:  4# A-->B
29305:  1# C-->B
29306:  2# C-->A
29307:  1# B-->A
29308:  3# C-->B
29309:  1# A-->C
29310:  2# A-->B
29311:  1# C-->B
29312:  8# C-->A
29313:  1# B-->A
29314:  2# B-->C
29315:  1# A-->C
29316:  3# B-->A
29317:  1# C-->B
29318:  2# C-->A
29319:  1# B-->A
29320:  4# B-->C
29321:  1# A-->C
29322:  2# A-->B
29323:  1# C-->B
29324:  3# A-->C
29325:  1# B-->A
29326:  2# B-->C
29327:  1# A-->C
29328:  5# B-->A
29329:  1# C-->B
29330:  2# C-->A
29331:  1# B-->A
29332:  3# C-->B
29333:  1# A-->C
29334:  2# A-->B
29335:  1# C-->B
29336:  4# C-->A
29337:  1# B-->A
29338:  2# B-->C
29339:  1# A-->C
29340:  3# B-->A
29341:  1# C-->B
29342:  2# C-->A
29343:  1# B-->A
29344:  6# B-->C
29345:  1# A-->C
29346:  2# A-->B
29347:  1# C-->B
29348:  3# A-->C
29349:  1# B-->A
29350:  2# B-->C
29351:  1# A-->C
29352:  4# A-->B
29353:  1# C-->B
29354:  2# C-->A
29355:  1# B-->A
29356:  3# C-->B
29357:  1# A-->C
29358:  2# A-->B
29359:  1# C-->B
29360:  5# A-->C
29361:  1# B-->A
29362:  2# B-->C
29363:  1# A-->C
29364:  3# B-->A
29365:  1# C-->B
29366:  2# C-->A
29367:  1# B-->A
29368:  4# B-->C
29369:  1# A-->C
29370:  2# A-->B
29371:  1# C-->B
29372:  3# A-->C
29373:  1# B-->A
29374:  2# B-->C
29375:  1# A-->C
29376:  7# B-->A
29377:  1# C-->B
29378:  2# C-->A
29379:  1# B-->A
29380:  3# C-->B
29381:  1# A-->C
29382:  2# A-->B
29383:  1# C-->B
29384:  4# C-->A
29385:  1# B-->A
29386:  2# B-->C
29387:  1# A-->C
29388:  3# B-->A
29389:  1# C-->B
29390:  2# C-->A
29391:  1# B-->A
29392:  5# C-->B
29393:  1# A-->C
29394:  2# A-->B
29395:  1# C-->B
29396:  3# A-->C
29397:  1# B-->A
29398:  2# B-->C
29399:  1# A-->C
29400:  4# A-->B
29401:  1# C-->B
29402:  2# C-->A
29403:  1# B-->A
29404:  3# C-->B
29405:  1# A-->C
29406:  2# A-->B
29407:  1# C-->B
29408:  6# C-->A
29409:  1# B-->A
29410:  2# B-->C
29411:  1# A-->C
29412:  3# B-->A
29413:  1# C-->B
29414:  2# C-->A
29415:  1# B-->A
29416:  4# B-->C
29417:  1# A-->C
29418:  2# A-->B
29419:  1# C-->B
29420:  3# A-->C
29421:  1# B-->A
29422:  2# B-->C
29423:  1# A-->C
29424:  5# B-->A
29425:  1# C-->B
29426:  2# C-->A
29427:  1# B-->A
29428:  3# C-->B
29429:  1# A-->C
29430:  2# A-->B
29431:  1# C-->B
29432:  4# C-->A
29433:  1# B-->A
29434:  2# B-->C
29435:  1# A-->C
29436:  3# B-->A
29437:  1# C-->B
29438:  2# C-->A
29439:  1# B-->A
29440:  9# C-->B
29441:  1# A-->C
29442:  2# A-->B
29443:  1# C-->B
29444:  3# A-->C
29445:  1# B-->A
29446:  2# B-->C
29447:  1# A-->C
29448:  4# A-->B
29449:  1# C-->B
29450:  2# C-->A
29451:  1# B-->A
29452:  3# C-->B
29453:  1# A-->C
29454:  2# A-->B
29455:  1# C-->B
29456:  5# A-->C
29457:  1# B-->A
29458:  2# B-->C
29459:  1# A-->C
29460:  3# B-->A
29461:  1# C-->B
29462:  2# C-->A
29463:  1# B-->A
29464:  4# B-->C
29465:  1# A-->C
29466:  2# A-->B
29467:  1# C-->B
29468:  3# A-->C
29469:  1# B-->A
29470:  2# B-->C
29471:  1# A-->C
29472:  6# A-->B
29473:  1# C-->B
29474:  2# C-->A
29475:  1# B-->A
29476:  3# C-->B
29477:  1# A-->C
29478:  2# A-->B
29479:  1# C-->B
29480:  4# C-->A
29481:  1# B-->A
29482:  2# B-->C
29483:  1# A-->C
29484:  3# B-->A
29485:  1# C-->B
29486:  2# C-->A
29487:  1# B-->A
29488:  5# C-->B
29489:  1# A-->C
29490:  2# A-->B
29491:  1# C-->B
29492:  3# A-->C
29493:  1# B-->A
29494:  2# B-->C
29495:  1# A-->C
29496:  4# A-->B
29497:  1# C-->B
29498:  2# C-->A
29499:  1# B-->A
29500:  3# C-->B
29501:  1# A-->C
29502:  2# A-->B
29503:  1# C-->B
29504:  7# A-->C
29505:  1# B-->A
29506:  2# B-->C
29507:  1# A-->C
29508:  3# B-->A
29509:  1# C-->B
29510:  2# C-->A
29511:  1# B-->A
29512:  4# B-->C
29513:  1# A-->C
29514:  2# A-->B
29515:  1# C-->B
29516:  3# A-->C
29517:  1# B-->A
29518:  2# B-->C
29519:  1# A-->C
29520:  5# B-->A
29521:  1# C-->B
29522:  2# C-->A
29523:  1# B-->A
29524:  3# C-->B
29525:  1# A-->C
29526:  2# A-->B
29527:  1# C-->B
29528:  4# C-->A
29529:  1# B-->A
29530:  2# B-->C
29531:  1# A-->C
29532:  3# B-->A
29533:  1# C-->B
29534:  2# C-->A
29535:  1# B-->A
29536:  6# B-->C
29537:  1# A-->C
29538:  2# A-->B
29539:  1# C-->B
29540:  3# A-->C
29541:  1# B-->A
29542:  2# B-->C
29543:  1# A-->C
29544:  4# A-->B
29545:  1# C-->B
29546:  2# C-->A
29547:  1# B-->A
29548:  3# C-->B
29549:  1# A-->C
29550:  2# A-->B
29551:  1# C-->B
29552:  5# A-->C
29553:  1# B-->A
29554:  2# B-->C
29555:  1# A-->C
29556:  3# B-->A
29557:  1# C-->B
29558:  2# C-->A
29559:  1# B-->A
29560:  4# B-->C
29561:  1# A-->C
29562:  2# A-->B
29563:  1# C-->B
29564:  3# A-->C
29565:  1# B-->A
29566:  2# B-->C
29567:  1# A-->C
29568:  8# A-->B
29569:  1# C-->B
29570:  2# C-->A
29571:  1# B-->A
29572:  3# C-->B
29573:  1# A-->C
29574:  2# A-->B
29575:  1# C-->B
29576:  4# C-->A
29577:  1# B-->A
29578:  2# B-->C
29579:  1# A-->C
29580:  3# B-->A
29581:  1# C-->B
29582:  2# C-->A
29583:  1# B-->A
29584:  5# C-->B
29585:  1# A-->C
29586:  2# A-->B
29587:  1# C-->B
29588:  3# A-->C
29589:  1# B-->A
29590:  2# B-->C
29591:  1# A-->C
29592:  4# A-->B
29593:  1# C-->B
29594:  2# C-->A
29595:  1# B-->A
29596:  3# C-->B
29597:  1# A-->C
29598:  2# A-->B
29599:  1# C-->B
29600:  6# C-->A
29601:  1# B-->A
29602:  2# B-->C
29603:  1# A-->C
29604:  3# B-->A
29605:  1# C-->B
29606:  2# C-->A
29607:  1# B-->A
29608:  4# B-->C
29609:  1# A-->C
29610:  2# A-->B
29611:  1# C-->B
29612:  3# A-->C
29613:  1# B-->A
29614:  2# B-->C
29615:  1# A-->C
29616:  5# B-->A
29617:  1# C-->B
29618:  2# C-->A
29619:  1# B-->A
29620:  3# C-->B
29621:  1# A-->C
29622:  2# A-->B
29623:  1# C-->B
29624:  4# C-->A
29625:  1# B-->A
29626:  2# B-->C
29627:  1# A-->C
29628:  3# B-->A
29629:  1# C-->B
29630:  2# C-->A
29631:  1# B-->A
29632:  7# C-->B
29633:  1# A-->C
29634:  2# A-->B
29635:  1# C-->B
29636:  3# A-->C
29637:  1# B-->A
29638:  2# B-->C
29639:  1# A-->C
29640:  4# A-->B
29641:  1# C-->B
29642:  2# C-->A
29643:  1# B-->A
29644:  3# C-->B
29645:  1# A-->C
29646:  2# A-->B
29647:  1# C-->B
29648:  5# A-->C
29649:  1# B-->A
29650:  2# B-->C
29651:  1# A-->C
29652:  3# B-->A
29653:  1# C-->B
29654:  2# C-->A
29655:  1# B-->A
29656:  4# B-->C
29657:  1# A-->C
29658:  2# A-->B
29659:  1# C-->B
29660:  3# A-->C
29661:  1# B-->A
29662:  2# B-->C
29663:  1# A-->C
29664:  6# A-->B
29665:  1# C-->B
29666:  2# C-->A
29667:  1# B-->A
29668:  3# C-->B
29669:  1# A-->C
29670:  2# A-->B
29671:  1# C-->B
29672:  4# C-->A
29673:  1# B-->A
29674:  2# B-->C
29675:  1# A-->C
29676:  3# B-->A
29677:  1# C-->B
29678:  2# C-->A
29679:  1# B-->A
29680:  5# C-->B
29681:  1# A-->C
29682:  2# A-->B
29683:  1# C-->B
29684:  3# A-->C
29685:  1# B-->A
29686:  2# B-->C
29687:  1# A-->C
29688:  4# A-->B
29689:  1# C-->B
29690:  2# C-->A
29691:  1# B-->A
29692:  3# C-->B
29693:  1# A-->C
29694:  2# A-->B
29695:  1# C-->B
29696: 11# A-->C
29697:  1# B-->A
29698:  2# B-->C
29699:  1# A-->C
29700:  3# B-->A
29701:  1# C-->B
29702:  2# C-->A
29703:  1# B-->A
29704:  4# B-->C
29705:  1# A-->C
29706:  2# A-->B
29707:  1# C-->B
29708:  3# A-->C
29709:  1# B-->A
29710:  2# B-->C
29711:  1# A-->C
29712:  5# B-->A
29713:  1# C-->B
29714:  2# C-->A
29715:  1# B-->A
29716:  3# C-->B
29717:  1# A-->C
29718:  2# A-->B
29719:  1# C-->B
29720:  4# C-->A
29721:  1# B-->A
29722:  2# B-->C
29723:  1# A-->C
29724:  3# B-->A
29725:  1# C-->B
29726:  2# C-->A
29727:  1# B-->A
29728:  6# B-->C
29729:  1# A-->C
29730:  2# A-->B
29731:  1# C-->B
29732:  3# A-->C
29733:  1# B-->A
29734:  2# B-->C
29735:  1# A-->C
29736:  4# A-->B
29737:  1# C-->B
29738:  2# C-->A
29739:  1# B-->A
29740:  3# C-->B
29741:  1# A-->C
29742:  2# A-->B
29743:  1# C-->B
29744:  5# A-->C
29745:  1# B-->A
29746:  2# B-->C
29747:  1# A-->C
29748:  3# B-->A
29749:  1# C-->B
29750:  2# C-->A
29751:  1# B-->A
29752:  4# B-->C
29753:  1# A-->C
29754:  2# A-->B
29755:  1# C-->B
29756:  3# A-->C
29757:  1# B-->A
29758:  2# B-->C
29759:  1# A-->C
29760:  7# B-->A
29761:  1# C-->B
29762:  2# C-->A
29763:  1# B-->A
29764:  3# C-->B
29765:  1# A-->C
29766:  2# A-->B
29767:  1# C-->B
29768:  4# C-->A
29769:  1# B-->A
29770:  2# B-->C
29771:  1# A-->C
29772:  3# B-->A
29773:  1# C-->B
29774:  2# C-->A
29775:  1# B-->A
29776:  5# C-->B
29777:  1# A-->C
29778:  2# A-->B
29779:  1# C-->B
29780:  3# A-->C
29781:  1# B-->A
29782:  2# B-->C
29783:  1# A-->C
29784:  4# A-->B
29785:  1# C-->B
29786:  2# C-->A
29787:  1# B-->A
29788:  3# C-->B
29789:  1# A-->C
29790:  2# A-->B
29791:  1# C-->B
29792:  6# C-->A
29793:  1# B-->A
29794:  2# B-->C
29795:  1# A-->C
29796:  3# B-->A
29797:  1# C-->B
29798:  2# C-->A
29799:  1# B-->A
29800:  4# B-->C
29801:  1# A-->C
29802:  2# A-->B
29803:  1# C-->B
29804:  3# A-->C
29805:  1# B-->A
29806:  2# B-->C
29807:  1# A-->C
29808:  5# B-->A
29809:  1# C-->B
29810:  2# C-->A
29811:  1# B-->A
29812:  3# C-->B
29813:  1# A-->C
29814:  2# A-->B
29815:  1# C-->B
29816:  4# C-->A
29817:  1# B-->A
29818:  2# B-->C
29819:  1# A-->C
29820:  3# B-->A
29821:  1# C-->B
29822:  2# C-->A
29823:  1# B-->A
29824:  8# B-->C
29825:  1# A-->C
29826:  2# A-->B
29827:  1# C-->B
29828:  3# A-->C
29829:  1# B-->A
29830:  2# B-->C
29831:  1# A-->C
29832:  4# A-->B
29833:  1# C-->B
29834:  2# C-->A
29835:  1# B-->A
29836:  3# C-->B
29837:  1# A-->C
29838:  2# A-->B
29839:  1# C-->B
29840:  5# A-->C
29841:  1# B-->A
29842:  2# B-->C
29843:  1# A-->C
29844:  3# B-->A
29845:  1# C-->B
29846:  2# C-->A
29847:  1# B-->A
29848:  4# B-->C
29849:  1# A-->C
29850:  2# A-->B
29851:  1# C-->B
29852:  3# A-->C
29853:  1# B-->A
29854:  2# B-->C
29855:  1# A-->C
29856:  6# A-->B
29857:  1# C-->B
29858:  2# C-->A
29859:  1# B-->A
29860:  3# C-->B
29861:  1# A-->C
29862:  2# A-->B
29863:  1# C-->B
29864:  4# C-->A
29865:  1# B-->A
29866:  2# B-->C
29867:  1# A-->C
29868:  3# B-->A
29869:  1# C-->B
29870:  2# C-->A
29871:  1# B-->A
29872:  5# C-->B
29873:  1# A-->C
29874:  2# A-->B
29875:  1# C-->B
29876:  3# A-->C
29877:  1# B-->A
29878:  2# B-->C
29879:  1# A-->C
29880:  4# A-->B
29881:  1# C-->B
29882:  2# C-->A
29883:  1# B-->A
29884:  3# C-->B
29885:  1# A-->C
29886:  2# A-->B
29887:  1# C-->B
29888:  7# A-->C
29889:  1# B-->A
29890:  2# B-->C
29891:  1# A-->C
29892:  3# B-->A
29893:  1# C-->B
29894:  2# C-->A
29895:  1# B-->A
29896:  4# B-->C
29897:  1# A-->C
29898:  2# A-->B
29899:  1# C-->B
29900:  3# A-->C
29901:  1# B-->A
29902:  2# B-->C
29903:  1# A-->C
29904:  5# B-->A
29905:  1# C-->B
29906:  2# C-->A
29907:  1# B-->A
29908:  3# C-->B
29909:  1# A-->C
29910:  2# A-->B
29911:  1# C-->B
29912:  4# C-->A
29913:  1# B-->A
29914:  2# B-->C
29915:  1# A-->C
29916:  3# B-->A
29917:  1# C-->B
29918:  2# C-->A
29919:  1# B-->A
29920:  6# B-->C
29921:  1# A-->C
29922:  2# A-->B
29923:  1# C-->B
29924:  3# A-->C
29925:  1# B-->A
29926:  2# B-->C
29927:  1# A-->C
29928:  4# A-->B
29929:  1# C-->B
29930:  2# C-->A
29931:  1# B-->A
29932:  3# C-->B
29933:  1# A-->C
29934:  2# A-->B
29935:  1# C-->B
29936:  5# A-->C
29937:  1# B-->A
29938:  2# B-->C
29939:  1# A-->C
29940:  3# B-->A
29941:  1# C-->B
29942:  2# C-->A
29943:  1# B-->A
29944:  4# B-->C
29945:  1# A-->C
29946:  2# A-->B
29947:  1# C-->B
29948:  3# A-->C
29949:  1# B-->A
29950:  2# B-->C
29951:  1# A-->C
29952:  9# B-->A
29953:  1# C-->B
29954:  2# C-->A
29955:  1# B-->A
29956:  3# C-->B
29957:  1# A-->C
29958:  2# A-->B
29959:  1# C-->B
29960:  4# C-->A
29961:  1# B-->A
29962:  2# B-->C
29963:  1# A-->C
29964:  3# B-->A
29965:  1# C-->B
29966:  2# C-->A
29967:  1# B-->A
29968:  5# C-->B
29969:  1# A-->C
29970:  2# A-->B
29971:  1# C-->B
29972:  3# A-->C
29973:  1# B-->A
29974:  2# B-->C
29975:  1# A-->C
29976:  4# A-->B
29977:  1# C-->B
29978:  2# C-->A
29979:  1# B-->A
29980:  3# C-->B
29981:  1# A-->C
29982:  2# A-->B
29983:  1# C-->B
29984:  6# C-->A
29985:  1# B-->A
29986:  2# B-->C
29987:  1# A-->C
29988:  3# B-->A
29989:  1# C-->B
29990:  2# C-->A
29991:  1# B-->A
29992:  4# B-->C
29993:  1# A-->C
29994:  2# A-->B
29995:  1# C-->B
29996:  3# A-->C
29997:  1# B-->A
29998:  2# B-->C
29999:  1# A-->C
30000:  5# B-->A
30001:  1# C-->B
30002:  2# C-->A
30003:  1# B-->A
30004:  3# C-->B
30005:  1# A-->C
30006:  2# A-->B
30007:  1# C-->B
30008:  4# C-->A
30009:  1# B-->A
30010:  2# B-->C
30011:  1# A-->C
30012:  3# B-->A
30013:  1# C-->B
30014:  2# C-->A
30015:  1# B-->A
30016:  7# C-->B
30017:  1# A-->C
30018:  2# A-->B
30019:  1# C-->B
30020:  3# A-->C
30021:  1# B-->A
30022:  2# B-->C
30023:  1# A-->C
30024:  4# A-->B
30025:  1# C-->B
30026:  2# C-->A
30027:  1# B-->A
30028:  3# C-->B
30029:  1# A-->C
30030:  2# A-->B
30031:  1# C-->B
30032:  5# A-->C
30033:  1# B-->A
30034:  2# B-->C
30035:  1# A-->C
30036:  3# B-->A
30037:  1# C-->B
30038:  2# C-->A
30039:  1# B-->A
30040:  4# B-->C
30041:  1# A-->C
30042:  2# A-->B
30043:  1# C-->B
30044:  3# A-->C
30045:  1# B-->A
30046:  2# B-->C
30047:  1# A-->C
30048:  6# A-->B
30049:  1# C-->B
30050:  2# C-->A
30051:  1# B-->A
30052:  3# C-->B
30053:  1# A-->C
30054:  2# A-->B
30055:  1# C-->B
30056:  4# C-->A
30057:  1# B-->A
30058:  2# B-->C
30059:  1# A-->C
30060:  3# B-->A
30061:  1# C-->B
30062:  2# C-->A
30063:  1# B-->A
30064:  5# C-->B
30065:  1# A-->C
30066:  2# A-->B
30067:  1# C-->B
30068:  3# A-->C
30069:  1# B-->A
30070:  2# B-->C
30071:  1# A-->C
30072:  4# A-->B
30073:  1# C-->B
30074:  2# C-->A
30075:  1# B-->A
30076:  3# C-->B
30077:  1# A-->C
30078:  2# A-->B
30079:  1# C-->B
30080:  8# C-->A
30081:  1# B-->A
30082:  2# B-->C
30083:  1# A-->C
30084:  3# B-->A
30085:  1# C-->B
30086:  2# C-->A
30087:  1# B-->A
30088:  4# B-->C
30089:  1# A-->C
30090:  2# A-->B
30091:  1# C-->B
30092:  3# A-->C
30093:  1# B-->A
30094:  2# B-->C
30095:  1# A-->C
30096:  5# B-->A
30097:  1# C-->B
30098:  2# C-->A
30099:  1# B-->A
30100:  3# C-->B
30101:  1# A-->C
30102:  2# A-->B
30103:  1# C-->B
30104:  4# C-->A
30105:  1# B-->A
30106:  2# B-->C
30107:  1# A-->C
30108:  3# B-->A
30109:  1# C-->B
30110:  2# C-->A
30111:  1# B-->A
30112:  6# B-->C
30113:  1# A-->C
30114:  2# A-->B
30115:  1# C-->B
30116:  3# A-->C
30117:  1# B-->A
30118:  2# B-->C
30119:  1# A-->C
30120:  4# A-->B
30121:  1# C-->B
30122:  2# C-->A
30123:  1# B-->A
30124:  3# C-->B
30125:  1# A-->C
30126:  2# A-->B
30127:  1# C-->B
30128:  5# A-->C
30129:  1# B-->A
30130:  2# B-->C
30131:  1# A-->C
30132:  3# B-->A
30133:  1# C-->B
30134:  2# C-->A
30135:  1# B-->A
30136:  4# B-->C
30137:  1# A-->C
30138:  2# A-->B
30139:  1# C-->B
30140:  3# A-->C
30141:  1# B-->A
30142:  2# B-->C
30143:  1# A-->C
30144:  7# B-->A
30145:  1# C-->B
30146:  2# C-->A
30147:  1# B-->A
30148:  3# C-->B
30149:  1# A-->C
30150:  2# A-->B
30151:  1# C-->B
30152:  4# C-->A
30153:  1# B-->A
30154:  2# B-->C
30155:  1# A-->C
30156:  3# B-->A
30157:  1# C-->B
30158:  2# C-->A
30159:  1# B-->A
30160:  5# C-->B
30161:  1# A-->C
30162:  2# A-->B
30163:  1# C-->B
30164:  3# A-->C
30165:  1# B-->A
30166:  2# B-->C
30167:  1# A-->C
30168:  4# A-->B
30169:  1# C-->B
30170:  2# C-->A
30171:  1# B-->A
30172:  3# C-->B
30173:  1# A-->C
30174:  2# A-->B
30175:  1# C-->B
30176:  6# C-->A
30177:  1# B-->A
30178:  2# B-->C
30179:  1# A-->C
30180:  3# B-->A
30181:  1# C-->B
30182:  2# C-->A
30183:  1# B-->A
30184:  4# B-->C
30185:  1# A-->C
30186:  2# A-->B
30187:  1# C-->B
30188:  3# A-->C
30189:  1# B-->A
30190:  2# B-->C
30191:  1# A-->C
30192:  5# B-->A
30193:  1# C-->B
30194:  2# C-->A
30195:  1# B-->A
30196:  3# C-->B
30197:  1# A-->C
30198:  2# A-->B
30199:  1# C-->B
30200:  4# C-->A
30201:  1# B-->A
30202:  2# B-->C
30203:  1# A-->C
30204:  3# B-->A
30205:  1# C-->B
30206:  2# C-->A
30207:  1# B-->A
30208: 10# B-->C
30209:  1# A-->C
30210:  2# A-->B
30211:  1# C-->B
30212:  3# A-->C
30213:  1# B-->A
30214:  2# B-->C
30215:  1# A-->C
30216:  4# A-->B
30217:  1# C-->B
30218:  2# C-->A
30219:  1# B-->A
30220:  3# C-->B
30221:  1# A-->C
30222:  2# A-->B
30223:  1# C-->B
30224:  5# A-->C
30225:  1# B-->A
30226:  2# B-->C
30227:  1# A-->C
30228:  3# B-->A
30229:  1# C-->B
30230:  2# C-->A
30231:  1# B-->A
30232:  4# B-->C
30233:  1# A-->C
30234:  2# A-->B
30235:  1# C-->B
30236:  3# A-->C
30237:  1# B-->A
30238:  2# B-->C
30239:  1# A-->C
30240:  6# A-->B
30241:  1# C-->B
30242:  2# C-->A
30243:  1# B-->A
30244:  3# C-->B
30245:  1# A-->C
30246:  2# A-->B
30247:  1# C-->B
30248:  4# C-->A
30249:  1# B-->A
30250:  2# B-->C
30251:  1# A-->C
30252:  3# B-->A
30253:  1# C-->B
30254:  2# C-->A
30255:  1# B-->A
30256:  5# C-->B
30257:  1# A-->C
30258:  2# A-->B
30259:  1# C-->B
30260:  3# A-->C
30261:  1# B-->A
30262:  2# B-->C
30263:  1# A-->C
30264:  4# A-->B
30265:  1# C-->B
30266:  2# C-->A
30267:  1# B-->A
30268:  3# C-->B
30269:  1# A-->C
30270:  2# A-->B
30271:  1# C-->B
30272:  7# A-->C
30273:  1# B-->A
30274:  2# B-->C
30275:  1# A-->C
30276:  3# B-->A
30277:  1# C-->B
30278:  2# C-->A
30279:  1# B-->A
30280:  4# B-->C
30281:  1# A-->C
30282:  2# A-->B
30283:  1# C-->B
30284:  3# A-->C
30285:  1# B-->A
30286:  2# B-->C
30287:  1# A-->C
30288:  5# B-->A
30289:  1# C-->B
30290:  2# C-->A
30291:  1# B-->A
30292:  3# C-->B
30293:  1# A-->C
30294:  2# A-->B
30295:  1# C-->B
30296:  4# C-->A
30297:  1# B-->A
30298:  2# B-->C
30299:  1# A-->C
30300:  3# B-->A
30301:  1# C-->B
30302:  2# C-->A
30303:  1# B-->A
30304:  6# B-->C
30305:  1# A-->C
30306:  2# A-->B
30307:  1# C-->B
30308:  3# A-->C
30309:  1# B-->A
30310:  2# B-->C
30311:  1# A-->C
30312:  4# A-->B
30313:  1# C-->B
30314:  2# C-->A
30315:  1# B-->A
30316:  3# C-->B
30317:  1# A-->C
30318:  2# A-->B
30319:  1# C-->B
30320:  5# A-->C
30321:  1# B-->A
30322:  2# B-->C
30323:  1# A-->C
30324:  3# B-->A
30325:  1# C-->B
30326:  2# C-->A
30327:  1# B-->A
30328:  4# B-->C
30329:  1# A-->C
30330:  2# A-->B
30331:  1# C-->B
30332:  3# A-->C
30333:  1# B-->A
30334:  2# B-->C
30335:  1# A-->C
30336:  8# A-->B
30337:  1# C-->B
30338:  2# C-->A
30339:  1# B-->A
30340:  3# C-->B
30341:  1# A-->C
30342:  2# A-->B
30343:  1# C-->B
30344:  4# C-->A
30345:  1# B-->A
30346:  2# B-->C
30347:  1# A-->C
30348:  3# B-->A
30349:  1# C-->B
30350:  2# C-->A
30351:  1# B-->A
30352:  5# C-->B
30353:  1# A-->C
30354:  2# A-->B
30355:  1# C-->B
30356:  3# A-->C
30357:  1# B-->A
30358:  2# B-->C
30359:  1# A-->C
30360:  4# A-->B
30361:  1# C-->B
30362:  2# C-->A
30363:  1# B-->A
30364:  3# C-->B
30365:  1# A-->C
30366:  2# A-->B
30367:  1# C-->B
30368:  6# C-->A
30369:  1# B-->A
30370:  2# B-->C
30371:  1# A-->C
30372:  3# B-->A
30373:  1# C-->B
30374:  2# C-->A
30375:  1# B-->A
30376:  4# B-->C
30377:  1# A-->C
30378:  2# A-->B
30379:  1# C-->B
30380:  3# A-->C
30381:  1# B-->A
30382:  2# B-->C
30383:  1# A-->C
30384:  5# B-->A
30385:  1# C-->B
30386:  2# C-->A
30387:  1# B-->A
30388:  3# C-->B
30389:  1# A-->C
30390:  2# A-->B
30391:  1# C-->B
30392:  4# C-->A
30393:  1# B-->A
30394:  2# B-->C
30395:  1# A-->C
30396:  3# B-->A
30397:  1# C-->B
30398:  2# C-->A
30399:  1# B-->A
30400:  7# C-->B
30401:  1# A-->C
30402:  2# A-->B
30403:  1# C-->B
30404:  3# A-->C
30405:  1# B-->A
30406:  2# B-->C
30407:  1# A-->C
30408:  4# A-->B
30409:  1# C-->B
30410:  2# C-->A
30411:  1# B-->A
30412:  3# C-->B
30413:  1# A-->C
30414:  2# A-->B
30415:  1# C-->B
30416:  5# A-->C
30417:  1# B-->A
30418:  2# B-->C
30419:  1# A-->C
30420:  3# B-->A
30421:  1# C-->B
30422:  2# C-->A
30423:  1# B-->A
30424:  4# B-->C
30425:  1# A-->C
30426:  2# A-->B
30427:  1# C-->B
30428:  3# A-->C
30429:  1# B-->A
30430:  2# B-->C
30431:  1# A-->C
30432:  6# A-->B
30433:  1# C-->B
30434:  2# C-->A
30435:  1# B-->A
30436:  3# C-->B
30437:  1# A-->C
30438:  2# A-->B
30439:  1# C-->B
30440:  4# C-->A
30441:  1# B-->A
30442:  2# B-->C
30443:  1# A-->C
30444:  3# B-->A
30445:  1# C-->B
30446:  2# C-->A
30447:  1# B-->A
30448:  5# C-->B
30449:  1# A-->C
30450:  2# A-->B
30451:  1# C-->B
30452:  3# A-->C
30453:  1# B-->A
30454:  2# B-->C
30455:  1# A-->C
30456:  4# A-->B
30457:  1# C-->B
30458:  2# C-->A
30459:  1# B-->A
30460:  3# C-->B
30461:  1# A-->C
30462:  2# A-->B
30463:  1# C-->B
30464:  9# A-->C
30465:  1# B-->A
30466:  2# B-->C
30467:  1# A-->C
30468:  3# B-->A
30469:  1# C-->B
30470:  2# C-->A
30471:  1# B-->A
30472:  4# B-->C
30473:  1# A-->C
30474:  2# A-->B
30475:  1# C-->B
30476:  3# A-->C
30477:  1# B-->A
30478:  2# B-->C
30479:  1# A-->C
30480:  5# B-->A
30481:  1# C-->B
30482:  2# C-->A
30483:  1# B-->A
30484:  3# C-->B
30485:  1# A-->C
30486:  2# A-->B
30487:  1# C-->B
30488:  4# C-->A
30489:  1# B-->A
30490:  2# B-->C
30491:  1# A-->C
30492:  3# B-->A
30493:  1# C-->B
30494:  2# C-->A
30495:  1# B-->A
30496:  6# B-->C
30497:  1# A-->C
30498:  2# A-->B
30499:  1# C-->B
30500:  3# A-->C
30501:  1# B-->A
30502:  2# B-->C
30503:  1# A-->C
30504:  4# A-->B
30505:  1# C-->B
30506:  2# C-->A
30507:  1# B-->A
30508:  3# C-->B
30509:  1# A-->C
30510:  2# A-->B
30511:  1# C-->B
30512:  5# A-->C
30513:  1# B-->A
30514:  2# B-->C
30515:  1# A-->C
30516:  3# B-->A
30517:  1# C-->B
30518:  2# C-->A
30519:  1# B-->A
30520:  4# B-->C
30521:  1# A-->C
30522:  2# A-->B
30523:  1# C-->B
30524:  3# A-->C
30525:  1# B-->A
30526:  2# B-->C
30527:  1# A-->C
30528:  7# B-->A
30529:  1# C-->B
30530:  2# C-->A
30531:  1# B-->A
30532:  3# C-->B
30533:  1# A-->C
30534:  2# A-->B
30535:  1# C-->B
30536:  4# C-->A
30537:  1# B-->A
30538:  2# B-->C
30539:  1# A-->C
30540:  3# B-->A
30541:  1# C-->B
30542:  2# C-->A
30543:  1# B-->A
30544:  5# C-->B
30545:  1# A-->C
30546:  2# A-->B
30547:  1# C-->B
30548:  3# A-->C
30549:  1# B-->A
30550:  2# B-->C
30551:  1# A-->C
30552:  4# A-->B
30553:  1# C-->B
30554:  2# C-->A
30555:  1# B-->A
30556:  3# C-->B
30557:  1# A-->C
30558:  2# A-->B
30559:  1# C-->B
30560:  6# C-->A
30561:  1# B-->A
30562:  2# B-->C
30563:  1# A-->C
30564:  3# B-->A
30565:  1# C-->B
30566:  2# C-->A
30567:  1# B-->A
30568:  4# B-->C
30569:  1# A-->C
30570:  2# A-->B
30571:  1# C-->B
30572:  3# A-->C
30573:  1# B-->A
30574:  2# B-->C
30575:  1# A-->C
30576:  5# B-->A
30577:  1# C-->B
30578:  2# C-->A
30579:  1# B-->A
30580:  3# C-->B
30581:  1# A-->C
30582:  2# A-->B
30583:  1# C-->B
30584:  4# C-->A
30585:  1# B-->A
30586:  2# B-->C
30587:  1# A-->C
30588:  3# B-->A
30589:  1# C-->B
30590:  2# C-->A
30591:  1# B-->A
30592:  8# B-->C
30593:  1# A-->C
30594:  2# A-->B
30595:  1# C-->B
30596:  3# A-->C
30597:  1# B-->A
30598:  2# B-->C
30599:  1# A-->C
30600:  4# A-->B
30601:  1# C-->B
30602:  2# C-->A
30603:  1# B-->A
30604:  3# C-->B
30605:  1# A-->C
30606:  2# A-->B
30607:  1# C-->B
30608:  5# A-->C
30609:  1# B-->A
30610:  2# B-->C
30611:  1# A-->C
30612:  3# B-->A
30613:  1# C-->B
30614:  2# C-->A
30615:  1# B-->A
30616:  4# B-->C
30617:  1# A-->C
30618:  2# A-->B
30619:  1# C-->B
30620:  3# A-->C
30621:  1# B-->A
30622:  2# B-->C
30623:  1# A-->C
30624:  6# A-->B
30625:  1# C-->B
30626:  2# C-->A
30627:  1# B-->A
30628:  3# C-->B
30629:  1# A-->C
30630:  2# A-->B
30631:  1# C-->B
30632:  4# C-->A
30633:  1# B-->A
30634:  2# B-->C
30635:  1# A-->C
30636:  3# B-->A
30637:  1# C-->B
30638:  2# C-->A
30639:  1# B-->A
30640:  5# C-->B
30641:  1# A-->C
30642:  2# A-->B
30643:  1# C-->B
30644:  3# A-->C
30645:  1# B-->A
30646:  2# B-->C
30647:  1# A-->C
30648:  4# A-->B
30649:  1# C-->B
30650:  2# C-->A
30651:  1# B-->A
30652:  3# C-->B
30653:  1# A-->C
30654:  2# A-->B
30655:  1# C-->B
30656:  7# A-->C
30657:  1# B-->A
30658:  2# B-->C
30659:  1# A-->C
30660:  3# B-->A
30661:  1# C-->B
30662:  2# C-->A
30663:  1# B-->A
30664:  4# B-->C
30665:  1# A-->C
30666:  2# A-->B
30667:  1# C-->B
30668:  3# A-->C
30669:  1# B-->A
30670:  2# B-->C
30671:  1# A-->C
30672:  5# B-->A
30673:  1# C-->B
30674:  2# C-->A
30675:  1# B-->A
30676:  3# C-->B
30677:  1# A-->C
30678:  2# A-->B
30679:  1# C-->B
30680:  4# C-->A
30681:  1# B-->A
30682:  2# B-->C
30683:  1# A-->C
30684:  3# B-->A
30685:  1# C-->B
30686:  2# C-->A
30687:  1# B-->A
30688:  6# B-->C
30689:  1# A-->C
30690:  2# A-->B
30691:  1# C-->B
30692:  3# A-->C
30693:  1# B-->A
30694:  2# B-->C
30695:  1# A-->C
30696:  4# A-->B
30697:  1# C-->B
30698:  2# C-->A
30699:  1# B-->A
30700:  3# C-->B
30701:  1# A-->C
30702:  2# A-->B
30703:  1# C-->B
30704:  5# A-->C
30705:  1# B-->A
30706:  2# B-->C
30707:  1# A-->C
30708:  3# B-->A
30709:  1# C-->B
30710:  2# C-->A
30711:  1# B-->A
30712:  4# B-->C
30713:  1# A-->C
30714:  2# A-->B
30715:  1# C-->B
30716:  3# A-->C
30717:  1# B-->A
30718:  2# B-->C
30719:  1# A-->C
30720: 12# A-->B
30721:  1# C-->B
30722:  2# C-->A
30723:  1# B-->A
30724:  3# C-->B
30725:  1# A-->C
30726:  2# A-->B
30727:  1# C-->B
30728:  4# C-->A
30729:  1# B-->A
30730:  2# B-->C
30731:  1# A-->C
30732:  3# B-->A
30733:  1# C-->B
30734:  2# C-->A
30735:  1# B-->A
30736:  5# C-->B
30737:  1# A-->C
30738:  2# A-->B
30739:  1# C-->B
30740:  3# A-->C
30741:  1# B-->A
30742:  2# B-->C
30743:  1# A-->C
30744:  4# A-->B
30745:  1# C-->B
30746:  2# C-->A
30747:  1# B-->A
30748:  3# C-->B
30749:  1# A-->C
30750:  2# A-->B
30751:  1# C-->B
30752:  6# C-->A
30753:  1# B-->A
30754:  2# B-->C
30755:  1# A-->C
30756:  3# B-->A
30757:  1# C-->B
30758:  2# C-->A
30759:  1# B-->A
30760:  4# B-->C
30761:  1# A-->C
30762:  2# A-->B
30763:  1# C-->B
30764:  3# A-->C
30765:  1# B-->A
30766:  2# B-->C
30767:  1# A-->C
30768:  5# B-->A
30769:  1# C-->B
30770:  2# C-->A
30771:  1# B-->A
30772:  3# C-->B
30773:  1# A-->C
30774:  2# A-->B
30775:  1# C-->B
30776:  4# C-->A
30777:  1# B-->A
30778:  2# B-->C
30779:  1# A-->C
30780:  3# B-->A
30781:  1# C-->B
30782:  2# C-->A
30783:  1# B-->A
30784:  7# C-->B
30785:  1# A-->C
30786:  2# A-->B
30787:  1# C-->B
30788:  3# A-->C
30789:  1# B-->A
30790:  2# B-->C
30791:  1# A-->C
30792:  4# A-->B
30793:  1# C-->B
30794:  2# C-->A
30795:  1# B-->A
30796:  3# C-->B
30797:  1# A-->C
30798:  2# A-->B
30799:  1# C-->B
30800:  5# A-->C
30801:  1# B-->A
30802:  2# B-->C
30803:  1# A-->C
30804:  3# B-->A
30805:  1# C-->B
30806:  2# C-->A
30807:  1# B-->A
30808:  4# B-->C
30809:  1# A-->C
30810:  2# A-->B
30811:  1# C-->B
30812:  3# A-->C
30813:  1# B-->A
30814:  2# B-->C
30815:  1# A-->C
30816:  6# A-->B
30817:  1# C-->B
30818:  2# C-->A
30819:  1# B-->A
30820:  3# C-->B
30821:  1# A-->C
30822:  2# A-->B
30823:  1# C-->B
30824:  4# C-->A
30825:  1# B-->A
30826:  2# B-->C
30827:  1# A-->C
30828:  3# B-->A
30829:  1# C-->B
30830:  2# C-->A
30831:  1# B-->A
30832:  5# C-->B
30833:  1# A-->C
30834:  2# A-->B
30835:  1# C-->B
30836:  3# A-->C
30837:  1# B-->A
30838:  2# B-->C
30839:  1# A-->C
30840:  4# A-->B
30841:  1# C-->B
30842:  2# C-->A
30843:  1# B-->A
30844:  3# C-->B
30845:  1# A-->C
30846:  2# A-->B
30847:  1# C-->B
30848:  8# C-->A
30849:  1# B-->A
30850:  2# B-->C
30851:  1# A-->C
30852:  3# B-->A
30853:  1# C-->B
30854:  2# C-->A
30855:  1# B-->A
30856:  4# B-->C
30857:  1# A-->C
30858:  2# A-->B
30859:  1# C-->B
30860:  3# A-->C
30861:  1# B-->A
30862:  2# B-->C
30863:  1# A-->C
30864:  5# B-->A
30865:  1# C-->B
30866:  2# C-->A
30867:  1# B-->A
30868:  3# C-->B
30869:  1# A-->C
30870:  2# A-->B
30871:  1# C-->B
30872:  4# C-->A
30873:  1# B-->A
30874:  2# B-->C
30875:  1# A-->C
30876:  3# B-->A
30877:  1# C-->B
30878:  2# C-->A
30879:  1# B-->A
30880:  6# B-->C
30881:  1# A-->C
30882:  2# A-->B
30883:  1# C-->B
30884:  3# A-->C
30885:  1# B-->A
30886:  2# B-->C
30887:  1# A-->C
30888:  4# A-->B
30889:  1# C-->B
30890:  2# C-->A
30891:  1# B-->A
30892:  3# C-->B
30893:  1# A-->C
30894:  2# A-->B
30895:  1# C-->B
30896:  5# A-->C
30897:  1# B-->A
30898:  2# B-->C
30899:  1# A-->C
30900:  3# B-->A
30901:  1# C-->B
30902:  2# C-->A
30903:  1# B-->A
30904:  4# B-->C
30905:  1# A-->C
30906:  2# A-->B
30907:  1# C-->B
30908:  3# A-->C
30909:  1# B-->A
30910:  2# B-->C
30911:  1# A-->C
30912:  7# B-->A
30913:  1# C-->B
30914:  2# C-->A
30915:  1# B-->A
30916:  3# C-->B
30917:  1# A-->C
30918:  2# A-->B
30919:  1# C-->B
30920:  4# C-->A
30921:  1# B-->A
30922:  2# B-->C
30923:  1# A-->C
30924:  3# B-->A
30925:  1# C-->B
30926:  2# C-->A
30927:  1# B-->A
30928:  5# C-->B
30929:  1# A-->C
30930:  2# A-->B
30931:  1# C-->B
30932:  3# A-->C
30933:  1# B-->A
30934:  2# B-->C
30935:  1# A-->C
30936:  4# A-->B
30937:  1# C-->B
30938:  2# C-->A
30939:  1# B-->A
30940:  3# C-->B
30941:  1# A-->C
30942:  2# A-->B
30943:  1# C-->B
30944:  6# C-->A
30945:  1# B-->A
30946:  2# B-->C
30947:  1# A-->C
30948:  3# B-->A
30949:  1# C-->B
30950:  2# C-->A
30951:  1# B-->A
30952:  4# B-->C
30953:  1# A-->C
30954:  2# A-->B
30955:  1# C-->B
30956:  3# A-->C
30957:  1# B-->A
30958:  2# B-->C
30959:  1# A-->C
30960:  5# B-->A
30961:  1# C-->B
30962:  2# C-->A
30963:  1# B-->A
30964:  3# C-->B
30965:  1# A-->C
30966:  2# A-->B
30967:  1# C-->B
30968:  4# C-->A
30969:  1# B-->A
30970:  2# B-->C
30971:  1# A-->C
30972:  3# B-->A
30973:  1# C-->B
30974:  2# C-->A
30975:  1# B-->A
30976:  9# C-->B
30977:  1# A-->C
30978:  2# A-->B
30979:  1# C-->B
30980:  3# A-->C
30981:  1# B-->A
30982:  2# B-->C
30983:  1# A-->C
30984:  4# A-->B
30985:  1# C-->B
30986:  2# C-->A
30987:  1# B-->A
30988:  3# C-->B
30989:  1# A-->C
30990:  2# A-->B
30991:  1# C-->B
30992:  5# A-->C
30993:  1# B-->A
30994:  2# B-->C
30995:  1# A-->C
30996:  3# B-->A
30997:  1# C-->B
30998:  2# C-->A
30999:  1# B-->A
31000:  4# B-->C
31001:  1# A-->C
31002:  2# A-->B
31003:  1# C-->B
31004:  3# A-->C
31005:  1# B-->A
31006:  2# B-->C
31007:  1# A-->C
31008:  6# A-->B
31009:  1# C-->B
31010:  2# C-->A
31011:  1# B-->A
31012:  3# C-->B
31013:  1# A-->C
31014:  2# A-->B
31015:  1# C-->B
31016:  4# C-->A
31017:  1# B-->A
31018:  2# B-->C
31019:  1# A-->C
31020:  3# B-->A
31021:  1# C-->B
31022:  2# C-->A
31023:  1# B-->A
31024:  5# C-->B
31025:  1# A-->C
31026:  2# A-->B
31027:  1# C-->B
31028:  3# A-->C
31029:  1# B-->A
31030:  2# B-->C
31031:  1# A-->C
31032:  4# A-->B
31033:  1# C-->B
31034:  2# C-->A
31035:  1# B-->A
31036:  3# C-->B
31037:  1# A-->C
31038:  2# A-->B
31039:  1# C-->B
31040:  7# A-->C
31041:  1# B-->A
31042:  2# B-->C
31043:  1# A-->C
31044:  3# B-->A
31045:  1# C-->B
31046:  2# C-->A
31047:  1# B-->A
31048:  4# B-->C
31049:  1# A-->C
31050:  2# A-->B
31051:  1# C-->B
31052:  3# A-->C
31053:  1# B-->A
31054:  2# B-->C
31055:  1# A-->C
31056:  5# B-->A
31057:  1# C-->B
31058:  2# C-->A
31059:  1# B-->A
31060:  3# C-->B
31061:  1# A-->C
31062:  2# A-->B
31063:  1# C-->B
31064:  4# C-->A
31065:  1# B-->A
31066:  2# B-->C
31067:  1# A-->C
31068:  3# B-->A
31069:  1# C-->B
31070:  2# C-->A
31071:  1# B-->A
31072:  6# B-->C
31073:  1# A-->C
31074:  2# A-->B
31075:  1# C-->B
31076:  3# A-->C
31077:  1# B-->A
31078:  2# B-->C
31079:  1# A-->C
31080:  4# A-->B
31081:  1# C-->B
31082:  2# C-->A
31083:  1# B-->A
31084:  3# C-->B
31085:  1# A-->C
31086:  2# A-->B
31087:  1# C-->B
31088:  5# A-->C
31089:  1# B-->A
31090:  2# B-->C
31091:  1# A-->C
31092:  3# B-->A
31093:  1# C-->B
31094:  2# C-->A
31095:  1# B-->A
31096:  4# B-->C
31097:  1# A-->C
31098:  2# A-->B
31099:  1# C-->B
31100:  3# A-->C
31101:  1# B-->A
31102:  2# B-->C
31103:  1# A-->C
31104:  8# A-->B
31105:  1# C-->B
31106:  2# C-->A
31107:  1# B-->A
31108:  3# C-->B
31109:  1# A-->C
31110:  2# A-->B
31111:  1# C-->B
31112:  4# C-->A
31113:  1# B-->A
31114:  2# B-->C
31115:  1# A-->C
31116:  3# B-->A
31117:  1# C-->B
31118:  2# C-->A
31119:  1# B-->A
31120:  5# C-->B
31121:  1# A-->C
31122:  2# A-->B
31123:  1# C-->B
31124:  3# A-->C
31125:  1# B-->A
31126:  2# B-->C
31127:  1# A-->C
31128:  4# A-->B
31129:  1# C-->B
31130:  2# C-->A
31131:  1# B-->A
31132:  3# C-->B
31133:  1# A-->C
31134:  2# A-->B
31135:  1# C-->B
31136:  6# C-->A
31137:  1# B-->A
31138:  2# B-->C
31139:  1# A-->C
31140:  3# B-->A
31141:  1# C-->B
31142:  2# C-->A
31143:  1# B-->A
31144:  4# B-->C
31145:  1# A-->C
31146:  2# A-->B
31147:  1# C-->B
31148:  3# A-->C
31149:  1# B-->A
31150:  2# B-->C
31151:  1# A-->C
31152:  5# B-->A
31153:  1# C-->B
31154:  2# C-->A
31155:  1# B-->A
31156:  3# C-->B
31157:  1# A-->C
31158:  2# A-->B
31159:  1# C-->B
31160:  4# C-->A
31161:  1# B-->A
31162:  2# B-->C
31163:  1# A-->C
31164:  3# B-->A
31165:  1# C-->B
31166:  2# C-->A
31167:  1# B-->A
31168:  7# C-->B
31169:  1# A-->C
31170:  2# A-->B
31171:  1# C-->B
31172:  3# A-->C
31173:  1# B-->A
31174:  2# B-->C
31175:  1# A-->C
31176:  4# A-->B
31177:  1# C-->B
31178:  2# C-->A
31179:  1# B-->A
31180:  3# C-->B
31181:  1# A-->C
31182:  2# A-->B
31183:  1# C-->B
31184:  5# A-->C
31185:  1# B-->A
31186:  2# B-->C
31187:  1# A-->C
31188:  3# B-->A
31189:  1# C-->B
31190:  2# C-->A
31191:  1# B-->A
31192:  4# B-->C
31193:  1# A-->C
31194:  2# A-->B
31195:  1# C-->B
31196:  3# A-->C
31197:  1# B-->A
31198:  2# B-->C
31199:  1# A-->C
31200:  6# A-->B
31201:  1# C-->B
31202:  2# C-->A
31203:  1# B-->A
31204:  3# C-->B
31205:  1# A-->C
31206:  2# A-->B
31207:  1# C-->B
31208:  4# C-->A
31209:  1# B-->A
31210:  2# B-->C
31211:  1# A-->C
31212:  3# B-->A
31213:  1# C-->B
31214:  2# C-->A
31215:  1# B-->A
31216:  5# C-->B
31217:  1# A-->C
31218:  2# A-->B
31219:  1# C-->B
31220:  3# A-->C
31221:  1# B-->A
31222:  2# B-->C
31223:  1# A-->C
31224:  4# A-->B
31225:  1# C-->B
31226:  2# C-->A
31227:  1# B-->A
31228:  3# C-->B
31229:  1# A-->C
31230:  2# A-->B
31231:  1# C-->B
31232: 10# C-->A
31233:  1# B-->A
31234:  2# B-->C
31235:  1# A-->C
31236:  3# B-->A
31237:  1# C-->B
31238:  2# C-->A
31239:  1# B-->A
31240:  4# B-->C
31241:  1# A-->C
31242:  2# A-->B
31243:  1# C-->B
31244:  3# A-->C
31245:  1# B-->A
31246:  2# B-->C
31247:  1# A-->C
31248:  5# B-->A
31249:  1# C-->B
31250:  2# C-->A
31251:  1# B-->A
31252:  3# C-->B
31253:  1# A-->C
31254:  2# A-->B
31255:  1# C-->B
31256:  4# C-->A
31257:  1# B-->A
31258:  2# B-->C
31259:  1# A-->C
31260:  3# B-->A
31261:  1# C-->B
31262:  2# C-->A
31263:  1# B-->A
31264:  6# B-->C
31265:  1# A-->C
31266:  2# A-->B
31267:  1# C-->B
31268:  3# A-->C
31269:  1# B-->A
31270:  2# B-->C
31271:  1# A-->C
31272:  4# A-->B
31273:  1# C-->B
31274:  2# C-->A
31275:  1# B-->A
31276:  3# C-->B
31277:  1# A-->C
31278:  2# A-->B
31279:  1# C-->B
31280:  5# A-->C
31281:  1# B-->A
31282:  2# B-->C
31283:  1# A-->C
31284:  3# B-->A
31285:  1# C-->B
31286:  2# C-->A
31287:  1# B-->A
31288:  4# B-->C
31289:  1# A-->C
31290:  2# A-->B
31291:  1# C-->B
31292:  3# A-->C
31293:  1# B-->A
31294:  2# B-->C
31295:  1# A-->C
31296:  7# B-->A
31297:  1# C-->B
31298:  2# C-->A
31299:  1# B-->A
31300:  3# C-->B
31301:  1# A-->C
31302:  2# A-->B
31303:  1# C-->B
31304:  4# C-->A
31305:  1# B-->A
31306:  2# B-->C
31307:  1# A-->C
31308:  3# B-->A
31309:  1# C-->B
31310:  2# C-->A
31311:  1# B-->A
31312:  5# C-->B
31313:  1# A-->C
31314:  2# A-->B
31315:  1# C-->B
31316:  3# A-->C
31317:  1# B-->A
31318:  2# B-->C
31319:  1# A-->C
31320:  4# A-->B
31321:  1# C-->B
31322:  2# C-->A
31323:  1# B-->A
31324:  3# C-->B
31325:  1# A-->C
31326:  2# A-->B
31327:  1# C-->B
31328:  6# C-->A
31329:  1# B-->A
31330:  2# B-->C
31331:  1# A-->C
31332:  3# B-->A
31333:  1# C-->B
31334:  2# C-->A
31335:  1# B-->A
31336:  4# B-->C
31337:  1# A-->C
31338:  2# A-->B
31339:  1# C-->B
31340:  3# A-->C
31341:  1# B-->A
31342:  2# B-->C
31343:  1# A-->C
31344:  5# B-->A
31345:  1# C-->B
31346:  2# C-->A
31347:  1# B-->A
31348:  3# C-->B
31349:  1# A-->C
31350:  2# A-->B
31351:  1# C-->B
31352:  4# C-->A
31353:  1# B-->A
31354:  2# B-->C
31355:  1# A-->C
31356:  3# B-->A
31357:  1# C-->B
31358:  2# C-->A
31359:  1# B-->A
31360:  8# B-->C
31361:  1# A-->C
31362:  2# A-->B
31363:  1# C-->B
31364:  3# A-->C
31365:  1# B-->A
31366:  2# B-->C
31367:  1# A-->C
31368:  4# A-->B
31369:  1# C-->B
31370:  2# C-->A
31371:  1# B-->A
31372:  3# C-->B
31373:  1# A-->C
31374:  2# A-->B
31375:  1# C-->B
31376:  5# A-->C
31377:  1# B-->A
31378:  2# B-->C
31379:  1# A-->C
31380:  3# B-->A
31381:  1# C-->B
31382:  2# C-->A
31383:  1# B-->A
31384:  4# B-->C
31385:  1# A-->C
31386:  2# A-->B
31387:  1# C-->B
31388:  3# A-->C
31389:  1# B-->A
31390:  2# B-->C
31391:  1# A-->C
31392:  6# A-->B
31393:  1# C-->B
31394:  2# C-->A
31395:  1# B-->A
31396:  3# C-->B
31397:  1# A-->C
31398:  2# A-->B
31399:  1# C-->B
31400:  4# C-->A
31401:  1# B-->A
31402:  2# B-->C
31403:  1# A-->C
31404:  3# B-->A
31405:  1# C-->B
31406:  2# C-->A
31407:  1# B-->A
31408:  5# C-->B
31409:  1# A-->C
31410:  2# A-->B
31411:  1# C-->B
31412:  3# A-->C
31413:  1# B-->A
31414:  2# B-->C
31415:  1# A-->C
31416:  4# A-->B
31417:  1# C-->B
31418:  2# C-->A
31419:  1# B-->A
31420:  3# C-->B
31421:  1# A-->C
31422:  2# A-->B
31423:  1# C-->B
31424:  7# A-->C
31425:  1# B-->A
31426:  2# B-->C
31427:  1# A-->C
31428:  3# B-->A
31429:  1# C-->B
31430:  2# C-->A
31431:  1# B-->A
31432:  4# B-->C
31433:  1# A-->C
31434:  2# A-->B
31435:  1# C-->B
31436:  3# A-->C
31437:  1# B-->A
31438:  2# B-->C
31439:  1# A-->C
31440:  5# B-->A
31441:  1# C-->B
31442:  2# C-->A
31443:  1# B-->A
31444:  3# C-->B
31445:  1# A-->C
31446:  2# A-->B
31447:  1# C-->B
31448:  4# C-->A
31449:  1# B-->A
31450:  2# B-->C
31451:  1# A-->C
31452:  3# B-->A
31453:  1# C-->B
31454:  2# C-->A
31455:  1# B-->A
31456:  6# B-->C
31457:  1# A-->C
31458:  2# A-->B
31459:  1# C-->B
31460:  3# A-->C
31461:  1# B-->A
31462:  2# B-->C
31463:  1# A-->C
31464:  4# A-->B
31465:  1# C-->B
31466:  2# C-->A
31467:  1# B-->A
31468:  3# C-->B
31469:  1# A-->C
31470:  2# A-->B
31471:  1# C-->B
31472:  5# A-->C
31473:  1# B-->A
31474:  2# B-->C
31475:  1# A-->C
31476:  3# B-->A
31477:  1# C-->B
31478:  2# C-->A
31479:  1# B-->A
31480:  4# B-->C
31481:  1# A-->C
31482:  2# A-->B
31483:  1# C-->B
31484:  3# A-->C
31485:  1# B-->A
31486:  2# B-->C
31487:  1# A-->C
31488:  9# B-->A
31489:  1# C-->B
31490:  2# C-->A
31491:  1# B-->A
31492:  3# C-->B
31493:  1# A-->C
31494:  2# A-->B
31495:  1# C-->B
31496:  4# C-->A
31497:  1# B-->A
31498:  2# B-->C
31499:  1# A-->C
31500:  3# B-->A
31501:  1# C-->B
31502:  2# C-->A
31503:  1# B-->A
31504:  5# C-->B
31505:  1# A-->C
31506:  2# A-->B
31507:  1# C-->B
31508:  3# A-->C
31509:  1# B-->A
31510:  2# B-->C
31511:  1# A-->C
31512:  4# A-->B
31513:  1# C-->B
31514:  2# C-->A
31515:  1# B-->A
31516:  3# C-->B
31517:  1# A-->C
31518:  2# A-->B
31519:  1# C-->B
31520:  6# C-->A
31521:  1# B-->A
31522:  2# B-->C
31523:  1# A-->C
31524:  3# B-->A
31525:  1# C-->B
31526:  2# C-->A
31527:  1# B-->A
31528:  4# B-->C
31529:  1# A-->C
31530:  2# A-->B
31531:  1# C-->B
31532:  3# A-->C
31533:  1# B-->A
31534:  2# B-->C
31535:  1# A-->C
31536:  5# B-->A
31537:  1# C-->B
31538:  2# C-->A
31539:  1# B-->A
31540:  3# C-->B
31541:  1# A-->C
31542:  2# A-->B
31543:  1# C-->B
31544:  4# C-->A
31545:  1# B-->A
31546:  2# B-->C
31547:  1# A-->C
31548:  3# B-->A
31549:  1# C-->B
31550:  2# C-->A
31551:  1# B-->A
31552:  7# C-->B
31553:  1# A-->C
31554:  2# A-->B
31555:  1# C-->B
31556:  3# A-->C
31557:  1# B-->A
31558:  2# B-->C
31559:  1# A-->C
31560:  4# A-->B
31561:  1# C-->B
31562:  2# C-->A
31563:  1# B-->A
31564:  3# C-->B
31565:  1# A-->C
31566:  2# A-->B
31567:  1# C-->B
31568:  5# A-->C
31569:  1# B-->A
31570:  2# B-->C
31571:  1# A-->C
31572:  3# B-->A
31573:  1# C-->B
31574:  2# C-->A
31575:  1# B-->A
31576:  4# B-->C
31577:  1# A-->C
31578:  2# A-->B
31579:  1# C-->B
31580:  3# A-->C
31581:  1# B-->A
31582:  2# B-->C
31583:  1# A-->C
31584:  6# A-->B
31585:  1# C-->B
31586:  2# C-->A
31587:  1# B-->A
31588:  3# C-->B
31589:  1# A-->C
31590:  2# A-->B
31591:  1# C-->B
31592:  4# C-->A
31593:  1# B-->A
31594:  2# B-->C
31595:  1# A-->C
31596:  3# B-->A
31597:  1# C-->B
31598:  2# C-->A
31599:  1# B-->A
31600:  5# C-->B
31601:  1# A-->C
31602:  2# A-->B
31603:  1# C-->B
31604:  3# A-->C
31605:  1# B-->A
31606:  2# B-->C
31607:  1# A-->C
31608:  4# A-->B
31609:  1# C-->B
31610:  2# C-->A
31611:  1# B-->A
31612:  3# C-->B
31613:  1# A-->C
31614:  2# A-->B
31615:  1# C-->B
31616:  8# C-->A
31617:  1# B-->A
31618:  2# B-->C
31619:  1# A-->C
31620:  3# B-->A
31621:  1# C-->B
31622:  2# C-->A
31623:  1# B-->A
31624:  4# B-->C
31625:  1# A-->C
31626:  2# A-->B
31627:  1# C-->B
31628:  3# A-->C
31629:  1# B-->A
31630:  2# B-->C
31631:  1# A-->C
31632:  5# B-->A
31633:  1# C-->B
31634:  2# C-->A
31635:  1# B-->A
31636:  3# C-->B
31637:  1# A-->C
31638:  2# A-->B
31639:  1# C-->B
31640:  4# C-->A
31641:  1# B-->A
31642:  2# B-->C
31643:  1# A-->C
31644:  3# B-->A
31645:  1# C-->B
31646:  2# C-->A
31647:  1# B-->A
31648:  6# B-->C
31649:  1# A-->C
31650:  2# A-->B
31651:  1# C-->B
31652:  3# A-->C
31653:  1# B-->A
31654:  2# B-->C
31655:  1# A-->C
31656:  4# A-->B
31657:  1# C-->B
31658:  2# C-->A
31659:  1# B-->A
31660:  3# C-->B
31661:  1# A-->C
31662:  2# A-->B
31663:  1# C-->B
31664:  5# A-->C
31665:  1# B-->A
31666:  2# B-->C
31667:  1# A-->C
31668:  3# B-->A
31669:  1# C-->B
31670:  2# C-->A
31671:  1# B-->A
31672:  4# B-->C
31673:  1# A-->C
31674:  2# A-->B
31675:  1# C-->B
31676:  3# A-->C
31677:  1# B-->A
31678:  2# B-->C
31679:  1# A-->C
31680:  7# B-->A
31681:  1# C-->B
31682:  2# C-->A
31683:  1# B-->A
31684:  3# C-->B
31685:  1# A-->C
31686:  2# A-->B
31687:  1# C-->B
31688:  4# C-->A
31689:  1# B-->A
31690:  2# B-->C
31691:  1# A-->C
31692:  3# B-->A
31693:  1# C-->B
31694:  2# C-->A
31695:  1# B-->A
31696:  5# C-->B
31697:  1# A-->C
31698:  2# A-->B
31699:  1# C-->B
31700:  3# A-->C
31701:  1# B-->A
31702:  2# B-->C
31703:  1# A-->C
31704:  4# A-->B
31705:  1# C-->B
31706:  2# C-->A
31707:  1# B-->A
31708:  3# C-->B
31709:  1# A-->C
31710:  2# A-->B
31711:  1# C-->B
31712:  6# C-->A
31713:  1# B-->A
31714:  2# B-->C
31715:  1# A-->C
31716:  3# B-->A
31717:  1# C-->B
31718:  2# C-->A
31719:  1# B-->A
31720:  4# B-->C
31721:  1# A-->C
31722:  2# A-->B
31723:  1# C-->B
31724:  3# A-->C
31725:  1# B-->A
31726:  2# B-->C
31727:  1# A-->C
31728:  5# B-->A
31729:  1# C-->B
31730:  2# C-->A
31731:  1# B-->A
31732:  3# C-->B
31733:  1# A-->C
31734:  2# A-->B
31735:  1# C-->B
31736:  4# C-->A
31737:  1# B-->A
31738:  2# B-->C
31739:  1# A-->C
31740:  3# B-->A
31741:  1# C-->B
31742:  2# C-->A
31743:  1# B-->A
31744: 11# C-->B
31745:  1# A-->C
31746:  2# A-->B
31747:  1# C-->B
31748:  3# A-->C
31749:  1# B-->A
31750:  2# B-->C
31751:  1# A-->C
31752:  4# A-->B
31753:  1# C-->B
31754:  2# C-->A
31755:  1# B-->A
31756:  3# C-->B
31757:  1# A-->C
31758:  2# A-->B
31759:  1# C-->B
31760:  5# A-->C
31761:  1# B-->A
31762:  2# B-->C
31763:  1# A-->C
31764:  3# B-->A
31765:  1# C-->B
31766:  2# C-->A
31767:  1# B-->A
31768:  4# B-->C
31769:  1# A-->C
31770:  2# A-->B
31771:  1# C-->B
31772:  3# A-->C
31773:  1# B-->A
31774:  2# B-->C
31775:  1# A-->C
31776:  6# A-->B
31777:  1# C-->B
31778:  2# C-->A
31779:  1# B-->A
31780:  3# C-->B
31781:  1# A-->C
31782:  2# A-->B
31783:  1# C-->B
31784:  4# C-->A
31785:  1# B-->A
31786:  2# B-->C
31787:  1# A-->C
31788:  3# B-->A
31789:  1# C-->B
31790:  2# C-->A
31791:  1# B-->A
31792:  5# C-->B
31793:  1# A-->C
31794:  2# A-->B
31795:  1# C-->B
31796:  3# A-->C
31797:  1# B-->A
31798:  2# B-->C
31799:  1# A-->C
31800:  4# A-->B
31801:  1# C-->B
31802:  2# C-->A
31803:  1# B-->A
31804:  3# C-->B
31805:  1# A-->C
31806:  2# A-->B
31807:  1# C-->B
31808:  7# A-->C
31809:  1# B-->A
31810:  2# B-->C
31811:  1# A-->C
31812:  3# B-->A
31813:  1# C-->B
31814:  2# C-->A
31815:  1# B-->A
31816:  4# B-->C
31817:  1# A-->C
31818:  2# A-->B
31819:  1# C-->B
31820:  3# A-->C
31821:  1# B-->A
31822:  2# B-->C
31823:  1# A-->C
31824:  5# B-->A
31825:  1# C-->B
31826:  2# C-->A
31827:  1# B-->A
31828:  3# C-->B
31829:  1# A-->C
31830:  2# A-->B
31831:  1# C-->B
31832:  4# C-->A
31833:  1# B-->A
31834:  2# B-->C
31835:  1# A-->C
31836:  3# B-->A
31837:  1# C-->B
31838:  2# C-->A
31839:  1# B-->A
31840:  6# B-->C
31841:  1# A-->C
31842:  2# A-->B
31843:  1# C-->B
31844:  3# A-->C
31845:  1# B-->A
31846:  2# B-->C
31847:  1# A-->C
31848:  4# A-->B
31849:  1# C-->B
31850:  2# C-->A
31851:  1# B-->A
31852:  3# C-->B
31853:  1# A-->C
31854:  2# A-->B
31855:  1# C-->B
31856:  5# A-->C
31857:  1# B-->A
31858:  2# B-->C
31859:  1# A-->C
31860:  3# B-->A
31861:  1# C-->B
31862:  2# C-->A
31863:  1# B-->A
31864:  4# B-->C
31865:  1# A-->C
31866:  2# A-->B
31867:  1# C-->B
31868:  3# A-->C
31869:  1# B-->A
31870:  2# B-->C
31871:  1# A-->C
31872:  8# A-->B
31873:  1# C-->B
31874:  2# C-->A
31875:  1# B-->A
31876:  3# C-->B
31877:  1# A-->C
31878:  2# A-->B
31879:  1# C-->B
31880:  4# C-->A
31881:  1# B-->A
31882:  2# B-->C
31883:  1# A-->C
31884:  3# B-->A
31885:  1# C-->B
31886:  2# C-->A
31887:  1# B-->A
31888:  5# C-->B
31889:  1# A-->C
31890:  2# A-->B
31891:  1# C-->B
31892:  3# A-->C
31893:  1# B-->A
31894:  2# B-->C
31895:  1# A-->C
31896:  4# A-->B
31897:  1# C-->B
31898:  2# C-->A
31899:  1# B-->A
31900:  3# C-->B
31901:  1# A-->C
31902:  2# A-->B
31903:  1# C-->B
31904:  6# C-->A
31905:  1# B-->A
31906:  2# B-->C
31907:  1# A-->C
31908:  3# B-->A
31909:  1# C-->B
31910:  2# C-->A
31911:  1# B-->A
31912:  4# B-->C
31913:  1# A-->C
31914:  2# A-->B
31915:  1# C-->B
31916:  3# A-->C
31917:  1# B-->A
31918:  2# B-->C
31919:  1# A-->C
31920:  5# B-->A
31921:  1# C-->B
31922:  2# C-->A
31923:  1# B-->A
31924:  3# C-->B
31925:  1# A-->C
31926:  2# A-->B
31927:  1# C-->B
31928:  4# C-->A
31929:  1# B-->A
31930:  2# B-->C
31931:  1# A-->C
31932:  3# B-->A
31933:  1# C-->B
31934:  2# C-->A
31935:  1# B-->A
31936:  7# C-->B
31937:  1# A-->C
31938:  2# A-->B
31939:  1# C-->B
31940:  3# A-->C
31941:  1# B-->A
31942:  2# B-->C
31943:  1# A-->C
31944:  4# A-->B
31945:  1# C-->B
31946:  2# C-->A
31947:  1# B-->A
31948:  3# C-->B
31949:  1# A-->C
31950:  2# A-->B
31951:  1# C-->B
31952:  5# A-->C
31953:  1# B-->A
31954:  2# B-->C
31955:  1# A-->C
31956:  3# B-->A
31957:  1# C-->B
31958:  2# C-->A
31959:  1# B-->A
31960:  4# B-->C
31961:  1# A-->C
31962:  2# A-->B
31963:  1# C-->B
31964:  3# A-->C
31965:  1# B-->A
31966:  2# B-->C
31967:  1# A-->C
31968:  6# A-->B
31969:  1# C-->B
31970:  2# C-->A
31971:  1# B-->A
31972:  3# C-->B
31973:  1# A-->C
31974:  2# A-->B
31975:  1# C-->B
31976:  4# C-->A
31977:  1# B-->A
31978:  2# B-->C
31979:  1# A-->C
31980:  3# B-->A
31981:  1# C-->B
31982:  2# C-->A
31983:  1# B-->A
31984:  5# C-->B
31985:  1# A-->C
31986:  2# A-->B
31987:  1# C-->B
31988:  3# A-->C
31989:  1# B-->A
31990:  2# B-->C
31991:  1# A-->C
31992:  4# A-->B
31993:  1# C-->B
31994:  2# C-->A
31995:  1# B-->A
31996:  3# C-->B
31997:  1# A-->C
31998:  2# A-->B
31999:  1# C-->B
32000:  9# A-->C
32001:  1# B-->A
32002:  2# B-->C
32003:  1# A-->C
32004:  3# B-->A
32005:  1# C-->B
32006:  2# C-->A
32007:  1# B-->A
32008:  4# B-->C
32009:  1# A-->C
32010:  2# A-->B
32011:  1# C-->B
32012:  3# A-->C
32013:  1# B-->A
32014:  2# B-->C
32015:  1# A-->C
32016:  5# B-->A
32017:  1# C-->B
32018:  2# C-->A
32019:  1# B-->A
32020:  3# C-->B
32021:  1# A-->C
32022:  2# A-->B
32023:  1# C-->B
32024:  4# C-->A
32025:  1# B-->A
32026:  2# B-->C
32027:  1# A-->C
32028:  3# B-->A
32029:  1# C-->B
32030:  2# C-->A
32031:  1# B-->A
32032:  6# B-->C
32033:  1# A-->C
32034:  2# A-->B
32035:  1# C-->B
32036:  3# A-->C
32037:  1# B-->A
32038:  2# B-->C
32039:  1# A-->C
32040:  4# A-->B
32041:  1# C-->B
32042:  2# C-->A
32043:  1# B-->A
32044:  3# C-->B
32045:  1# A-->C
32046:  2# A-->B
32047:  1# C-->B
32048:  5# A-->C
32049:  1# B-->A
32050:  2# B-->C
32051:  1# A-->C
32052:  3# B-->A
32053:  1# C-->B
32054:  2# C-->A
32055:  1# B-->A
32056:  4# B-->C
32057:  1# A-->C
32058:  2# A-->B
32059:  1# C-->B
32060:  3# A-->C
32061:  1# B-->A
32062:  2# B-->C
32063:  1# A-->C
32064:  7# B-->A
32065:  1# C-->B
32066:  2# C-->A
32067:  1# B-->A
32068:  3# C-->B
32069:  1# A-->C
32070:  2# A-->B
32071:  1# C-->B
32072:  4# C-->A
32073:  1# B-->A
32074:  2# B-->C
32075:  1# A-->C
32076:  3# B-->A
32077:  1# C-->B
32078:  2# C-->A
32079:  1# B-->A
32080:  5# C-->B
32081:  1# A-->C
32082:  2# A-->B
32083:  1# C-->B
32084:  3# A-->C
32085:  1# B-->A
32086:  2# B-->C
32087:  1# A-->C
32088:  4# A-->B
32089:  1# C-->B
32090:  2# C-->A
32091:  1# B-->A
32092:  3# C-->B
32093:  1# A-->C
32094:  2# A-->B
32095:  1# C-->B
32096:  6# C-->A
32097:  1# B-->A
32098:  2# B-->C
32099:  1# A-->C
32100:  3# B-->A
32101:  1# C-->B
32102:  2# C-->A
32103:  1# B-->A
32104:  4# B-->C
32105:  1# A-->C
32106:  2# A-->B
32107:  1# C-->B
32108:  3# A-->C
32109:  1# B-->A
32110:  2# B-->C
32111:  1# A-->C
32112:  5# B-->A
32113:  1# C-->B
32114:  2# C-->A
32115:  1# B-->A
32116:  3# C-->B
32117:  1# A-->C
32118:  2# A-->B
32119:  1# C-->B
32120:  4# C-->A
32121:  1# B-->A
32122:  2# B-->C
32123:  1# A-->C
32124:  3# B-->A
32125:  1# C-->B
32126:  2# C-->A
32127:  1# B-->A
32128:  8# B-->C
32129:  1# A-->C
32130:  2# A-->B
32131:  1# C-->B
32132:  3# A-->C
32133:  1# B-->A
32134:  2# B-->C
32135:  1# A-->C
32136:  4# A-->B
32137:  1# C-->B
32138:  2# C-->A
32139:  1# B-->A
32140:  3# C-->B
32141:  1# A-->C
32142:  2# A-->B
32143:  1# C-->B
32144:  5# A-->C
32145:  1# B-->A
32146:  2# B-->C
32147:  1# A-->C
32148:  3# B-->A
32149:  1# C-->B
32150:  2# C-->A
32151:  1# B-->A
32152:  4# B-->C
32153:  1# A-->C
32154:  2# A-->B
32155:  1# C-->B
32156:  3# A-->C
32157:  1# B-->A
32158:  2# B-->C
32159:  1# A-->C
32160:  6# A-->B
32161:  1# C-->B
32162:  2# C-->A
32163:  1# B-->A
32164:  3# C-->B
32165:  1# A-->C
32166:  2# A-->B
32167:  1# C-->B
32168:  4# C-->A
32169:  1# B-->A
32170:  2# B-->C
32171:  1# A-->C
32172:  3# B-->A
32173:  1# C-->B
32174:  2# C-->A
32175:  1# B-->A
32176:  5# C-->B
32177:  1# A-->C
32178:  2# A-->B
32179:  1# C-->B
32180:  3# A-->C
32181:  1# B-->A
32182:  2# B-->C
32183:  1# A-->C
32184:  4# A-->B
32185:  1# C-->B
32186:  2# C-->A
32187:  1# B-->A
32188:  3# C-->B
32189:  1# A-->C
32190:  2# A-->B
32191:  1# C-->B
32192:  7# A-->C
32193:  1# B-->A
32194:  2# B-->C
32195:  1# A-->C
32196:  3# B-->A
32197:  1# C-->B
32198:  2# C-->A
32199:  1# B-->A
32200:  4# B-->C
32201:  1# A-->C
32202:  2# A-->B
32203:  1# C-->B
32204:  3# A-->C
32205:  1# B-->A
32206:  2# B-->C
32207:  1# A-->C
32208:  5# B-->A
32209:  1# C-->B
32210:  2# C-->A
32211:  1# B-->A
32212:  3# C-->B
32213:  1# A-->C
32214:  2# A-->B
32215:  1# C-->B
32216:  4# C-->A
32217:  1# B-->A
32218:  2# B-->C
32219:  1# A-->C
32220:  3# B-->A
32221:  1# C-->B
32222:  2# C-->A
32223:  1# B-->A
32224:  6# B-->C
32225:  1# A-->C
32226:  2# A-->B
32227:  1# C-->B
32228:  3# A-->C
32229:  1# B-->A
32230:  2# B-->C
32231:  1# A-->C
32232:  4# A-->B
32233:  1# C-->B
32234:  2# C-->A
32235:  1# B-->A
32236:  3# C-->B
32237:  1# A-->C
32238:  2# A-->B
32239:  1# C-->B
32240:  5# A-->C
32241:  1# B-->A
32242:  2# B-->C
32243:  1# A-->C
32244:  3# B-->A
32245:  1# C-->B
32246:  2# C-->A
32247:  1# B-->A
32248:  4# B-->C
32249:  1# A-->C
32250:  2# A-->B
32251:  1# C-->B
32252:  3# A-->C
32253:  1# B-->A
32254:  2# B-->C
32255:  1# A-->C
32256: 10# A-->B
32257:  1# C-->B
32258:  2# C-->A
32259:  1# B-->A
32260:  3# C-->B
32261:  1# A-->C
32262:  2# A-->B
32263:  1# C-->B
32264:  4# C-->A
32265:  1# B-->A
32266:  2# B-->C
32267:  1# A-->C
32268:  3# B-->A
32269:  1# C-->B
32270:  2# C-->A
32271:  1# B-->A
32272:  5# C-->B
32273:  1# A-->C
32274:  2# A-->B
32275:  1# C-->B
32276:  3# A-->C
32277:  1# B-->A
32278:  2# B-->C
32279:  1# A-->C
32280:  4# A-->B
32281:  1# C-->B
32282:  2# C-->A
32283:  1# B-->A
32284:  3# C-->B
32285:  1# A-->C
32286:  2# A-->B
32287:  1# C-->B
32288:  6# C-->A
32289:  1# B-->A
32290:  2# B-->C
32291:  1# A-->C
32292:  3# B-->A
32293:  1# C-->B
32294:  2# C-->A
32295:  1# B-->A
32296:  4# B-->C
32297:  1# A-->C
32298:  2# A-->B
32299:  1# C-->B
32300:  3# A-->C
32301:  1# B-->A
32302:  2# B-->C
32303:  1# A-->C
32304:  5# B-->A
32305:  1# C-->B
32306:  2# C-->A
32307:  1# B-->A
32308:  3# C-->B
32309:  1# A-->C
32310:  2# A-->B
32311:  1# C-->B
32312:  4# C-->A
32313:  1# B-->A
32314:  2# B-->C
32315:  1# A-->C
32316:  3# B-->A
32317:  1# C-->B
32318:  2# C-->A
32319:  1# B-->A
32320:  7# C-->B
32321:  1# A-->C
32322:  2# A-->B
32323:  1# C-->B
32324:  3# A-->C
32325:  1# B-->A
32326:  2# B-->C
32327:  1# A-->C
32328:  4# A-->B
32329:  1# C-->B
32330:  2# C-->A
32331:  1# B-->A
32332:  3# C-->B
32333:  1# A-->C
32334:  2# A-->B
32335:  1# C-->B
32336:  5# A-->C
32337:  1# B-->A
32338:  2# B-->C
32339:  1# A-->C
32340:  3# B-->A
32341:  1# C-->B
32342:  2# C-->A
32343:  1# B-->A
32344:  4# B-->C
32345:  1# A-->C
32346:  2# A-->B
32347:  1# C-->B
32348:  3# A-->C
32349:  1# B-->A
32350:  2# B-->C
32351:  1# A-->C
32352:  6# A-->B
32353:  1# C-->B
32354:  2# C-->A
32355:  1# B-->A
32356:  3# C-->B
32357:  1# A-->C
32358:  2# A-->B
32359:  1# C-->B
32360:  4# C-->A
32361:  1# B-->A
32362:  2# B-->C
32363:  1# A-->C
32364:  3# B-->A
32365:  1# C-->B
32366:  2# C-->A
32367:  1# B-->A
32368:  5# C-->B
32369:  1# A-->C
32370:  2# A-->B
32371:  1# C-->B
32372:  3# A-->C
32373:  1# B-->A
32374:  2# B-->C
32375:  1# A-->C
32376:  4# A-->B
32377:  1# C-->B
32378:  2# C-->A
32379:  1# B-->A
32380:  3# C-->B
32381:  1# A-->C
32382:  2# A-->B
32383:  1# C-->B
32384:  8# C-->A
32385:  1# B-->A
32386:  2# B-->C
32387:  1# A-->C
32388:  3# B-->A
32389:  1# C-->B
32390:  2# C-->A
32391:  1# B-->A
32392:  4# B-->C
32393:  1# A-->C
32394:  2# A-->B
32395:  1# C-->B
32396:  3# A-->C
32397:  1# B-->A
32398:  2# B-->C
32399:  1# A-->C
32400:  5# B-->A
32401:  1# C-->B
32402:  2# C-->A
32403:  1# B-->A
32404:  3# C-->B
32405:  1# A-->C
32406:  2# A-->B
32407:  1# C-->B
32408:  4# C-->A
32409:  1# B-->A
32410:  2# B-->C
32411:  1# A-->C
32412:  3# B-->A
32413:  1# C-->B
32414:  2# C-->A
32415:  1# B-->A
32416:  6# B-->C
32417:  1# A-->C
32418:  2# A-->B
32419:  1# C-->B
32420:  3# A-->C
32421:  1# B-->A
32422:  2# B-->C
32423:  1# A-->C
32424:  4# A-->B
32425:  1# C-->B
32426:  2# C-->A
32427:  1# B-->A
32428:  3# C-->B
32429:  1# A-->C
32430:  2# A-->B
32431:  1# C-->B
32432:  5# A-->C
32433:  1# B-->A
32434:  2# B-->C
32435:  1# A-->C
32436:  3# B-->A
32437:  1# C-->B
32438:  2# C-->A
32439:  1# B-->A
32440:  4# B-->C
32441:  1# A-->C
32442:  2# A-->B
32443:  1# C-->B
32444:  3# A-->C
32445:  1# B-->A
32446:  2# B-->C
32447:  1# A-->C
32448:  7# B-->A
32449:  1# C-->B
32450:  2# C-->A
32451:  1# B-->A
32452:  3# C-->B
32453:  1# A-->C
32454:  2# A-->B
32455:  1# C-->B
32456:  4# C-->A
32457:  1# B-->A
32458:  2# B-->C
32459:  1# A-->C
32460:  3# B-->A
32461:  1# C-->B
32462:  2# C-->A
32463:  1# B-->A
32464:  5# C-->B
32465:  1# A-->C
32466:  2# A-->B
32467:  1# C-->B
32468:  3# A-->C
32469:  1# B-->A
32470:  2# B-->C
32471:  1# A-->C
32472:  4# A-->B
32473:  1# C-->B
32474:  2# C-->A
32475:  1# B-->A
32476:  3# C-->B
32477:  1# A-->C
32478:  2# A-->B
32479:  1# C-->B
32480:  6# C-->A
32481:  1# B-->A
32482:  2# B-->C
32483:  1# A-->C
32484:  3# B-->A
32485:  1# C-->B
32486:  2# C-->A
32487:  1# B-->A
32488:  4# B-->C
32489:  1# A-->C
32490:  2# A-->B
32491:  1# C-->B
32492:  3# A-->C
32493:  1# B-->A
32494:  2# B-->C
32495:  1# A-->C
32496:  5# B-->A
32497:  1# C-->B
32498:  2# C-->A
32499:  1# B-->A
32500:  3# C-->B
32501:  1# A-->C
32502:  2# A-->B
32503:  1# C-->B
32504:  4# C-->A
32505:  1# B-->A
32506:  2# B-->C
32507:  1# A-->C
32508:  3# B-->A
32509:  1# C-->B
32510:  2# C-->A
32511:  1# B-->A
32512:  9# C-->B
32513:  1# A-->C
32514:  2# A-->B
32515:  1# C-->B
32516:  3# A-->C
32517:  1# B-->A
32518:  2# B-->C
32519:  1# A-->C
32520:  4# A-->B
32521:  1# C-->B
32522:  2# C-->A
32523:  1# B-->A
32524:  3# C-->B
32525:  1# A-->C
32526:  2# A-->B
32527:  1# C-->B
32528:  5# A-->C
32529:  1# B-->A
32530:  2# B-->C
32531:  1# A-->C
32532:  3# B-->A
32533:  1# C-->B
32534:  2# C-->A
32535:  1# B-->A
32536:  4# B-->C
32537:  1# A-->C
32538:  2# A-->B
32539:  1# C-->B
32540:  3# A-->C
32541:  1# B-->A
32542:  2# B-->C
32543:  1# A-->C
32544:  6# A-->B
32545:  1# C-->B
32546:  2# C-->A
32547:  1# B-->A
32548:  3# C-->B
32549:  1# A-->C
32550:  2# A-->B
32551:  1# C-->B
32552:  4# C-->A
32553:  1# B-->A
32554:  2# B-->C
32555:  1# A-->C
32556:  3# B-->A
32557:  1# C-->B
32558:  2# C-->A
32559:  1# B-->A
32560:  5# C-->B
32561:  1# A-->C
32562:  2# A-->B
32563:  1# C-->B
32564:  3# A-->C
32565:  1# B-->A
32566:  2# B-->C
32567:  1# A-->C
32568:  4# A-->B
32569:  1# C-->B
32570:  2# C-->A
32571:  1# B-->A
32572:  3# C-->B
32573:  1# A-->C
32574:  2# A-->B
32575:  1# C-->B
32576:  7# A-->C
32577:  1# B-->A
32578:  2# B-->C
32579:  1# A-->C
32580:  3# B-->A
32581:  1# C-->B
32582:  2# C-->A
32583:  1# B-->A
32584:  4# B-->C
32585:  1# A-->C
32586:  2# A-->B
32587:  1# C-->B
32588:  3# A-->C
32589:  1# B-->A
32590:  2# B-->C
32591:  1# A-->C
32592:  5# B-->A
32593:  1# C-->B
32594:  2# C-->A
32595:  1# B-->A
32596:  3# C-->B
32597:  1# A-->C
32598:  2# A-->B
32599:  1# C-->B
32600:  4# C-->A
32601:  1# B-->A
32602:  2# B-->C
32603:  1# A-->C
32604:  3# B-->A
32605:  1# C-->B
32606:  2# C-->A
32607:  1# B-->A
32608:  6# B-->C
32609:  1# A-->C
32610:  2# A-->B
32611:  1# C-->B
32612:  3# A-->C
32613:  1# B-->A
32614:  2# B-->C
32615:  1# A-->C
32616:  4# A-->B
32617:  1# C-->B
32618:  2# C-->A
32619:  1# B-->A
32620:  3# C-->B
32621:  1# A-->C
32622:  2# A-->B
32623:  1# C-->B
32624:  5# A-->C
32625:  1# B-->A
32626:  2# B-->C
32627:  1# A-->C
32628:  3# B-->A
32629:  1# C-->B
32630:  2# C-->A
32631:  1# B-->A
32632:  4# B-->C
32633:  1# A-->C
32634:  2# A-->B
32635:  1# C-->B
32636:  3# A-->C
32637:  1# B-->A
32638:  2# B-->C
32639:  1# A-->C
32640:  8# A-->B
32641:  1# C-->B
32642:  2# C-->A
32643:  1# B-->A
32644:  3# C-->B
32645:  1# A-->C
32646:  2# A-->B
32647:  1# C-->B
32648:  4# C-->A
32649:  1# B-->A
32650:  2# B-->C
32651:  1# A-->C
32652:  3# B-->A
32653:  1# C-->B
32654:  2# C-->A
32655:  1# B-->A
32656:  5# C-->B
32657:  1# A-->C
32658:  2# A-->B
32659:  1# C-->B
32660:  3# A-->C
32661:  1# B-->A
32662:  2# B-->C
32663:  1# A-->C
32664:  4# A-->B
32665:  1# C-->B
32666:  2# C-->A
32667:  1# B-->A
32668:  3# C-->B
32669:  1# A-->C
32670:  2# A-->B
32671:  1# C-->B
32672:  6# C-->A
32673:  1# B-->A
32674:  2# B-->C
32675:  1# A-->C
32676:  3# B-->A
32677:  1# C-->B
32678:  2# C-->A
32679:  1# B-->A
32680:  4# B-->C
32681:  1# A-->C
32682:  2# A-->B
32683:  1# C-->B
32684:  3# A-->C
32685:  1# B-->A
32686:  2# B-->C
32687:  1# A-->C
32688:  5# B-->A
32689:  1# C-->B
32690:  2# C-->A
32691:  1# B-->A
32692:  3# C-->B
32693:  1# A-->C
32694:  2# A-->B
32695:  1# C-->B
32696:  4# C-->A
32697:  1# B-->A
32698:  2# B-->C
32699:  1# A-->C
32700:  3# B-->A
32701:  1# C-->B
32702:  2# C-->A
32703:  1# B-->A
32704:  7# C-->B
32705:  1# A-->C
32706:  2# A-->B
32707:  1# C-->B
32708:  3# A-->C
32709:  1# B-->A
32710:  2# B-->C
32711:  1# A-->C
32712:  4# A-->B
32713:  1# C-->B
32714:  2# C-->A
32715:  1# B-->A
32716:  3# C-->B
32717:  1# A-->C
32718:  2# A-->B
32719:  1# C-->B
32720:  5# A-->C
32721:  1# B-->A
32722:  2# B-->C
32723:  1# A-->C
32724:  3# B-->A
32725:  1# C-->B
32726:  2# C-->A
32727:  1# B-->A
32728:  4# B-->C
32729:  1# A-->C
32730:  2# A-->B
32731:  1# C-->B
32732:  3# A-->C
32733:  1# B-->A
32734:  2# B-->C
32735:  1# A-->C
32736:  6# A-->B
32737:  1# C-->B
32738:  2# C-->A
32739:  1# B-->A
32740:  3# C-->B
32741:  1# A-->C
32742:  2# A-->B
32743:  1# C-->B
32744:  4# C-->A
32745:  1# B-->A
32746:  2# B-->C
32747:  1# A-->C
32748:  3# B-->A
32749:  1# C-->B
32750:  2# C-->A
32751:  1# B-->A
32752:  5# C-->B
32753:  1# A-->C
32754:  2# A-->B
32755:  1# C-->B
32756:  3# A-->C
32757:  1# B-->A
32758:  2# B-->C
32759:  1# A-->C
32760:  4# A-->B
32761:  1# C-->B
32762:  2# C-->A
32763:  1# B-->A
32764:  3# C-->B
32765:  1# A-->C
32766:  2# A-->B
32767:  1# C-->B
